ISO-10303-21;
HEADER;
FILE_DESCRIPTION(('Open CASCADE Model'),'2;1');
FILE_NAME('Open CASCADE Shape Model','2025-12-07T11:46:34',('Author'),(
    'Open CASCADE'),'Open CASCADE STEP processor 7.5','Open CASCADE 7.5'
  ,'Unknown');
FILE_SCHEMA(('AUTOMOTIVE_DESIGN { 1 0 10303 214 1 1 1 1 }'));
ENDSEC;
DATA;
#1 = APPLICATION_PROTOCOL_DEFINITION('international standard',
  'automotive_design',2000,#2);
#2 = APPLICATION_CONTEXT(
  'core data for automotive mechanical design processes');
#3 = SHAPE_DEFINITION_REPRESENTATION(#4,#10);
#4 = PRODUCT_DEFINITION_SHAPE('','',#5);
#5 = PRODUCT_DEFINITION('design','',#6,#9);
#6 = PRODUCT_DEFINITION_FORMATION('','',#7);
#7 = PRODUCT('PCB','PCB','',(#8));
#8 = PRODUCT_CONTEXT('',#2,'mechanical');
#9 = PRODUCT_DEFINITION_CONTEXT('part definition',#2,'design');
#10 = SHAPE_REPRESENTATION('',(#11,#15,#19,#23,#27,#31,#35),#39);
#11 = AXIS2_PLACEMENT_3D('',#12,#13,#14);
#12 = CARTESIAN_POINT('',(0.,0.,0.));
#13 = DIRECTION('',(0.,0.,1.));
#14 = DIRECTION('',(1.,0.,-0.));
#15 = AXIS2_PLACEMENT_3D('',#16,#17,#18);
#16 = CARTESIAN_POINT('',(0.,0.,0.));
#17 = DIRECTION('',(0.,0.,1.));
#18 = DIRECTION('',(1.,0.,-0.));
#19 = AXIS2_PLACEMENT_3D('',#20,#21,#22);
#20 = CARTESIAN_POINT('',(0.,0.,0.));
#21 = DIRECTION('',(0.,0.,1.));
#22 = DIRECTION('',(1.,0.,-0.));
#23 = AXIS2_PLACEMENT_3D('',#24,#25,#26);
#24 = CARTESIAN_POINT('',(0.,0.,0.));
#25 = DIRECTION('',(0.,0.,1.));
#26 = DIRECTION('',(1.,0.,-0.));
#27 = AXIS2_PLACEMENT_3D('',#28,#29,#30);
#28 = CARTESIAN_POINT('',(0.,0.,0.));
#29 = DIRECTION('',(0.,0.,1.));
#30 = DIRECTION('',(1.,0.,-0.));
#31 = AXIS2_PLACEMENT_3D('',#32,#33,#34);
#32 = CARTESIAN_POINT('',(0.,0.,0.));
#33 = DIRECTION('',(0.,0.,1.));
#34 = DIRECTION('',(1.,0.,-0.));
#35 = AXIS2_PLACEMENT_3D('',#36,#37,#38);
#36 = CARTESIAN_POINT('',(0.,0.,0.));
#37 = DIRECTION('',(0.,0.,1.));
#38 = DIRECTION('',(1.,0.,-0.));
#39 = ( GEOMETRIC_REPRESENTATION_CONTEXT(3) 
GLOBAL_UNCERTAINTY_ASSIGNED_CONTEXT((#43)) GLOBAL_UNIT_ASSIGNED_CONTEXT(
(#40,#41,#42)) REPRESENTATION_CONTEXT('Context #1',
  '3D Context with UNIT and UNCERTAINTY') );
#40 = ( LENGTH_UNIT() NAMED_UNIT(*) SI_UNIT(.MILLI.,.METRE.) );
#41 = ( NAMED_UNIT(*) PLANE_ANGLE_UNIT() SI_UNIT($,.RADIAN.) );
#42 = ( NAMED_UNIT(*) SI_UNIT($,.STERADIAN.) SOLID_ANGLE_UNIT() );
#43 = UNCERTAINTY_MEASURE_WITH_UNIT(LENGTH_MEASURE(1.E-07),#40,
  'distance_accuracy_value','confusion accuracy');
#44 = PRODUCT_RELATED_PRODUCT_CATEGORY('part',$,(#7));
#45 = SHAPE_DEFINITION_REPRESENTATION(#46,#52);
#46 = PRODUCT_DEFINITION_SHAPE('','',#47);
#47 = PRODUCT_DEFINITION('design','',#48,#51);
#48 = PRODUCT_DEFINITION_FORMATION('','',#49);
#49 = PRODUCT('Board','Board','',(#50));
#50 = PRODUCT_CONTEXT('',#2,'mechanical');
#51 = PRODUCT_DEFINITION_CONTEXT('part definition',#2,'design');
#52 = SHAPE_REPRESENTATION('',(#11,#53),#57);
#53 = AXIS2_PLACEMENT_3D('',#54,#55,#56);
#54 = CARTESIAN_POINT('',(0.,0.,-1.69143934));
#55 = DIRECTION('',(0.,0.,1.));
#56 = DIRECTION('',(1.,0.,-0.));
#57 = ( GEOMETRIC_REPRESENTATION_CONTEXT(3) 
GLOBAL_UNCERTAINTY_ASSIGNED_CONTEXT((#61)) GLOBAL_UNIT_ASSIGNED_CONTEXT(
(#58,#59,#60)) REPRESENTATION_CONTEXT('Context #1',
  '3D Context with UNIT and UNCERTAINTY') );
#58 = ( LENGTH_UNIT() NAMED_UNIT(*) SI_UNIT(.MILLI.,.METRE.) );
#59 = ( NAMED_UNIT(*) PLANE_ANGLE_UNIT() SI_UNIT($,.RADIAN.) );
#60 = ( NAMED_UNIT(*) SI_UNIT($,.STERADIAN.) SOLID_ANGLE_UNIT() );
#61 = UNCERTAINTY_MEASURE_WITH_UNIT(LENGTH_MEASURE(1.E-07),#58,
  'distance_accuracy_value','confusion accuracy');
#62 = ADVANCED_BREP_SHAPE_REPRESENTATION('',(#11,#63),#213);
#63 = MANIFOLD_SOLID_BREP('',#64);
#64 = CLOSED_SHELL('',(#65,#105,#136,#167,#189,#201));
#65 = ADVANCED_FACE('',(#66),#100,.F.);
#66 = FACE_BOUND('',#67,.F.);
#67 = EDGE_LOOP('',(#68,#78,#86,#94));
#68 = ORIENTED_EDGE('',*,*,#69,.T.);
#69 = EDGE_CURVE('',#70,#72,#74,.T.);
#70 = VERTEX_POINT('',#71);
#71 = CARTESIAN_POINT('',(0.,0.,0.));
#72 = VERTEX_POINT('',#73);
#73 = CARTESIAN_POINT('',(0.,0.,1.69143934));
#74 = LINE('',#75,#76);
#75 = CARTESIAN_POINT('',(0.,0.,0.));
#76 = VECTOR('',#77,1.);
#77 = DIRECTION('',(0.,0.,1.));
#78 = ORIENTED_EDGE('',*,*,#79,.T.);
#79 = EDGE_CURVE('',#72,#80,#82,.T.);
#80 = VERTEX_POINT('',#81);
#81 = CARTESIAN_POINT('',(18.5,0.,1.69143934));
#82 = LINE('',#83,#84);
#83 = CARTESIAN_POINT('',(0.,0.,1.69143934));
#84 = VECTOR('',#85,1.);
#85 = DIRECTION('',(1.,0.,0.));
#86 = ORIENTED_EDGE('',*,*,#87,.F.);
#87 = EDGE_CURVE('',#88,#80,#90,.T.);
#88 = VERTEX_POINT('',#89);
#89 = CARTESIAN_POINT('',(18.5,0.,0.));
#90 = LINE('',#91,#92);
#91 = CARTESIAN_POINT('',(18.5,0.,0.));
#92 = VECTOR('',#93,1.);
#93 = DIRECTION('',(0.,0.,1.));
#94 = ORIENTED_EDGE('',*,*,#95,.F.);
#95 = EDGE_CURVE('',#70,#88,#96,.T.);
#96 = LINE('',#97,#98);
#97 = CARTESIAN_POINT('',(0.,0.,0.));
#98 = VECTOR('',#99,1.);
#99 = DIRECTION('',(1.,0.,0.));
#100 = PLANE('',#101);
#101 = AXIS2_PLACEMENT_3D('',#102,#103,#104);
#102 = CARTESIAN_POINT('',(0.,0.,0.));
#103 = DIRECTION('',(0.,1.,0.));
#104 = DIRECTION('',(1.,0.,0.));
#105 = ADVANCED_FACE('',(#106),#131,.F.);
#106 = FACE_BOUND('',#107,.F.);
#107 = EDGE_LOOP('',(#108,#109,#117,#125));
#108 = ORIENTED_EDGE('',*,*,#87,.T.);
#109 = ORIENTED_EDGE('',*,*,#110,.T.);
#110 = EDGE_CURVE('',#80,#111,#113,.T.);
#111 = VERTEX_POINT('',#112);
#112 = CARTESIAN_POINT('',(18.5,16.,1.69143934));
#113 = LINE('',#114,#115);
#114 = CARTESIAN_POINT('',(18.5,0.,1.69143934));
#115 = VECTOR('',#116,1.);
#116 = DIRECTION('',(0.,1.,0.));
#117 = ORIENTED_EDGE('',*,*,#118,.F.);
#118 = EDGE_CURVE('',#119,#111,#121,.T.);
#119 = VERTEX_POINT('',#120);
#120 = CARTESIAN_POINT('',(18.5,16.,0.));
#121 = LINE('',#122,#123);
#122 = CARTESIAN_POINT('',(18.5,16.,0.));
#123 = VECTOR('',#124,1.);
#124 = DIRECTION('',(0.,0.,1.));
#125 = ORIENTED_EDGE('',*,*,#126,.F.);
#126 = EDGE_CURVE('',#88,#119,#127,.T.);
#127 = LINE('',#128,#129);
#128 = CARTESIAN_POINT('',(18.5,0.,0.));
#129 = VECTOR('',#130,1.);
#130 = DIRECTION('',(0.,1.,0.));
#131 = PLANE('',#132);
#132 = AXIS2_PLACEMENT_3D('',#133,#134,#135);
#133 = CARTESIAN_POINT('',(18.5,0.,0.));
#134 = DIRECTION('',(-1.,0.,0.));
#135 = DIRECTION('',(0.,1.,0.));
#136 = ADVANCED_FACE('',(#137),#162,.F.);
#137 = FACE_BOUND('',#138,.F.);
#138 = EDGE_LOOP('',(#139,#140,#148,#156));
#139 = ORIENTED_EDGE('',*,*,#118,.T.);
#140 = ORIENTED_EDGE('',*,*,#141,.T.);
#141 = EDGE_CURVE('',#111,#142,#144,.T.);
#142 = VERTEX_POINT('',#143);
#143 = CARTESIAN_POINT('',(0.,16.,1.69143934));
#144 = LINE('',#145,#146);
#145 = CARTESIAN_POINT('',(18.5,16.,1.69143934));
#146 = VECTOR('',#147,1.);
#147 = DIRECTION('',(-1.,0.,0.));
#148 = ORIENTED_EDGE('',*,*,#149,.F.);
#149 = EDGE_CURVE('',#150,#142,#152,.T.);
#150 = VERTEX_POINT('',#151);
#151 = CARTESIAN_POINT('',(0.,16.,0.));
#152 = LINE('',#153,#154);
#153 = CARTESIAN_POINT('',(0.,16.,0.));
#154 = VECTOR('',#155,1.);
#155 = DIRECTION('',(0.,0.,1.));
#156 = ORIENTED_EDGE('',*,*,#157,.F.);
#157 = EDGE_CURVE('',#119,#150,#158,.T.);
#158 = LINE('',#159,#160);
#159 = CARTESIAN_POINT('',(18.5,16.,0.));
#160 = VECTOR('',#161,1.);
#161 = DIRECTION('',(-1.,0.,0.));
#162 = PLANE('',#163);
#163 = AXIS2_PLACEMENT_3D('',#164,#165,#166);
#164 = CARTESIAN_POINT('',(18.5,16.,0.));
#165 = DIRECTION('',(0.,-1.,0.));
#166 = DIRECTION('',(-1.,0.,0.));
#167 = ADVANCED_FACE('',(#168),#184,.F.);
#168 = FACE_BOUND('',#169,.F.);
#169 = EDGE_LOOP('',(#170,#171,#177,#178));
#170 = ORIENTED_EDGE('',*,*,#149,.T.);
#171 = ORIENTED_EDGE('',*,*,#172,.T.);
#172 = EDGE_CURVE('',#142,#72,#173,.T.);
#173 = LINE('',#174,#175);
#174 = CARTESIAN_POINT('',(0.,16.,1.69143934));
#175 = VECTOR('',#176,1.);
#176 = DIRECTION('',(0.,-1.,0.));
#177 = ORIENTED_EDGE('',*,*,#69,.F.);
#178 = ORIENTED_EDGE('',*,*,#179,.F.);
#179 = EDGE_CURVE('',#150,#70,#180,.T.);
#180 = LINE('',#181,#182);
#181 = CARTESIAN_POINT('',(0.,16.,0.));
#182 = VECTOR('',#183,1.);
#183 = DIRECTION('',(0.,-1.,0.));
#184 = PLANE('',#185);
#185 = AXIS2_PLACEMENT_3D('',#186,#187,#188);
#186 = CARTESIAN_POINT('',(0.,16.,0.));
#187 = DIRECTION('',(1.,0.,-0.));
#188 = DIRECTION('',(0.,-1.,0.));
#189 = ADVANCED_FACE('',(#190),#196,.F.);
#190 = FACE_BOUND('',#191,.F.);
#191 = EDGE_LOOP('',(#192,#193,#194,#195));
#192 = ORIENTED_EDGE('',*,*,#95,.T.);
#193 = ORIENTED_EDGE('',*,*,#126,.T.);
#194 = ORIENTED_EDGE('',*,*,#157,.T.);
#195 = ORIENTED_EDGE('',*,*,#179,.T.);
#196 = PLANE('',#197);
#197 = AXIS2_PLACEMENT_3D('',#198,#199,#200);
#198 = CARTESIAN_POINT('',(9.25,8.,0.));
#199 = DIRECTION('',(0.,0.,1.));
#200 = DIRECTION('',(1.,0.,-0.));
#201 = ADVANCED_FACE('',(#202),#208,.T.);
#202 = FACE_BOUND('',#203,.T.);
#203 = EDGE_LOOP('',(#204,#205,#206,#207));
#204 = ORIENTED_EDGE('',*,*,#79,.T.);
#205 = ORIENTED_EDGE('',*,*,#110,.T.);
#206 = ORIENTED_EDGE('',*,*,#141,.T.);
#207 = ORIENTED_EDGE('',*,*,#172,.T.);
#208 = PLANE('',#209);
#209 = AXIS2_PLACEMENT_3D('',#210,#211,#212);
#210 = CARTESIAN_POINT('',(9.25,8.,1.69143934));
#211 = DIRECTION('',(0.,0.,1.));
#212 = DIRECTION('',(1.,0.,-0.));
#213 = ( GEOMETRIC_REPRESENTATION_CONTEXT(3) 
GLOBAL_UNCERTAINTY_ASSIGNED_CONTEXT((#217)) GLOBAL_UNIT_ASSIGNED_CONTEXT
((#214,#215,#216)) REPRESENTATION_CONTEXT('Context #1',
  '3D Context with UNIT and UNCERTAINTY') );
#214 = ( LENGTH_UNIT() NAMED_UNIT(*) SI_UNIT(.MILLI.,.METRE.) );
#215 = ( NAMED_UNIT(*) PLANE_ANGLE_UNIT() SI_UNIT($,.RADIAN.) );
#216 = ( NAMED_UNIT(*) SI_UNIT($,.STERADIAN.) SOLID_ANGLE_UNIT() );
#217 = UNCERTAINTY_MEASURE_WITH_UNIT(LENGTH_MEASURE(1.E-07),#214,
  'distance_accuracy_value','confusion accuracy');
#218 = SHAPE_DEFINITION_REPRESENTATION(#219,#62);
#219 = PRODUCT_DEFINITION_SHAPE('','',#220);
#220 = PRODUCT_DEFINITION('design','',#221,#224);
#221 = PRODUCT_DEFINITION_FORMATION('','',#222);
#222 = PRODUCT('Open CASCADE STEP translator 7.5 1.1.1',
  'Open CASCADE STEP translator 7.5 1.1.1','',(#223));
#223 = PRODUCT_CONTEXT('',#2,'mechanical');
#224 = PRODUCT_DEFINITION_CONTEXT('part definition',#2,'design');
#225 = CONTEXT_DEPENDENT_SHAPE_REPRESENTATION(#226,#228);
#226 = ( REPRESENTATION_RELATIONSHIP('','',#62,#52) 
REPRESENTATION_RELATIONSHIP_WITH_TRANSFORMATION(#227) 
SHAPE_REPRESENTATION_RELATIONSHIP() );
#227 = ITEM_DEFINED_TRANSFORMATION('','',#11,#53);
#228 = PRODUCT_DEFINITION_SHAPE('Placement','Placement of an item',#229
  );
#229 = NEXT_ASSEMBLY_USAGE_OCCURRENCE('1','','',#47,#220,$);
#230 = PRODUCT_RELATED_PRODUCT_CATEGORY('part',$,(#222));
#231 = CONTEXT_DEPENDENT_SHAPE_REPRESENTATION(#232,#234);
#232 = ( REPRESENTATION_RELATIONSHIP('','',#52,#10) 
REPRESENTATION_RELATIONSHIP_WITH_TRANSFORMATION(#233) 
SHAPE_REPRESENTATION_RELATIONSHIP() );
#233 = ITEM_DEFINED_TRANSFORMATION('','',#11,#15);
#234 = PRODUCT_DEFINITION_SHAPE('Placement','Placement of an item',#235
  );
#235 = NEXT_ASSEMBLY_USAGE_OCCURRENCE('2','','',#5,#47,$);
#236 = PRODUCT_RELATED_PRODUCT_CATEGORY('part',$,(#49));
#237 = SHAPE_DEFINITION_REPRESENTATION(#238,#244);
#238 = PRODUCT_DEFINITION_SHAPE('','',#239);
#239 = PRODUCT_DEFINITION('design','',#240,#243);
#240 = PRODUCT_DEFINITION_FORMATION('','',#241);
#241 = PRODUCT('R2','R2','',(#242));
#242 = PRODUCT_CONTEXT('',#2,'mechanical');
#243 = PRODUCT_DEFINITION_CONTEXT('part definition',#2,'design');
#244 = SHAPE_REPRESENTATION('',(#11,#245),#249);
#245 = AXIS2_PLACEMENT_3D('',#246,#247,#248);
#246 = CARTESIAN_POINT('',(7.49999996,11.4999992,-1.704139351845));
#247 = DIRECTION('',(-1.,1.192487681713E-08,4.371138932924E-08));
#248 = DIRECTION('',(1.19248806385E-08,1.,8.742277657348E-08));
#249 = ( GEOMETRIC_REPRESENTATION_CONTEXT(3) 
GLOBAL_UNCERTAINTY_ASSIGNED_CONTEXT((#253)) GLOBAL_UNIT_ASSIGNED_CONTEXT
((#250,#251,#252)) REPRESENTATION_CONTEXT('Context #1',
  '3D Context with UNIT and UNCERTAINTY') );
#250 = ( LENGTH_UNIT() NAMED_UNIT(*) SI_UNIT(.MILLI.,.METRE.) );
#251 = ( NAMED_UNIT(*) PLANE_ANGLE_UNIT() SI_UNIT($,.RADIAN.) );
#252 = ( NAMED_UNIT(*) SI_UNIT($,.STERADIAN.) SOLID_ANGLE_UNIT() );
#253 = UNCERTAINTY_MEASURE_WITH_UNIT(LENGTH_MEASURE(1.E-07),#250,
  'distance_accuracy_value','confusion accuracy');
#254 = SHAPE_REPRESENTATION('',(#11,#255,#405,#555,#969),#1383);
#255 = MANIFOLD_SOLID_BREP('',#256);
#256 = CLOSED_SHELL('',(#257,#297,#337,#359,#376,#393));
#257 = ADVANCED_FACE('',(#258),#292,.T.);
#258 = FACE_BOUND('',#259,.T.);
#259 = EDGE_LOOP('',(#260,#270,#278,#286));
#260 = ORIENTED_EDGE('',*,*,#261,.F.);
#261 = EDGE_CURVE('',#262,#264,#266,.T.);
#262 = VERTEX_POINT('',#263);
#263 = CARTESIAN_POINT('',(-0.97,0.57,-0.625));
#264 = VERTEX_POINT('',#265);
#265 = CARTESIAN_POINT('',(-0.97,3.E-02,-0.625));
#266 = LINE('',#267,#268);
#267 = CARTESIAN_POINT('',(-0.97,3.E-02,-0.625));
#268 = VECTOR('',#269,1.);
#269 = DIRECTION('',(0.,-1.,0.));
#270 = ORIENTED_EDGE('',*,*,#271,.F.);
#271 = EDGE_CURVE('',#272,#262,#274,.T.);
#272 = VERTEX_POINT('',#273);
#273 = CARTESIAN_POINT('',(0.97,0.57,-0.625));
#274 = LINE('',#275,#276);
#275 = CARTESIAN_POINT('',(-0.97,0.57,-0.625));
#276 = VECTOR('',#277,1.);
#277 = DIRECTION('',(-1.,0.,0.));
#278 = ORIENTED_EDGE('',*,*,#279,.F.);
#279 = EDGE_CURVE('',#280,#272,#282,.T.);
#280 = VERTEX_POINT('',#281);
#281 = CARTESIAN_POINT('',(0.97,3.E-02,-0.625));
#282 = LINE('',#283,#284);
#283 = CARTESIAN_POINT('',(0.97,3.E-02,-0.625));
#284 = VECTOR('',#285,1.);
#285 = DIRECTION('',(0.,1.,0.));
#286 = ORIENTED_EDGE('',*,*,#287,.F.);
#287 = EDGE_CURVE('',#264,#280,#288,.T.);
#288 = LINE('',#289,#290);
#289 = CARTESIAN_POINT('',(-0.97,3.E-02,-0.625));
#290 = VECTOR('',#291,1.);
#291 = DIRECTION('',(1.,-1.74645968506E-18,0.));
#292 = PLANE('',#293);
#293 = AXIS2_PLACEMENT_3D('',#294,#295,#296);
#294 = CARTESIAN_POINT('',(0.,0.,-0.625));
#295 = DIRECTION('',(0.,0.,-1.));
#296 = DIRECTION('',(-1.,0.,-0.));
#297 = ADVANCED_FACE('',(#298),#332,.F.);
#298 = FACE_BOUND('',#299,.T.);
#299 = EDGE_LOOP('',(#300,#310,#318,#326));
#300 = ORIENTED_EDGE('',*,*,#301,.T.);
#301 = EDGE_CURVE('',#302,#304,#306,.T.);
#302 = VERTEX_POINT('',#303);
#303 = CARTESIAN_POINT('',(-0.97,0.57,0.625));
#304 = VERTEX_POINT('',#305);
#305 = CARTESIAN_POINT('',(-0.97,3.E-02,0.625));
#306 = LINE('',#307,#308);
#307 = CARTESIAN_POINT('',(-0.97,3.E-02,0.625));
#308 = VECTOR('',#309,1.);
#309 = DIRECTION('',(-0.,-1.,-0.));
#310 = ORIENTED_EDGE('',*,*,#311,.T.);
#311 = EDGE_CURVE('',#304,#312,#314,.T.);
#312 = VERTEX_POINT('',#313);
#313 = CARTESIAN_POINT('',(0.97,3.E-02,0.625));
#314 = LINE('',#315,#316);
#315 = CARTESIAN_POINT('',(-0.97,3.E-02,0.625));
#316 = VECTOR('',#317,1.);
#317 = DIRECTION('',(1.,-1.74645968506E-18,0.));
#318 = ORIENTED_EDGE('',*,*,#319,.T.);
#319 = EDGE_CURVE('',#312,#320,#322,.T.);
#320 = VERTEX_POINT('',#321);
#321 = CARTESIAN_POINT('',(0.97,0.57,0.625));
#322 = LINE('',#323,#324);
#323 = CARTESIAN_POINT('',(0.97,3.E-02,0.625));
#324 = VECTOR('',#325,1.);
#325 = DIRECTION('',(0.,1.,0.));
#326 = ORIENTED_EDGE('',*,*,#327,.T.);
#327 = EDGE_CURVE('',#320,#302,#328,.T.);
#328 = LINE('',#329,#330);
#329 = CARTESIAN_POINT('',(-0.97,0.57,0.625));
#330 = VECTOR('',#331,1.);
#331 = DIRECTION('',(-1.,-0.,-0.));
#332 = PLANE('',#333);
#333 = AXIS2_PLACEMENT_3D('',#334,#335,#336);
#334 = CARTESIAN_POINT('',(0.,0.,0.625));
#335 = DIRECTION('',(0.,0.,-1.));
#336 = DIRECTION('',(-1.,0.,-0.));
#337 = ADVANCED_FACE('',(#338),#354,.T.);
#338 = FACE_BOUND('',#339,.T.);
#339 = EDGE_LOOP('',(#340,#346,#347,#353));
#340 = ORIENTED_EDGE('',*,*,#341,.F.);
#341 = EDGE_CURVE('',#264,#304,#342,.T.);
#342 = LINE('',#343,#344);
#343 = CARTESIAN_POINT('',(-0.97,3.E-02,-2.638752715703));
#344 = VECTOR('',#345,1.);
#345 = DIRECTION('',(0.,0.,1.));
#346 = ORIENTED_EDGE('',*,*,#287,.T.);
#347 = ORIENTED_EDGE('',*,*,#348,.T.);
#348 = EDGE_CURVE('',#280,#312,#349,.T.);
#349 = LINE('',#350,#351);
#350 = CARTESIAN_POINT('',(0.97,3.E-02,-2.638752715703));
#351 = VECTOR('',#352,1.);
#352 = DIRECTION('',(0.,0.,1.));
#353 = ORIENTED_EDGE('',*,*,#311,.F.);
#354 = PLANE('',#355);
#355 = AXIS2_PLACEMENT_3D('',#356,#357,#358);
#356 = CARTESIAN_POINT('',(-0.97,3.E-02,-2.638752715703));
#357 = DIRECTION('',(-1.74645968506E-18,-1.,0.));
#358 = DIRECTION('',(1.,-1.74645968506E-18,0.));
#359 = ADVANCED_FACE('',(#360),#371,.T.);
#360 = FACE_BOUND('',#361,.T.);
#361 = EDGE_LOOP('',(#362,#363,#364,#370));
#362 = ORIENTED_EDGE('',*,*,#348,.F.);
#363 = ORIENTED_EDGE('',*,*,#279,.T.);
#364 = ORIENTED_EDGE('',*,*,#365,.T.);
#365 = EDGE_CURVE('',#272,#320,#366,.T.);
#366 = LINE('',#367,#368);
#367 = CARTESIAN_POINT('',(0.97,0.57,-2.638752715703));
#368 = VECTOR('',#369,1.);
#369 = DIRECTION('',(0.,0.,1.));
#370 = ORIENTED_EDGE('',*,*,#319,.F.);
#371 = PLANE('',#372);
#372 = AXIS2_PLACEMENT_3D('',#373,#374,#375);
#373 = CARTESIAN_POINT('',(0.97,3.E-02,-2.638752715703));
#374 = DIRECTION('',(1.,0.,0.));
#375 = DIRECTION('',(0.,0.,-1.));
#376 = ADVANCED_FACE('',(#377),#388,.T.);
#377 = FACE_BOUND('',#378,.T.);
#378 = EDGE_LOOP('',(#379,#380,#381,#387));
#379 = ORIENTED_EDGE('',*,*,#365,.F.);
#380 = ORIENTED_EDGE('',*,*,#271,.T.);
#381 = ORIENTED_EDGE('',*,*,#382,.T.);
#382 = EDGE_CURVE('',#262,#302,#383,.T.);
#383 = LINE('',#384,#385);
#384 = CARTESIAN_POINT('',(-0.97,0.57,-2.638752715703));
#385 = VECTOR('',#386,1.);
#386 = DIRECTION('',(0.,0.,1.));
#387 = ORIENTED_EDGE('',*,*,#327,.F.);
#388 = PLANE('',#389);
#389 = AXIS2_PLACEMENT_3D('',#390,#391,#392);
#390 = CARTESIAN_POINT('',(-0.97,0.57,-2.638752715703));
#391 = DIRECTION('',(0.,1.,0.));
#392 = DIRECTION('',(0.,-0.,1.));
#393 = ADVANCED_FACE('',(#394),#400,.T.);
#394 = FACE_BOUND('',#395,.T.);
#395 = EDGE_LOOP('',(#396,#397,#398,#399));
#396 = ORIENTED_EDGE('',*,*,#382,.F.);
#397 = ORIENTED_EDGE('',*,*,#261,.T.);
#398 = ORIENTED_EDGE('',*,*,#341,.T.);
#399 = ORIENTED_EDGE('',*,*,#301,.F.);
#400 = PLANE('',#401);
#401 = AXIS2_PLACEMENT_3D('',#402,#403,#404);
#402 = CARTESIAN_POINT('',(-0.97,3.E-02,-2.638752715703));
#403 = DIRECTION('',(-1.,0.,0.));
#404 = DIRECTION('',(0.,0.,1.));
#405 = MANIFOLD_SOLID_BREP('',#406);
#406 = CLOSED_SHELL('',(#407,#447,#478,#509,#531,#543));
#407 = ADVANCED_FACE('',(#408),#442,.T.);
#408 = FACE_BOUND('',#409,.T.);
#409 = EDGE_LOOP('',(#410,#420,#428,#436));
#410 = ORIENTED_EDGE('',*,*,#411,.F.);
#411 = EDGE_CURVE('',#412,#414,#416,.T.);
#412 = VERTEX_POINT('',#413);
#413 = CARTESIAN_POINT('',(-0.65,0.57,0.625));
#414 = VERTEX_POINT('',#415);
#415 = CARTESIAN_POINT('',(-0.65,0.57,-0.625));
#416 = LINE('',#417,#418);
#417 = CARTESIAN_POINT('',(-0.65,0.57,-0.625));
#418 = VECTOR('',#419,1.);
#419 = DIRECTION('',(-1.734723475977E-16,0.,-1.));
#420 = ORIENTED_EDGE('',*,*,#421,.T.);
#421 = EDGE_CURVE('',#412,#422,#424,.T.);
#422 = VERTEX_POINT('',#423);
#423 = CARTESIAN_POINT('',(-0.65,0.6,0.625));
#424 = LINE('',#425,#426);
#425 = CARTESIAN_POINT('',(-0.65,-1.233468879687,0.625));
#426 = VECTOR('',#427,1.);
#427 = DIRECTION('',(9.856383386232E-17,1.,0.));
#428 = ORIENTED_EDGE('',*,*,#429,.F.);
#429 = EDGE_CURVE('',#430,#422,#432,.T.);
#430 = VERTEX_POINT('',#431);
#431 = CARTESIAN_POINT('',(-0.65,0.6,-0.625));
#432 = LINE('',#433,#434);
#433 = CARTESIAN_POINT('',(-0.65,0.6,-0.625));
#434 = VECTOR('',#435,1.);
#435 = DIRECTION('',(1.734723475977E-16,0.,1.));
#436 = ORIENTED_EDGE('',*,*,#437,.F.);
#437 = EDGE_CURVE('',#414,#430,#438,.T.);
#438 = LINE('',#439,#440);
#439 = CARTESIAN_POINT('',(-0.65,-1.233468879687,-0.625));
#440 = VECTOR('',#441,1.);
#441 = DIRECTION('',(9.856383386232E-17,1.,0.));
#442 = PLANE('',#443);
#443 = AXIS2_PLACEMENT_3D('',#444,#445,#446);
#444 = CARTESIAN_POINT('',(-0.65,-1.233468879687,-0.625));
#445 = DIRECTION('',(-1.,9.856383386232E-17,1.734723475977E-16));
#446 = DIRECTION('',(1.734723475977E-16,0.,1.));
#447 = ADVANCED_FACE('',(#448),#473,.T.);
#448 = FACE_BOUND('',#449,.T.);
#449 = EDGE_LOOP('',(#450,#458,#459,#467));
#450 = ORIENTED_EDGE('',*,*,#451,.F.);
#451 = EDGE_CURVE('',#414,#452,#454,.T.);
#452 = VERTEX_POINT('',#453);
#453 = CARTESIAN_POINT('',(0.65,0.57,-0.625));
#454 = LINE('',#455,#456);
#455 = CARTESIAN_POINT('',(-0.65,0.57,-0.625));
#456 = VECTOR('',#457,1.);
#457 = DIRECTION('',(1.,-0.,0.));
#458 = ORIENTED_EDGE('',*,*,#437,.T.);
#459 = ORIENTED_EDGE('',*,*,#460,.F.);
#460 = EDGE_CURVE('',#461,#430,#463,.T.);
#461 = VERTEX_POINT('',#462);
#462 = CARTESIAN_POINT('',(0.65,0.6,-0.625));
#463 = LINE('',#464,#465);
#464 = CARTESIAN_POINT('',(-0.65,0.6,-0.625));
#465 = VECTOR('',#466,1.);
#466 = DIRECTION('',(-1.,1.668003342285E-16,-0.));
#467 = ORIENTED_EDGE('',*,*,#468,.F.);
#468 = EDGE_CURVE('',#452,#461,#469,.T.);
#469 = LINE('',#470,#471);
#470 = CARTESIAN_POINT('',(0.65,-1.233468879687,-0.625));
#471 = VECTOR('',#472,1.);
#472 = DIRECTION('',(9.856383386232E-17,1.,0.));
#473 = PLANE('',#474);
#474 = AXIS2_PLACEMENT_3D('',#475,#476,#477);
#475 = CARTESIAN_POINT('',(-0.65,-1.233468879687,-0.625));
#476 = DIRECTION('',(0.,0.,-1.));
#477 = DIRECTION('',(-1.,0.,-0.));
#478 = ADVANCED_FACE('',(#479),#504,.T.);
#479 = FACE_BOUND('',#480,.T.);
#480 = EDGE_LOOP('',(#481,#489,#490,#498));
#481 = ORIENTED_EDGE('',*,*,#482,.F.);
#482 = EDGE_CURVE('',#452,#483,#485,.T.);
#483 = VERTEX_POINT('',#484);
#484 = CARTESIAN_POINT('',(0.65,0.57,0.625));
#485 = LINE('',#486,#487);
#486 = CARTESIAN_POINT('',(0.65,0.57,-0.625));
#487 = VECTOR('',#488,1.);
#488 = DIRECTION('',(1.734723475977E-16,0.,1.));
#489 = ORIENTED_EDGE('',*,*,#468,.T.);
#490 = ORIENTED_EDGE('',*,*,#491,.F.);
#491 = EDGE_CURVE('',#492,#461,#494,.T.);
#492 = VERTEX_POINT('',#493);
#493 = CARTESIAN_POINT('',(0.65,0.6,0.625));
#494 = LINE('',#495,#496);
#495 = CARTESIAN_POINT('',(0.65,0.6,-0.625));
#496 = VECTOR('',#497,1.);
#497 = DIRECTION('',(-1.734723475977E-16,-0.,-1.));
#498 = ORIENTED_EDGE('',*,*,#499,.F.);
#499 = EDGE_CURVE('',#483,#492,#500,.T.);
#500 = LINE('',#501,#502);
#501 = CARTESIAN_POINT('',(0.65,-1.233468879687,0.625));
#502 = VECTOR('',#503,1.);
#503 = DIRECTION('',(9.856383386232E-17,1.,0.));
#504 = PLANE('',#505);
#505 = AXIS2_PLACEMENT_3D('',#506,#507,#508);
#506 = CARTESIAN_POINT('',(0.65,-1.233468879687,-0.625));
#507 = DIRECTION('',(1.,-9.856383386232E-17,-1.734723475977E-16));
#508 = DIRECTION('',(-1.734723475977E-16,0.,-1.));
#509 = ADVANCED_FACE('',(#510),#526,.T.);
#510 = FACE_BOUND('',#511,.T.);
#511 = EDGE_LOOP('',(#512,#518,#519,#525));
#512 = ORIENTED_EDGE('',*,*,#513,.F.);
#513 = EDGE_CURVE('',#483,#412,#514,.T.);
#514 = LINE('',#515,#516);
#515 = CARTESIAN_POINT('',(-0.65,0.57,0.625));
#516 = VECTOR('',#517,1.);
#517 = DIRECTION('',(-1.,0.,-0.));
#518 = ORIENTED_EDGE('',*,*,#499,.T.);
#519 = ORIENTED_EDGE('',*,*,#520,.F.);
#520 = EDGE_CURVE('',#422,#492,#521,.T.);
#521 = LINE('',#522,#523);
#522 = CARTESIAN_POINT('',(-0.65,0.6,0.625));
#523 = VECTOR('',#524,1.);
#524 = DIRECTION('',(1.,-1.668003342285E-16,0.));
#525 = ORIENTED_EDGE('',*,*,#421,.F.);
#526 = PLANE('',#527);
#527 = AXIS2_PLACEMENT_3D('',#528,#529,#530);
#528 = CARTESIAN_POINT('',(-0.65,-1.233468879687,0.625));
#529 = DIRECTION('',(-0.,0.,1.));
#530 = DIRECTION('',(1.,0.,0.));
#531 = ADVANCED_FACE('',(#532),#538,.T.);
#532 = FACE_BOUND('',#533,.T.);
#533 = EDGE_LOOP('',(#534,#535,#536,#537));
#534 = ORIENTED_EDGE('',*,*,#429,.T.);
#535 = ORIENTED_EDGE('',*,*,#520,.T.);
#536 = ORIENTED_EDGE('',*,*,#491,.T.);
#537 = ORIENTED_EDGE('',*,*,#460,.T.);
#538 = PLANE('',#539);
#539 = AXIS2_PLACEMENT_3D('',#540,#541,#542);
#540 = CARTESIAN_POINT('',(1.000802005371E-16,0.6,-1.736114733522E-32));
#541 = DIRECTION('',(1.668003342285E-16,1.,-2.89352455587E-32));
#542 = DIRECTION('',(-1.,1.668003342285E-16,0.));
#543 = ADVANCED_FACE('',(#544),#550,.F.);
#544 = FACE_BOUND('',#545,.T.);
#545 = EDGE_LOOP('',(#546,#547,#548,#549));
#546 = ORIENTED_EDGE('',*,*,#411,.T.);
#547 = ORIENTED_EDGE('',*,*,#451,.T.);
#548 = ORIENTED_EDGE('',*,*,#482,.T.);
#549 = ORIENTED_EDGE('',*,*,#513,.T.);
#550 = PLANE('',#551);
#551 = AXIS2_PLACEMENT_3D('',#552,#553,#554);
#552 = CARTESIAN_POINT('',(-0.97,0.57,-2.638752715703));
#553 = DIRECTION('',(0.,1.,0.));
#554 = DIRECTION('',(0.,-0.,1.));
#555 = MANIFOLD_SOLID_BREP('',#556);
#556 = CLOSED_SHELL('',(#557,#597,#628,#659,#722,#753,#816,#847,#869,
    #890,#911,#928,#940,#957));
#557 = ADVANCED_FACE('',(#558),#592,.F.);
#558 = FACE_BOUND('',#559,.T.);
#559 = EDGE_LOOP('',(#560,#570,#578,#586));
#560 = ORIENTED_EDGE('',*,*,#561,.T.);
#561 = EDGE_CURVE('',#562,#564,#566,.T.);
#562 = VERTEX_POINT('',#563);
#563 = CARTESIAN_POINT('',(-0.65,0.,-0.625));
#564 = VERTEX_POINT('',#565);
#565 = CARTESIAN_POINT('',(-0.65,3.E-02,-0.625));
#566 = LINE('',#567,#568);
#567 = CARTESIAN_POINT('',(-0.65,3.E-02,-0.625));
#568 = VECTOR('',#569,1.);
#569 = DIRECTION('',(-0.,1.,-0.));
#570 = ORIENTED_EDGE('',*,*,#571,.F.);
#571 = EDGE_CURVE('',#572,#564,#574,.T.);
#572 = VERTEX_POINT('',#573);
#573 = CARTESIAN_POINT('',(-0.65,3.E-02,0.625));
#574 = LINE('',#575,#576);
#575 = CARTESIAN_POINT('',(-0.65,3.E-02,0.625));
#576 = VECTOR('',#577,1.);
#577 = DIRECTION('',(-0.,-0.,-1.));
#578 = ORIENTED_EDGE('',*,*,#579,.F.);
#579 = EDGE_CURVE('',#580,#572,#582,.T.);
#580 = VERTEX_POINT('',#581);
#581 = CARTESIAN_POINT('',(-0.65,0.,0.625));
#582 = LINE('',#583,#584);
#583 = CARTESIAN_POINT('',(-0.65,3.E-02,0.625));
#584 = VECTOR('',#585,1.);
#585 = DIRECTION('',(-0.,1.,-0.));
#586 = ORIENTED_EDGE('',*,*,#587,.T.);
#587 = EDGE_CURVE('',#580,#562,#588,.T.);
#588 = LINE('',#589,#590);
#589 = CARTESIAN_POINT('',(-0.65,0.,0.625));
#590 = VECTOR('',#591,1.);
#591 = DIRECTION('',(-0.,-0.,-1.));
#592 = PLANE('',#593);
#593 = AXIS2_PLACEMENT_3D('',#594,#595,#596);
#594 = CARTESIAN_POINT('',(-0.65,3.E-02,0.625));
#595 = DIRECTION('',(-1.,0.,0.));
#596 = DIRECTION('',(0.,0.,1.));
#597 = ADVANCED_FACE('',(#598),#623,.F.);
#598 = FACE_BOUND('',#599,.T.);
#599 = EDGE_LOOP('',(#600,#608,#616,#622));
#600 = ORIENTED_EDGE('',*,*,#601,.T.);
#601 = EDGE_CURVE('',#564,#602,#604,.T.);
#602 = VERTEX_POINT('',#603);
#603 = CARTESIAN_POINT('',(-0.97,3.E-02,-0.625));
#604 = LINE('',#605,#606);
#605 = CARTESIAN_POINT('',(-0.65,3.E-02,-0.625));
#606 = VECTOR('',#607,1.);
#607 = DIRECTION('',(-1.,-1.164670302475E-16,0.));
#608 = ORIENTED_EDGE('',*,*,#609,.F.);
#609 = EDGE_CURVE('',#610,#602,#612,.T.);
#610 = VERTEX_POINT('',#611);
#611 = CARTESIAN_POINT('',(-0.97,3.E-02,0.625));
#612 = LINE('',#613,#614);
#613 = CARTESIAN_POINT('',(-0.97,3.E-02,0.625));
#614 = VECTOR('',#615,1.);
#615 = DIRECTION('',(-0.,-0.,-1.));
#616 = ORIENTED_EDGE('',*,*,#617,.F.);
#617 = EDGE_CURVE('',#572,#610,#618,.T.);
#618 = LINE('',#619,#620);
#619 = CARTESIAN_POINT('',(-0.65,3.E-02,0.625));
#620 = VECTOR('',#621,1.);
#621 = DIRECTION('',(-1.,-1.164670302475E-16,0.));
#622 = ORIENTED_EDGE('',*,*,#571,.T.);
#623 = PLANE('',#624);
#624 = AXIS2_PLACEMENT_3D('',#625,#626,#627);
#625 = CARTESIAN_POINT('',(-0.65,3.E-02,0.625));
#626 = DIRECTION('',(1.164670302475E-16,-1.,0.));
#627 = DIRECTION('',(1.,1.164670302475E-16,0.));
#628 = ADVANCED_FACE('',(#629),#654,.F.);
#629 = FACE_BOUND('',#630,.T.);
#630 = EDGE_LOOP('',(#631,#639,#647,#653));
#631 = ORIENTED_EDGE('',*,*,#632,.T.);
#632 = EDGE_CURVE('',#602,#633,#635,.T.);
#633 = VERTEX_POINT('',#634);
#634 = CARTESIAN_POINT('',(-0.97,0.57,-0.625));
#635 = LINE('',#636,#637);
#636 = CARTESIAN_POINT('',(-0.97,3.E-02,-0.625));
#637 = VECTOR('',#638,1.);
#638 = DIRECTION('',(0.,1.,0.));
#639 = ORIENTED_EDGE('',*,*,#640,.F.);
#640 = EDGE_CURVE('',#641,#633,#643,.T.);
#641 = VERTEX_POINT('',#642);
#642 = CARTESIAN_POINT('',(-0.97,0.57,0.625));
#643 = LINE('',#644,#645);
#644 = CARTESIAN_POINT('',(-0.97,0.57,0.625));
#645 = VECTOR('',#646,1.);
#646 = DIRECTION('',(-0.,-0.,-1.));
#647 = ORIENTED_EDGE('',*,*,#648,.F.);
#648 = EDGE_CURVE('',#610,#641,#649,.T.);
#649 = LINE('',#650,#651);
#650 = CARTESIAN_POINT('',(-0.97,3.E-02,0.625));
#651 = VECTOR('',#652,1.);
#652 = DIRECTION('',(0.,1.,0.));
#653 = ORIENTED_EDGE('',*,*,#609,.T.);
#654 = PLANE('',#655);
#655 = AXIS2_PLACEMENT_3D('',#656,#657,#658);
#656 = CARTESIAN_POINT('',(-0.97,3.E-02,0.625));
#657 = DIRECTION('',(-1.,0.,0.));
#658 = DIRECTION('',(0.,0.,1.));
#659 = ADVANCED_FACE('',(#660),#717,.F.);
#660 = FACE_BOUND('',#661,.T.);
#661 = EDGE_LOOP('',(#662,#672,#680,#686,#687,#695,#703,#711));
#662 = ORIENTED_EDGE('',*,*,#663,.T.);
#663 = EDGE_CURVE('',#664,#666,#668,.T.);
#664 = VERTEX_POINT('',#665);
#665 = CARTESIAN_POINT('',(-0.65,0.57,0.416666666667));
#666 = VERTEX_POINT('',#667);
#667 = CARTESIAN_POINT('',(-0.79,0.57,0.416666666667));
#668 = LINE('',#669,#670);
#669 = CARTESIAN_POINT('',(-0.65,0.57,0.416666666667));
#670 = VECTOR('',#671,1.);
#671 = DIRECTION('',(-1.,0.,0.));
#672 = ORIENTED_EDGE('',*,*,#673,.T.);
#673 = EDGE_CURVE('',#666,#674,#676,.T.);
#674 = VERTEX_POINT('',#675);
#675 = CARTESIAN_POINT('',(-0.79,0.57,0.625));
#676 = LINE('',#677,#678);
#677 = CARTESIAN_POINT('',(-0.79,0.57,0.625));
#678 = VECTOR('',#679,1.);
#679 = DIRECTION('',(-0.,-0.,1.));
#680 = ORIENTED_EDGE('',*,*,#681,.F.);
#681 = EDGE_CURVE('',#641,#674,#682,.T.);
#682 = LINE('',#683,#684);
#683 = CARTESIAN_POINT('',(-0.97,0.57,0.625));
#684 = VECTOR('',#685,1.);
#685 = DIRECTION('',(1.,0.,0.));
#686 = ORIENTED_EDGE('',*,*,#640,.T.);
#687 = ORIENTED_EDGE('',*,*,#688,.T.);
#688 = EDGE_CURVE('',#633,#689,#691,.T.);
#689 = VERTEX_POINT('',#690);
#690 = CARTESIAN_POINT('',(-0.79,0.57,-0.625));
#691 = LINE('',#692,#693);
#692 = CARTESIAN_POINT('',(-0.97,0.57,-0.625));
#693 = VECTOR('',#694,1.);
#694 = DIRECTION('',(1.,0.,0.));
#695 = ORIENTED_EDGE('',*,*,#696,.T.);
#696 = EDGE_CURVE('',#689,#697,#699,.T.);
#697 = VERTEX_POINT('',#698);
#698 = CARTESIAN_POINT('',(-0.79,0.57,-0.416666666667));
#699 = LINE('',#700,#701);
#700 = CARTESIAN_POINT('',(-0.79,0.57,-0.625));
#701 = VECTOR('',#702,1.);
#702 = DIRECTION('',(0.,0.,1.));
#703 = ORIENTED_EDGE('',*,*,#704,.T.);
#704 = EDGE_CURVE('',#697,#705,#707,.T.);
#705 = VERTEX_POINT('',#706);
#706 = CARTESIAN_POINT('',(-0.65,0.57,-0.416666666667));
#707 = LINE('',#708,#709);
#708 = CARTESIAN_POINT('',(-0.65,0.57,-0.416666666667));
#709 = VECTOR('',#710,1.);
#710 = DIRECTION('',(1.,-0.,-7.744301232039E-16));
#711 = ORIENTED_EDGE('',*,*,#712,.F.);
#712 = EDGE_CURVE('',#664,#705,#713,.T.);
#713 = LINE('',#714,#715);
#714 = CARTESIAN_POINT('',(-0.65,0.57,0.625));
#715 = VECTOR('',#716,1.);
#716 = DIRECTION('',(-0.,-0.,-1.));
#717 = PLANE('',#718);
#718 = AXIS2_PLACEMENT_3D('',#719,#720,#721);
#719 = CARTESIAN_POINT('',(-0.97,0.57,0.625));
#720 = DIRECTION('',(0.,1.,0.));
#721 = DIRECTION('',(0.,-0.,1.));
#722 = ADVANCED_FACE('',(#723),#748,.F.);
#723 = FACE_BOUND('',#724,.T.);
#724 = EDGE_LOOP('',(#725,#735,#741,#742));
#725 = ORIENTED_EDGE('',*,*,#726,.F.);
#726 = EDGE_CURVE('',#727,#729,#731,.T.);
#727 = VERTEX_POINT('',#728);
#728 = CARTESIAN_POINT('',(-0.65,0.6,0.416666666667));
#729 = VERTEX_POINT('',#730);
#730 = CARTESIAN_POINT('',(-0.65,0.6,-0.416666666667));
#731 = LINE('',#732,#733);
#732 = CARTESIAN_POINT('',(-0.65,0.6,0.625));
#733 = VECTOR('',#734,1.);
#734 = DIRECTION('',(-0.,-0.,-1.));
#735 = ORIENTED_EDGE('',*,*,#736,.F.);
#736 = EDGE_CURVE('',#664,#727,#737,.T.);
#737 = LINE('',#738,#739);
#738 = CARTESIAN_POINT('',(-0.65,0.57,0.416666666667));
#739 = VECTOR('',#740,1.);
#740 = DIRECTION('',(9.856383386232E-17,1.,-0.));
#741 = ORIENTED_EDGE('',*,*,#712,.T.);
#742 = ORIENTED_EDGE('',*,*,#743,.T.);
#743 = EDGE_CURVE('',#705,#729,#744,.T.);
#744 = LINE('',#745,#746);
#745 = CARTESIAN_POINT('',(-0.65,0.57,-0.416666666667));
#746 = VECTOR('',#747,1.);
#747 = DIRECTION('',(9.856383386232E-17,1.,-0.));
#748 = PLANE('',#749);
#749 = AXIS2_PLACEMENT_3D('',#750,#751,#752);
#750 = CARTESIAN_POINT('',(-0.65,0.6,0.625));
#751 = DIRECTION('',(-1.,0.,0.));
#752 = DIRECTION('',(0.,0.,1.));
#753 = ADVANCED_FACE('',(#754),#811,.F.);
#754 = FACE_BOUND('',#755,.T.);
#755 = EDGE_LOOP('',(#756,#766,#774,#780,#781,#789,#797,#805));
#756 = ORIENTED_EDGE('',*,*,#757,.F.);
#757 = EDGE_CURVE('',#758,#760,#762,.T.);
#758 = VERTEX_POINT('',#759);
#759 = CARTESIAN_POINT('',(-0.79,0.6,0.625));
#760 = VERTEX_POINT('',#761);
#761 = CARTESIAN_POINT('',(-1.,0.6,0.625));
#762 = LINE('',#763,#764);
#763 = CARTESIAN_POINT('',(-1.,0.6,0.625));
#764 = VECTOR('',#765,1.);
#765 = DIRECTION('',(-1.,-0.,-0.));
#766 = ORIENTED_EDGE('',*,*,#767,.F.);
#767 = EDGE_CURVE('',#768,#758,#770,.T.);
#768 = VERTEX_POINT('',#769);
#769 = CARTESIAN_POINT('',(-0.79,0.6,0.416666666667));
#770 = LINE('',#771,#772);
#771 = CARTESIAN_POINT('',(-0.79,0.6,0.625));
#772 = VECTOR('',#773,1.);
#773 = DIRECTION('',(-0.,-0.,1.));
#774 = ORIENTED_EDGE('',*,*,#775,.F.);
#775 = EDGE_CURVE('',#727,#768,#776,.T.);
#776 = LINE('',#777,#778);
#777 = CARTESIAN_POINT('',(-0.65,0.6,0.416666666667));
#778 = VECTOR('',#779,1.);
#779 = DIRECTION('',(-1.,0.,0.));
#780 = ORIENTED_EDGE('',*,*,#726,.T.);
#781 = ORIENTED_EDGE('',*,*,#782,.F.);
#782 = EDGE_CURVE('',#783,#729,#785,.T.);
#783 = VERTEX_POINT('',#784);
#784 = CARTESIAN_POINT('',(-0.79,0.6,-0.416666666667));
#785 = LINE('',#786,#787);
#786 = CARTESIAN_POINT('',(-0.65,0.6,-0.416666666667));
#787 = VECTOR('',#788,1.);
#788 = DIRECTION('',(1.,-0.,-7.744301232039E-16));
#789 = ORIENTED_EDGE('',*,*,#790,.F.);
#790 = EDGE_CURVE('',#791,#783,#793,.T.);
#791 = VERTEX_POINT('',#792);
#792 = CARTESIAN_POINT('',(-0.79,0.6,-0.625));
#793 = LINE('',#794,#795);
#794 = CARTESIAN_POINT('',(-0.79,0.6,-0.625));
#795 = VECTOR('',#796,1.);
#796 = DIRECTION('',(0.,0.,1.));
#797 = ORIENTED_EDGE('',*,*,#798,.T.);
#798 = EDGE_CURVE('',#791,#799,#801,.T.);
#799 = VERTEX_POINT('',#800);
#800 = CARTESIAN_POINT('',(-1.,0.6,-0.625));
#801 = LINE('',#802,#803);
#802 = CARTESIAN_POINT('',(-1.,0.6,-0.625));
#803 = VECTOR('',#804,1.);
#804 = DIRECTION('',(-1.,-0.,-0.));
#805 = ORIENTED_EDGE('',*,*,#806,.F.);
#806 = EDGE_CURVE('',#760,#799,#807,.T.);
#807 = LINE('',#808,#809);
#808 = CARTESIAN_POINT('',(-1.,0.6,0.625));
#809 = VECTOR('',#810,1.);
#810 = DIRECTION('',(-0.,-0.,-1.));
#811 = PLANE('',#812);
#812 = AXIS2_PLACEMENT_3D('',#813,#814,#815);
#813 = CARTESIAN_POINT('',(-1.,0.6,0.625));
#814 = DIRECTION('',(0.,-1.,0.));
#815 = DIRECTION('',(0.,-0.,-1.));
#816 = ADVANCED_FACE('',(#817),#842,.F.);
#817 = FACE_BOUND('',#818,.T.);
#818 = EDGE_LOOP('',(#819,#827,#835,#841));
#819 = ORIENTED_EDGE('',*,*,#820,.T.);
#820 = EDGE_CURVE('',#799,#821,#823,.T.);
#821 = VERTEX_POINT('',#822);
#822 = CARTESIAN_POINT('',(-1.,-1.224646799147E-16,-0.625));
#823 = LINE('',#824,#825);
#824 = CARTESIAN_POINT('',(-1.,-1.224646799147E-16,-0.625));
#825 = VECTOR('',#826,1.);
#826 = DIRECTION('',(-0.,-1.,-0.));
#827 = ORIENTED_EDGE('',*,*,#828,.F.);
#828 = EDGE_CURVE('',#829,#821,#831,.T.);
#829 = VERTEX_POINT('',#830);
#830 = CARTESIAN_POINT('',(-1.,-1.224646799147E-16,0.625));
#831 = LINE('',#832,#833);
#832 = CARTESIAN_POINT('',(-1.,-1.224646799147E-16,0.625));
#833 = VECTOR('',#834,1.);
#834 = DIRECTION('',(-0.,-0.,-1.));
#835 = ORIENTED_EDGE('',*,*,#836,.F.);
#836 = EDGE_CURVE('',#760,#829,#837,.T.);
#837 = LINE('',#838,#839);
#838 = CARTESIAN_POINT('',(-1.,-1.224646799147E-16,0.625));
#839 = VECTOR('',#840,1.);
#840 = DIRECTION('',(-0.,-1.,-0.));
#841 = ORIENTED_EDGE('',*,*,#806,.T.);
#842 = PLANE('',#843);
#843 = AXIS2_PLACEMENT_3D('',#844,#845,#846);
#844 = CARTESIAN_POINT('',(-1.,-1.224646799147E-16,0.625));
#845 = DIRECTION('',(1.,0.,0.));
#846 = DIRECTION('',(0.,0.,-1.));
#847 = ADVANCED_FACE('',(#848),#864,.F.);
#848 = FACE_BOUND('',#849,.T.);
#849 = EDGE_LOOP('',(#850,#856,#857,#863));
#850 = ORIENTED_EDGE('',*,*,#851,.T.);
#851 = EDGE_CURVE('',#821,#562,#852,.T.);
#852 = LINE('',#853,#854);
#853 = CARTESIAN_POINT('',(-0.65,0.,-0.625));
#854 = VECTOR('',#855,1.);
#855 = DIRECTION('',(1.,3.498990854707E-16,-0.));
#856 = ORIENTED_EDGE('',*,*,#587,.F.);
#857 = ORIENTED_EDGE('',*,*,#858,.F.);
#858 = EDGE_CURVE('',#829,#580,#859,.T.);
#859 = LINE('',#860,#861);
#860 = CARTESIAN_POINT('',(-0.65,0.,0.625));
#861 = VECTOR('',#862,1.);
#862 = DIRECTION('',(1.,3.498990854707E-16,-0.));
#863 = ORIENTED_EDGE('',*,*,#828,.T.);
#864 = PLANE('',#865);
#865 = AXIS2_PLACEMENT_3D('',#866,#867,#868);
#866 = CARTESIAN_POINT('',(-0.65,0.,0.625));
#867 = DIRECTION('',(-3.498990854707E-16,1.,0.));
#868 = DIRECTION('',(-1.,-3.498990854707E-16,0.));
#869 = ADVANCED_FACE('',(#870),#885,.F.);
#870 = FACE_BOUND('',#871,.T.);
#871 = EDGE_LOOP('',(#872,#873,#879,#880,#881,#882,#883,#884));
#872 = ORIENTED_EDGE('',*,*,#681,.T.);
#873 = ORIENTED_EDGE('',*,*,#874,.T.);
#874 = EDGE_CURVE('',#674,#758,#875,.T.);
#875 = LINE('',#876,#877);
#876 = CARTESIAN_POINT('',(-0.79,0.57,0.625));
#877 = VECTOR('',#878,1.);
#878 = DIRECTION('',(9.856383386232E-17,1.,-0.));
#879 = ORIENTED_EDGE('',*,*,#757,.T.);
#880 = ORIENTED_EDGE('',*,*,#836,.T.);
#881 = ORIENTED_EDGE('',*,*,#858,.T.);
#882 = ORIENTED_EDGE('',*,*,#579,.T.);
#883 = ORIENTED_EDGE('',*,*,#617,.T.);
#884 = ORIENTED_EDGE('',*,*,#648,.T.);
#885 = PLANE('',#886);
#886 = AXIS2_PLACEMENT_3D('',#887,#888,#889);
#887 = CARTESIAN_POINT('',(0.,0.,0.625));
#888 = DIRECTION('',(0.,0.,-1.));
#889 = DIRECTION('',(-1.,0.,-0.));
#890 = ADVANCED_FACE('',(#891),#906,.T.);
#891 = FACE_BOUND('',#892,.T.);
#892 = EDGE_LOOP('',(#893,#899,#900,#901,#902,#903,#904,#905));
#893 = ORIENTED_EDGE('',*,*,#894,.F.);
#894 = EDGE_CURVE('',#689,#791,#895,.T.);
#895 = LINE('',#896,#897);
#896 = CARTESIAN_POINT('',(-0.79,0.57,-0.625));
#897 = VECTOR('',#898,1.);
#898 = DIRECTION('',(9.856383386232E-17,1.,-0.));
#899 = ORIENTED_EDGE('',*,*,#688,.F.);
#900 = ORIENTED_EDGE('',*,*,#632,.F.);
#901 = ORIENTED_EDGE('',*,*,#601,.F.);
#902 = ORIENTED_EDGE('',*,*,#561,.F.);
#903 = ORIENTED_EDGE('',*,*,#851,.F.);
#904 = ORIENTED_EDGE('',*,*,#820,.F.);
#905 = ORIENTED_EDGE('',*,*,#798,.F.);
#906 = PLANE('',#907);
#907 = AXIS2_PLACEMENT_3D('',#908,#909,#910);
#908 = CARTESIAN_POINT('',(0.,0.,-0.625));
#909 = DIRECTION('',(0.,0.,-1.));
#910 = DIRECTION('',(-1.,0.,-0.));
#911 = ADVANCED_FACE('',(#912),#923,.F.);
#912 = FACE_BOUND('',#913,.T.);
#913 = EDGE_LOOP('',(#914,#915,#916,#917));
#914 = ORIENTED_EDGE('',*,*,#782,.T.);
#915 = ORIENTED_EDGE('',*,*,#743,.F.);
#916 = ORIENTED_EDGE('',*,*,#704,.F.);
#917 = ORIENTED_EDGE('',*,*,#918,.T.);
#918 = EDGE_CURVE('',#697,#783,#919,.T.);
#919 = LINE('',#920,#921);
#920 = CARTESIAN_POINT('',(-0.79,0.57,-0.416666666667));
#921 = VECTOR('',#922,1.);
#922 = DIRECTION('',(9.856383386232E-17,1.,-0.));
#923 = PLANE('',#924);
#924 = AXIS2_PLACEMENT_3D('',#925,#926,#927);
#925 = CARTESIAN_POINT('',(-0.65,0.57,-0.416666666667));
#926 = DIRECTION('',(7.744301232039E-16,-7.633080200145E-32,1.));
#927 = DIRECTION('',(1.,0.,-7.744301232039E-16));
#928 = ADVANCED_FACE('',(#929),#935,.F.);
#929 = FACE_BOUND('',#930,.T.);
#930 = EDGE_LOOP('',(#931,#932,#933,#934));
#931 = ORIENTED_EDGE('',*,*,#790,.T.);
#932 = ORIENTED_EDGE('',*,*,#918,.F.);
#933 = ORIENTED_EDGE('',*,*,#696,.F.);
#934 = ORIENTED_EDGE('',*,*,#894,.T.);
#935 = PLANE('',#936);
#936 = AXIS2_PLACEMENT_3D('',#937,#938,#939);
#937 = CARTESIAN_POINT('',(-0.79,0.57,-0.625));
#938 = DIRECTION('',(-1.,9.856383386232E-17,0.));
#939 = DIRECTION('',(-9.856383386232E-17,-1.,0.));
#940 = ADVANCED_FACE('',(#941),#952,.F.);
#941 = FACE_BOUND('',#942,.T.);
#942 = EDGE_LOOP('',(#943,#944,#945,#946));
#943 = ORIENTED_EDGE('',*,*,#767,.T.);
#944 = ORIENTED_EDGE('',*,*,#874,.F.);
#945 = ORIENTED_EDGE('',*,*,#673,.F.);
#946 = ORIENTED_EDGE('',*,*,#947,.T.);
#947 = EDGE_CURVE('',#666,#768,#948,.T.);
#948 = LINE('',#949,#950);
#949 = CARTESIAN_POINT('',(-0.79,0.57,0.416666666667));
#950 = VECTOR('',#951,1.);
#951 = DIRECTION('',(9.856383386232E-17,1.,-0.));
#952 = PLANE('',#953);
#953 = AXIS2_PLACEMENT_3D('',#954,#955,#956);
#954 = CARTESIAN_POINT('',(-0.79,0.57,0.625));
#955 = DIRECTION('',(-1.,9.856383386232E-17,0.));
#956 = DIRECTION('',(-9.856383386232E-17,-1.,0.));
#957 = ADVANCED_FACE('',(#958),#964,.F.);
#958 = FACE_BOUND('',#959,.T.);
#959 = EDGE_LOOP('',(#960,#961,#962,#963));
#960 = ORIENTED_EDGE('',*,*,#775,.T.);
#961 = ORIENTED_EDGE('',*,*,#947,.F.);
#962 = ORIENTED_EDGE('',*,*,#663,.F.);
#963 = ORIENTED_EDGE('',*,*,#736,.T.);
#964 = PLANE('',#965);
#965 = AXIS2_PLACEMENT_3D('',#966,#967,#968);
#966 = CARTESIAN_POINT('',(-0.65,0.57,0.416666666667));
#967 = DIRECTION('',(0.,0.,-1.));
#968 = DIRECTION('',(-1.,0.,0.));
#969 = MANIFOLD_SOLID_BREP('',#970);
#970 = CLOSED_SHELL('',(#971,#1011,#1042,#1073,#1136,#1167,#1230,#1261,
    #1283,#1304,#1325,#1342,#1354,#1371));
#971 = ADVANCED_FACE('',(#972),#1006,.F.);
#972 = FACE_BOUND('',#973,.T.);
#973 = EDGE_LOOP('',(#974,#984,#992,#1000));
#974 = ORIENTED_EDGE('',*,*,#975,.F.);
#975 = EDGE_CURVE('',#976,#978,#980,.T.);
#976 = VERTEX_POINT('',#977);
#977 = CARTESIAN_POINT('',(0.65,0.,-0.625));
#978 = VERTEX_POINT('',#979);
#979 = CARTESIAN_POINT('',(0.65,3.E-02,-0.625));
#980 = LINE('',#981,#982);
#981 = CARTESIAN_POINT('',(0.65,3.E-02,-0.625));
#982 = VECTOR('',#983,1.);
#983 = DIRECTION('',(0.,1.,0.));
#984 = ORIENTED_EDGE('',*,*,#985,.F.);
#985 = EDGE_CURVE('',#986,#976,#988,.T.);
#986 = VERTEX_POINT('',#987);
#987 = CARTESIAN_POINT('',(0.65,0.,0.625));
#988 = LINE('',#989,#990);
#989 = CARTESIAN_POINT('',(0.65,0.,0.625));
#990 = VECTOR('',#991,1.);
#991 = DIRECTION('',(0.,-0.,-1.));
#992 = ORIENTED_EDGE('',*,*,#993,.T.);
#993 = EDGE_CURVE('',#986,#994,#996,.T.);
#994 = VERTEX_POINT('',#995);
#995 = CARTESIAN_POINT('',(0.65,3.E-02,0.625));
#996 = LINE('',#997,#998);
#997 = CARTESIAN_POINT('',(0.65,3.E-02,0.625));
#998 = VECTOR('',#999,1.);
#999 = DIRECTION('',(0.,1.,0.));
#1000 = ORIENTED_EDGE('',*,*,#1001,.T.);
#1001 = EDGE_CURVE('',#994,#978,#1002,.T.);
#1002 = LINE('',#1003,#1004);
#1003 = CARTESIAN_POINT('',(0.65,3.E-02,0.625));
#1004 = VECTOR('',#1005,1.);
#1005 = DIRECTION('',(0.,-0.,-1.));
#1006 = PLANE('',#1007);
#1007 = AXIS2_PLACEMENT_3D('',#1008,#1009,#1010);
#1008 = CARTESIAN_POINT('',(0.65,3.E-02,0.625));
#1009 = DIRECTION('',(1.,0.,-0.));
#1010 = DIRECTION('',(0.,0.,1.));
#1011 = ADVANCED_FACE('',(#1012),#1037,.F.);
#1012 = FACE_BOUND('',#1013,.T.);
#1013 = EDGE_LOOP('',(#1014,#1022,#1023,#1031));
#1014 = ORIENTED_EDGE('',*,*,#1015,.F.);
#1015 = EDGE_CURVE('',#978,#1016,#1018,.T.);
#1016 = VERTEX_POINT('',#1017);
#1017 = CARTESIAN_POINT('',(0.97,3.E-02,-0.625));
#1018 = LINE('',#1019,#1020);
#1019 = CARTESIAN_POINT('',(0.65,3.E-02,-0.625));
#1020 = VECTOR('',#1021,1.);
#1021 = DIRECTION('',(1.,-1.164670302475E-16,0.));
#1022 = ORIENTED_EDGE('',*,*,#1001,.F.);
#1023 = ORIENTED_EDGE('',*,*,#1024,.T.);
#1024 = EDGE_CURVE('',#994,#1025,#1027,.T.);
#1025 = VERTEX_POINT('',#1026);
#1026 = CARTESIAN_POINT('',(0.97,3.E-02,0.625));
#1027 = LINE('',#1028,#1029);
#1028 = CARTESIAN_POINT('',(0.65,3.E-02,0.625));
#1029 = VECTOR('',#1030,1.);
#1030 = DIRECTION('',(1.,-1.164670302475E-16,0.));
#1031 = ORIENTED_EDGE('',*,*,#1032,.T.);
#1032 = EDGE_CURVE('',#1025,#1016,#1033,.T.);
#1033 = LINE('',#1034,#1035);
#1034 = CARTESIAN_POINT('',(0.97,3.E-02,0.625));
#1035 = VECTOR('',#1036,1.);
#1036 = DIRECTION('',(0.,-0.,-1.));
#1037 = PLANE('',#1038);
#1038 = AXIS2_PLACEMENT_3D('',#1039,#1040,#1041);
#1039 = CARTESIAN_POINT('',(0.65,3.E-02,0.625));
#1040 = DIRECTION('',(-1.164670302475E-16,-1.,0.));
#1041 = DIRECTION('',(-1.,1.164670302475E-16,0.));
#1042 = ADVANCED_FACE('',(#1043),#1068,.F.);
#1043 = FACE_BOUND('',#1044,.T.);
#1044 = EDGE_LOOP('',(#1045,#1053,#1054,#1062));
#1045 = ORIENTED_EDGE('',*,*,#1046,.F.);
#1046 = EDGE_CURVE('',#1016,#1047,#1049,.T.);
#1047 = VERTEX_POINT('',#1048);
#1048 = CARTESIAN_POINT('',(0.97,0.57,-0.625));
#1049 = LINE('',#1050,#1051);
#1050 = CARTESIAN_POINT('',(0.97,3.E-02,-0.625));
#1051 = VECTOR('',#1052,1.);
#1052 = DIRECTION('',(0.,1.,0.));
#1053 = ORIENTED_EDGE('',*,*,#1032,.F.);
#1054 = ORIENTED_EDGE('',*,*,#1055,.T.);
#1055 = EDGE_CURVE('',#1025,#1056,#1058,.T.);
#1056 = VERTEX_POINT('',#1057);
#1057 = CARTESIAN_POINT('',(0.97,0.57,0.625));
#1058 = LINE('',#1059,#1060);
#1059 = CARTESIAN_POINT('',(0.97,3.E-02,0.625));
#1060 = VECTOR('',#1061,1.);
#1061 = DIRECTION('',(0.,1.,0.));
#1062 = ORIENTED_EDGE('',*,*,#1063,.T.);
#1063 = EDGE_CURVE('',#1056,#1047,#1064,.T.);
#1064 = LINE('',#1065,#1066);
#1065 = CARTESIAN_POINT('',(0.97,0.57,0.625));
#1066 = VECTOR('',#1067,1.);
#1067 = DIRECTION('',(0.,-0.,-1.));
#1068 = PLANE('',#1069);
#1069 = AXIS2_PLACEMENT_3D('',#1070,#1071,#1072);
#1070 = CARTESIAN_POINT('',(0.97,3.E-02,0.625));
#1071 = DIRECTION('',(1.,0.,-0.));
#1072 = DIRECTION('',(0.,0.,1.));
#1073 = ADVANCED_FACE('',(#1074),#1131,.F.);
#1074 = FACE_BOUND('',#1075,.T.);
#1075 = EDGE_LOOP('',(#1076,#1086,#1094,#1100,#1101,#1109,#1117,#1125));
#1076 = ORIENTED_EDGE('',*,*,#1077,.T.);
#1077 = EDGE_CURVE('',#1078,#1080,#1082,.T.);
#1078 = VERTEX_POINT('',#1079);
#1079 = CARTESIAN_POINT('',(0.65,0.57,-0.416666666667));
#1080 = VERTEX_POINT('',#1081);
#1081 = CARTESIAN_POINT('',(0.79,0.57,-0.416666666667));
#1082 = LINE('',#1083,#1084);
#1083 = CARTESIAN_POINT('',(0.65,0.57,-0.416666666667));
#1084 = VECTOR('',#1085,1.);
#1085 = DIRECTION('',(1.,0.,-3.87215061602E-16));
#1086 = ORIENTED_EDGE('',*,*,#1087,.T.);
#1087 = EDGE_CURVE('',#1080,#1088,#1090,.T.);
#1088 = VERTEX_POINT('',#1089);
#1089 = CARTESIAN_POINT('',(0.79,0.57,-0.625));
#1090 = LINE('',#1091,#1092);
#1091 = CARTESIAN_POINT('',(0.79,0.57,-0.625));
#1092 = VECTOR('',#1093,1.);
#1093 = DIRECTION('',(-0.,-0.,-1.));
#1094 = ORIENTED_EDGE('',*,*,#1095,.F.);
#1095 = EDGE_CURVE('',#1047,#1088,#1096,.T.);
#1096 = LINE('',#1097,#1098);
#1097 = CARTESIAN_POINT('',(0.97,0.57,-0.625));
#1098 = VECTOR('',#1099,1.);
#1099 = DIRECTION('',(-1.,0.,0.));
#1100 = ORIENTED_EDGE('',*,*,#1063,.F.);
#1101 = ORIENTED_EDGE('',*,*,#1102,.T.);
#1102 = EDGE_CURVE('',#1056,#1103,#1105,.T.);
#1103 = VERTEX_POINT('',#1104);
#1104 = CARTESIAN_POINT('',(0.79,0.57,0.625));
#1105 = LINE('',#1106,#1107);
#1106 = CARTESIAN_POINT('',(0.97,0.57,0.625));
#1107 = VECTOR('',#1108,1.);
#1108 = DIRECTION('',(-1.,0.,0.));
#1109 = ORIENTED_EDGE('',*,*,#1110,.T.);
#1110 = EDGE_CURVE('',#1103,#1111,#1113,.T.);
#1111 = VERTEX_POINT('',#1112);
#1112 = CARTESIAN_POINT('',(0.79,0.57,0.416666666667));
#1113 = LINE('',#1114,#1115);
#1114 = CARTESIAN_POINT('',(0.79,0.57,0.625));
#1115 = VECTOR('',#1116,1.);
#1116 = DIRECTION('',(0.,0.,-1.));
#1117 = ORIENTED_EDGE('',*,*,#1118,.T.);
#1118 = EDGE_CURVE('',#1111,#1119,#1121,.T.);
#1119 = VERTEX_POINT('',#1120);
#1120 = CARTESIAN_POINT('',(0.65,0.57,0.416666666667));
#1121 = LINE('',#1122,#1123);
#1122 = CARTESIAN_POINT('',(0.65,0.57,0.416666666667));
#1123 = VECTOR('',#1124,1.);
#1124 = DIRECTION('',(-1.,-0.,3.87215061602E-16));
#1125 = ORIENTED_EDGE('',*,*,#1126,.T.);
#1126 = EDGE_CURVE('',#1119,#1078,#1127,.T.);
#1127 = LINE('',#1128,#1129);
#1128 = CARTESIAN_POINT('',(0.65,0.57,0.625));
#1129 = VECTOR('',#1130,1.);
#1130 = DIRECTION('',(0.,-0.,-1.));
#1131 = PLANE('',#1132);
#1132 = AXIS2_PLACEMENT_3D('',#1133,#1134,#1135);
#1133 = CARTESIAN_POINT('',(0.97,0.57,0.625));
#1134 = DIRECTION('',(0.,1.,0.));
#1135 = DIRECTION('',(0.,-0.,1.));
#1136 = ADVANCED_FACE('',(#1137),#1162,.F.);
#1137 = FACE_BOUND('',#1138,.T.);
#1138 = EDGE_LOOP('',(#1139,#1149,#1155,#1156));
#1139 = ORIENTED_EDGE('',*,*,#1140,.T.);
#1140 = EDGE_CURVE('',#1141,#1143,#1145,.T.);
#1141 = VERTEX_POINT('',#1142);
#1142 = CARTESIAN_POINT('',(0.65,0.6,0.416666666667));
#1143 = VERTEX_POINT('',#1144);
#1144 = CARTESIAN_POINT('',(0.65,0.6,-0.416666666667));
#1145 = LINE('',#1146,#1147);
#1146 = CARTESIAN_POINT('',(0.65,0.6,0.625));
#1147 = VECTOR('',#1148,1.);
#1148 = DIRECTION('',(0.,-0.,-1.));
#1149 = ORIENTED_EDGE('',*,*,#1150,.F.);
#1150 = EDGE_CURVE('',#1078,#1143,#1151,.T.);
#1151 = LINE('',#1152,#1153);
#1152 = CARTESIAN_POINT('',(0.65,0.57,-0.416666666667));
#1153 = VECTOR('',#1154,1.);
#1154 = DIRECTION('',(9.856383386232E-17,1.,-0.));
#1155 = ORIENTED_EDGE('',*,*,#1126,.F.);
#1156 = ORIENTED_EDGE('',*,*,#1157,.T.);
#1157 = EDGE_CURVE('',#1119,#1141,#1158,.T.);
#1158 = LINE('',#1159,#1160);
#1159 = CARTESIAN_POINT('',(0.65,0.57,0.416666666667));
#1160 = VECTOR('',#1161,1.);
#1161 = DIRECTION('',(9.856383386232E-17,1.,-0.));
#1162 = PLANE('',#1163);
#1163 = AXIS2_PLACEMENT_3D('',#1164,#1165,#1166);
#1164 = CARTESIAN_POINT('',(0.65,0.6,0.625));
#1165 = DIRECTION('',(1.,0.,-0.));
#1166 = DIRECTION('',(0.,0.,1.));
#1167 = ADVANCED_FACE('',(#1168),#1225,.F.);
#1168 = FACE_BOUND('',#1169,.T.);
#1169 = EDGE_LOOP('',(#1170,#1180,#1188,#1194,#1195,#1203,#1211,#1219));
#1170 = ORIENTED_EDGE('',*,*,#1171,.F.);
#1171 = EDGE_CURVE('',#1172,#1174,#1176,.T.);
#1172 = VERTEX_POINT('',#1173);
#1173 = CARTESIAN_POINT('',(0.79,0.6,-0.625));
#1174 = VERTEX_POINT('',#1175);
#1175 = CARTESIAN_POINT('',(1.,0.6,-0.625));
#1176 = LINE('',#1177,#1178);
#1177 = CARTESIAN_POINT('',(1.,0.6,-0.625));
#1178 = VECTOR('',#1179,1.);
#1179 = DIRECTION('',(1.,-0.,-0.));
#1180 = ORIENTED_EDGE('',*,*,#1181,.F.);
#1181 = EDGE_CURVE('',#1182,#1172,#1184,.T.);
#1182 = VERTEX_POINT('',#1183);
#1183 = CARTESIAN_POINT('',(0.79,0.6,-0.416666666667));
#1184 = LINE('',#1185,#1186);
#1185 = CARTESIAN_POINT('',(0.79,0.6,-0.625));
#1186 = VECTOR('',#1187,1.);
#1187 = DIRECTION('',(-0.,-0.,-1.));
#1188 = ORIENTED_EDGE('',*,*,#1189,.F.);
#1189 = EDGE_CURVE('',#1143,#1182,#1190,.T.);
#1190 = LINE('',#1191,#1192);
#1191 = CARTESIAN_POINT('',(0.65,0.6,-0.416666666667));
#1192 = VECTOR('',#1193,1.);
#1193 = DIRECTION('',(1.,0.,-3.87215061602E-16));
#1194 = ORIENTED_EDGE('',*,*,#1140,.F.);
#1195 = ORIENTED_EDGE('',*,*,#1196,.F.);
#1196 = EDGE_CURVE('',#1197,#1141,#1199,.T.);
#1197 = VERTEX_POINT('',#1198);
#1198 = CARTESIAN_POINT('',(0.79,0.6,0.416666666667));
#1199 = LINE('',#1200,#1201);
#1200 = CARTESIAN_POINT('',(0.65,0.6,0.416666666667));
#1201 = VECTOR('',#1202,1.);
#1202 = DIRECTION('',(-1.,-0.,3.87215061602E-16));
#1203 = ORIENTED_EDGE('',*,*,#1204,.F.);
#1204 = EDGE_CURVE('',#1205,#1197,#1207,.T.);
#1205 = VERTEX_POINT('',#1206);
#1206 = CARTESIAN_POINT('',(0.79,0.6,0.625));
#1207 = LINE('',#1208,#1209);
#1208 = CARTESIAN_POINT('',(0.79,0.6,0.625));
#1209 = VECTOR('',#1210,1.);
#1210 = DIRECTION('',(0.,0.,-1.));
#1211 = ORIENTED_EDGE('',*,*,#1212,.T.);
#1212 = EDGE_CURVE('',#1205,#1213,#1215,.T.);
#1213 = VERTEX_POINT('',#1214);
#1214 = CARTESIAN_POINT('',(1.,0.6,0.625));
#1215 = LINE('',#1216,#1217);
#1216 = CARTESIAN_POINT('',(1.,0.6,0.625));
#1217 = VECTOR('',#1218,1.);
#1218 = DIRECTION('',(1.,-0.,-0.));
#1219 = ORIENTED_EDGE('',*,*,#1220,.T.);
#1220 = EDGE_CURVE('',#1213,#1174,#1221,.T.);
#1221 = LINE('',#1222,#1223);
#1222 = CARTESIAN_POINT('',(1.,0.6,0.625));
#1223 = VECTOR('',#1224,1.);
#1224 = DIRECTION('',(0.,-0.,-1.));
#1225 = PLANE('',#1226);
#1226 = AXIS2_PLACEMENT_3D('',#1227,#1228,#1229);
#1227 = CARTESIAN_POINT('',(1.,0.6,0.625));
#1228 = DIRECTION('',(0.,-1.,-0.));
#1229 = DIRECTION('',(-0.,0.,-1.));
#1230 = ADVANCED_FACE('',(#1231),#1256,.F.);
#1231 = FACE_BOUND('',#1232,.T.);
#1232 = EDGE_LOOP('',(#1233,#1241,#1242,#1250));
#1233 = ORIENTED_EDGE('',*,*,#1234,.F.);
#1234 = EDGE_CURVE('',#1174,#1235,#1237,.T.);
#1235 = VERTEX_POINT('',#1236);
#1236 = CARTESIAN_POINT('',(1.,-1.224646799147E-16,-0.625));
#1237 = LINE('',#1238,#1239);
#1238 = CARTESIAN_POINT('',(1.,-1.224646799147E-16,-0.625));
#1239 = VECTOR('',#1240,1.);
#1240 = DIRECTION('',(0.,-1.,-0.));
#1241 = ORIENTED_EDGE('',*,*,#1220,.F.);
#1242 = ORIENTED_EDGE('',*,*,#1243,.T.);
#1243 = EDGE_CURVE('',#1213,#1244,#1246,.T.);
#1244 = VERTEX_POINT('',#1245);
#1245 = CARTESIAN_POINT('',(1.,-1.224646799147E-16,0.625));
#1246 = LINE('',#1247,#1248);
#1247 = CARTESIAN_POINT('',(1.,-1.224646799147E-16,0.625));
#1248 = VECTOR('',#1249,1.);
#1249 = DIRECTION('',(0.,-1.,-0.));
#1250 = ORIENTED_EDGE('',*,*,#1251,.T.);
#1251 = EDGE_CURVE('',#1244,#1235,#1252,.T.);
#1252 = LINE('',#1253,#1254);
#1253 = CARTESIAN_POINT('',(1.,-1.224646799147E-16,0.625));
#1254 = VECTOR('',#1255,1.);
#1255 = DIRECTION('',(0.,-0.,-1.));
#1256 = PLANE('',#1257);
#1257 = AXIS2_PLACEMENT_3D('',#1258,#1259,#1260);
#1258 = CARTESIAN_POINT('',(1.,-1.224646799147E-16,0.625));
#1259 = DIRECTION('',(-1.,0.,0.));
#1260 = DIRECTION('',(0.,0.,-1.));
#1261 = ADVANCED_FACE('',(#1262),#1278,.F.);
#1262 = FACE_BOUND('',#1263,.T.);
#1263 = EDGE_LOOP('',(#1264,#1270,#1271,#1277));
#1264 = ORIENTED_EDGE('',*,*,#1265,.F.);
#1265 = EDGE_CURVE('',#1235,#976,#1266,.T.);
#1266 = LINE('',#1267,#1268);
#1267 = CARTESIAN_POINT('',(0.65,0.,-0.625));
#1268 = VECTOR('',#1269,1.);
#1269 = DIRECTION('',(-1.,3.498990854707E-16,0.));
#1270 = ORIENTED_EDGE('',*,*,#1251,.F.);
#1271 = ORIENTED_EDGE('',*,*,#1272,.T.);
#1272 = EDGE_CURVE('',#1244,#986,#1273,.T.);
#1273 = LINE('',#1274,#1275);
#1274 = CARTESIAN_POINT('',(0.65,0.,0.625));
#1275 = VECTOR('',#1276,1.);
#1276 = DIRECTION('',(-1.,3.498990854707E-16,0.));
#1277 = ORIENTED_EDGE('',*,*,#985,.T.);
#1278 = PLANE('',#1279);
#1279 = AXIS2_PLACEMENT_3D('',#1280,#1281,#1282);
#1280 = CARTESIAN_POINT('',(0.65,0.,0.625));
#1281 = DIRECTION('',(3.498990854707E-16,1.,0.));
#1282 = DIRECTION('',(1.,-3.498990854707E-16,0.));
#1283 = ADVANCED_FACE('',(#1284),#1299,.F.);
#1284 = FACE_BOUND('',#1285,.T.);
#1285 = EDGE_LOOP('',(#1286,#1287,#1293,#1294,#1295,#1296,#1297,#1298));
#1286 = ORIENTED_EDGE('',*,*,#1212,.F.);
#1287 = ORIENTED_EDGE('',*,*,#1288,.F.);
#1288 = EDGE_CURVE('',#1103,#1205,#1289,.T.);
#1289 = LINE('',#1290,#1291);
#1290 = CARTESIAN_POINT('',(0.79,0.57,0.625));
#1291 = VECTOR('',#1292,1.);
#1292 = DIRECTION('',(9.856383386232E-17,1.,-0.));
#1293 = ORIENTED_EDGE('',*,*,#1102,.F.);
#1294 = ORIENTED_EDGE('',*,*,#1055,.F.);
#1295 = ORIENTED_EDGE('',*,*,#1024,.F.);
#1296 = ORIENTED_EDGE('',*,*,#993,.F.);
#1297 = ORIENTED_EDGE('',*,*,#1272,.F.);
#1298 = ORIENTED_EDGE('',*,*,#1243,.F.);
#1299 = PLANE('',#1300);
#1300 = AXIS2_PLACEMENT_3D('',#1301,#1302,#1303);
#1301 = CARTESIAN_POINT('',(0.,0.,0.625));
#1302 = DIRECTION('',(0.,0.,-1.));
#1303 = DIRECTION('',(1.,0.,0.));
#1304 = ADVANCED_FACE('',(#1305),#1320,.T.);
#1305 = FACE_BOUND('',#1306,.T.);
#1306 = EDGE_LOOP('',(#1307,#1313,#1314,#1315,#1316,#1317,#1318,#1319));
#1307 = ORIENTED_EDGE('',*,*,#1308,.T.);
#1308 = EDGE_CURVE('',#1088,#1172,#1309,.T.);
#1309 = LINE('',#1310,#1311);
#1310 = CARTESIAN_POINT('',(0.79,0.57,-0.625));
#1311 = VECTOR('',#1312,1.);
#1312 = DIRECTION('',(9.856383386232E-17,1.,-0.));
#1313 = ORIENTED_EDGE('',*,*,#1171,.T.);
#1314 = ORIENTED_EDGE('',*,*,#1234,.T.);
#1315 = ORIENTED_EDGE('',*,*,#1265,.T.);
#1316 = ORIENTED_EDGE('',*,*,#975,.T.);
#1317 = ORIENTED_EDGE('',*,*,#1015,.T.);
#1318 = ORIENTED_EDGE('',*,*,#1046,.T.);
#1319 = ORIENTED_EDGE('',*,*,#1095,.T.);
#1320 = PLANE('',#1321);
#1321 = AXIS2_PLACEMENT_3D('',#1322,#1323,#1324);
#1322 = CARTESIAN_POINT('',(0.,0.,-0.625));
#1323 = DIRECTION('',(0.,0.,-1.));
#1324 = DIRECTION('',(1.,0.,0.));
#1325 = ADVANCED_FACE('',(#1326),#1337,.F.);
#1326 = FACE_BOUND('',#1327,.T.);
#1327 = EDGE_LOOP('',(#1328,#1329,#1330,#1331));
#1328 = ORIENTED_EDGE('',*,*,#1181,.T.);
#1329 = ORIENTED_EDGE('',*,*,#1308,.F.);
#1330 = ORIENTED_EDGE('',*,*,#1087,.F.);
#1331 = ORIENTED_EDGE('',*,*,#1332,.T.);
#1332 = EDGE_CURVE('',#1080,#1182,#1333,.T.);
#1333 = LINE('',#1334,#1335);
#1334 = CARTESIAN_POINT('',(0.79,0.57,-0.416666666667));
#1335 = VECTOR('',#1336,1.);
#1336 = DIRECTION('',(9.856383386232E-17,1.,-0.));
#1337 = PLANE('',#1338);
#1338 = AXIS2_PLACEMENT_3D('',#1339,#1340,#1341);
#1339 = CARTESIAN_POINT('',(0.79,0.57,-0.625));
#1340 = DIRECTION('',(1.,-9.856383386232E-17,0.));
#1341 = DIRECTION('',(9.856383386232E-17,1.,0.));
#1342 = ADVANCED_FACE('',(#1343),#1349,.F.);
#1343 = FACE_BOUND('',#1344,.T.);
#1344 = EDGE_LOOP('',(#1345,#1346,#1347,#1348));
#1345 = ORIENTED_EDGE('',*,*,#1189,.T.);
#1346 = ORIENTED_EDGE('',*,*,#1332,.F.);
#1347 = ORIENTED_EDGE('',*,*,#1077,.F.);
#1348 = ORIENTED_EDGE('',*,*,#1150,.T.);
#1349 = PLANE('',#1350);
#1350 = AXIS2_PLACEMENT_3D('',#1351,#1352,#1353);
#1351 = CARTESIAN_POINT('',(0.65,0.57,-0.416666666667));
#1352 = DIRECTION('',(3.87215061602E-16,-3.816540100072E-32,1.));
#1353 = DIRECTION('',(1.,0.,-3.87215061602E-16));
#1354 = ADVANCED_FACE('',(#1355),#1366,.F.);
#1355 = FACE_BOUND('',#1356,.T.);
#1356 = EDGE_LOOP('',(#1357,#1358,#1359,#1360));
#1357 = ORIENTED_EDGE('',*,*,#1196,.T.);
#1358 = ORIENTED_EDGE('',*,*,#1157,.F.);
#1359 = ORIENTED_EDGE('',*,*,#1118,.F.);
#1360 = ORIENTED_EDGE('',*,*,#1361,.T.);
#1361 = EDGE_CURVE('',#1111,#1197,#1362,.T.);
#1362 = LINE('',#1363,#1364);
#1363 = CARTESIAN_POINT('',(0.79,0.57,0.416666666667));
#1364 = VECTOR('',#1365,1.);
#1365 = DIRECTION('',(9.856383386232E-17,1.,-0.));
#1366 = PLANE('',#1367);
#1367 = AXIS2_PLACEMENT_3D('',#1368,#1369,#1370);
#1368 = CARTESIAN_POINT('',(0.65,0.57,0.416666666667));
#1369 = DIRECTION('',(-3.87215061602E-16,3.816540100072E-32,-1.));
#1370 = DIRECTION('',(-1.,0.,3.87215061602E-16));
#1371 = ADVANCED_FACE('',(#1372),#1378,.F.);
#1372 = FACE_BOUND('',#1373,.T.);
#1373 = EDGE_LOOP('',(#1374,#1375,#1376,#1377));
#1374 = ORIENTED_EDGE('',*,*,#1204,.T.);
#1375 = ORIENTED_EDGE('',*,*,#1361,.F.);
#1376 = ORIENTED_EDGE('',*,*,#1110,.F.);
#1377 = ORIENTED_EDGE('',*,*,#1288,.T.);
#1378 = PLANE('',#1379);
#1379 = AXIS2_PLACEMENT_3D('',#1380,#1381,#1382);
#1380 = CARTESIAN_POINT('',(0.79,0.57,0.625));
#1381 = DIRECTION('',(1.,-9.856383386232E-17,0.));
#1382 = DIRECTION('',(9.856383386232E-17,1.,0.));
#1383 = ( GEOMETRIC_REPRESENTATION_CONTEXT(3) 
GLOBAL_UNCERTAINTY_ASSIGNED_CONTEXT((#1387)) 
GLOBAL_UNIT_ASSIGNED_CONTEXT((#1384,#1385,#1386)) REPRESENTATION_CONTEXT
('Context #1','3D Context with UNIT and UNCERTAINTY') );
#1384 = ( LENGTH_UNIT() NAMED_UNIT(*) SI_UNIT(.MILLI.,.METRE.) );
#1385 = ( NAMED_UNIT(*) PLANE_ANGLE_UNIT() SI_UNIT($,.RADIAN.) );
#1386 = ( NAMED_UNIT(*) SI_UNIT($,.STERADIAN.) SOLID_ANGLE_UNIT() );
#1387 = UNCERTAINTY_MEASURE_WITH_UNIT(LENGTH_MEASURE(1.E-07),#1384,
  'distance_accuracy_value','confusion accuracy');
#1388 = SHAPE_DEFINITION_REPRESENTATION(#1389,#254);
#1389 = PRODUCT_DEFINITION_SHAPE('','',#1390);
#1390 = PRODUCT_DEFINITION('design','',#1391,#1394);
#1391 = PRODUCT_DEFINITION_FORMATION('','',#1392);
#1392 = PRODUCT('AC0805FR-07360RL','AC0805FR-07360RL','',(#1393));
#1393 = PRODUCT_CONTEXT('',#2,'mechanical');
#1394 = PRODUCT_DEFINITION_CONTEXT('part definition',#2,'design');
#1395 = CONTEXT_DEPENDENT_SHAPE_REPRESENTATION(#1396,#1398);
#1396 = ( REPRESENTATION_RELATIONSHIP('','',#254,#244) 
REPRESENTATION_RELATIONSHIP_WITH_TRANSFORMATION(#1397) 
SHAPE_REPRESENTATION_RELATIONSHIP() );
#1397 = ITEM_DEFINED_TRANSFORMATION('','',#11,#245);
#1398 = PRODUCT_DEFINITION_SHAPE('Placement','Placement of an item',
  #1399);
#1399 = NEXT_ASSEMBLY_USAGE_OCCURRENCE('3','','',#239,#1390,$);
#1400 = PRODUCT_RELATED_PRODUCT_CATEGORY('part',$,(#1392));
#1401 = CONTEXT_DEPENDENT_SHAPE_REPRESENTATION(#1402,#1404);
#1402 = ( REPRESENTATION_RELATIONSHIP('','',#244,#10) 
REPRESENTATION_RELATIONSHIP_WITH_TRANSFORMATION(#1403) 
SHAPE_REPRESENTATION_RELATIONSHIP() );
#1403 = ITEM_DEFINED_TRANSFORMATION('','',#11,#19);
#1404 = PRODUCT_DEFINITION_SHAPE('Placement','Placement of an item',
  #1405);
#1405 = NEXT_ASSEMBLY_USAGE_OCCURRENCE('4','','',#5,#239,$);
#1406 = PRODUCT_RELATED_PRODUCT_CATEGORY('part',$,(#241));
#1407 = SHAPE_DEFINITION_REPRESENTATION(#1408,#1414);
#1408 = PRODUCT_DEFINITION_SHAPE('','',#1409);
#1409 = PRODUCT_DEFINITION('design','',#1410,#1413);
#1410 = PRODUCT_DEFINITION_FORMATION('','',#1411);
#1411 = PRODUCT('R1','R1','',(#1412));
#1412 = PRODUCT_CONTEXT('',#2,'mechanical');
#1413 = PRODUCT_DEFINITION_CONTEXT('part definition',#2,'design');
#1414 = SHAPE_REPRESENTATION('',(#11,#1415),#1419);
#1415 = AXIS2_PLACEMENT_3D('',#1416,#1417,#1418);
#1416 = CARTESIAN_POINT('',(13.49999996,2.000001107349,
    1.269999984652E-02));
#1417 = DIRECTION('',(-8.742277657348E-08,1.,-4.371138828674E-08));
#1418 = DIRECTION('',(-1.,-8.742277657348E-08,0.));
#1419 = ( GEOMETRIC_REPRESENTATION_CONTEXT(3) 
GLOBAL_UNCERTAINTY_ASSIGNED_CONTEXT((#1423)) 
GLOBAL_UNIT_ASSIGNED_CONTEXT((#1420,#1421,#1422)) REPRESENTATION_CONTEXT
('Context #1','3D Context with UNIT and UNCERTAINTY') );
#1420 = ( LENGTH_UNIT() NAMED_UNIT(*) SI_UNIT(.MILLI.,.METRE.) );
#1421 = ( NAMED_UNIT(*) PLANE_ANGLE_UNIT() SI_UNIT($,.RADIAN.) );
#1422 = ( NAMED_UNIT(*) SI_UNIT($,.STERADIAN.) SOLID_ANGLE_UNIT() );
#1423 = UNCERTAINTY_MEASURE_WITH_UNIT(LENGTH_MEASURE(1.E-07),#1420,
  'distance_accuracy_value','confusion accuracy');
#1424 = CONTEXT_DEPENDENT_SHAPE_REPRESENTATION(#1425,#1427);
#1425 = ( REPRESENTATION_RELATIONSHIP('','',#254,#1414) 
REPRESENTATION_RELATIONSHIP_WITH_TRANSFORMATION(#1426) 
SHAPE_REPRESENTATION_RELATIONSHIP() );
#1426 = ITEM_DEFINED_TRANSFORMATION('','',#11,#1415);
#1427 = PRODUCT_DEFINITION_SHAPE('Placement','Placement of an item',
  #1428);
#1428 = NEXT_ASSEMBLY_USAGE_OCCURRENCE('5','','',#1409,#1390,$);
#1429 = CONTEXT_DEPENDENT_SHAPE_REPRESENTATION(#1430,#1432);
#1430 = ( REPRESENTATION_RELATIONSHIP('','',#1414,#10) 
REPRESENTATION_RELATIONSHIP_WITH_TRANSFORMATION(#1431) 
SHAPE_REPRESENTATION_RELATIONSHIP() );
#1431 = ITEM_DEFINED_TRANSFORMATION('','',#11,#23);
#1432 = PRODUCT_DEFINITION_SHAPE('Placement','Placement of an item',
  #1433);
#1433 = NEXT_ASSEMBLY_USAGE_OCCURRENCE('6','','',#5,#1409,$);
#1434 = PRODUCT_RELATED_PRODUCT_CATEGORY('part',$,(#1411));
#1435 = SHAPE_DEFINITION_REPRESENTATION(#1436,#1442);
#1436 = PRODUCT_DEFINITION_SHAPE('','',#1437);
#1437 = PRODUCT_DEFINITION('design','',#1438,#1441);
#1438 = PRODUCT_DEFINITION_FORMATION('','',#1439);
#1439 = PRODUCT('J1','J1','',(#1440));
#1440 = PRODUCT_CONTEXT('',#2,'mechanical');
#1441 = PRODUCT_DEFINITION_CONTEXT('part definition',#2,'design');
#1442 = SHAPE_REPRESENTATION('',(#11,#1443),#1447);
#1443 = AXIS2_PLACEMENT_3D('',#1444,#1445,#1446);
#1444 = CARTESIAN_POINT('',(14.770004232461,11.9999992,1.592701911926));
#1445 = DIRECTION('',(1.748455531469E-07,-1.,-4.371138828674E-08));
#1446 = DIRECTION('',(1.,1.748455531469E-07,0.));
#1447 = ( GEOMETRIC_REPRESENTATION_CONTEXT(3) 
GLOBAL_UNCERTAINTY_ASSIGNED_CONTEXT((#1451)) 
GLOBAL_UNIT_ASSIGNED_CONTEXT((#1448,#1449,#1450)) REPRESENTATION_CONTEXT
('Context #1','3D Context with UNIT and UNCERTAINTY') );
#1448 = ( LENGTH_UNIT() NAMED_UNIT(*) SI_UNIT(.MILLI.,.METRE.) );
#1449 = ( NAMED_UNIT(*) PLANE_ANGLE_UNIT() SI_UNIT($,.RADIAN.) );
#1450 = ( NAMED_UNIT(*) SI_UNIT($,.STERADIAN.) SOLID_ANGLE_UNIT() );
#1451 = UNCERTAINTY_MEASURE_WITH_UNIT(LENGTH_MEASURE(1.E-07),#1448,
  'distance_accuracy_value','confusion accuracy');
#1452 = ADVANCED_BREP_SHAPE_REPRESENTATION('',(#11,#1453),#3320);
#1453 = MANIFOLD_SOLID_BREP('',#1454);
#1454 = CLOSED_SHELL('',(#1455,#1495,#1590,#1621,#1645,#1703,#1734,#1758
    ,#1816,#1913,#1964,#1976,#2016,#2047,#2078,#2109,#2133,#2157,#2181,
    #2307,#2372,#2396,#2420,#2444,#2502,#2519,#2536,#2553,#2570,#2587,
    #2601,#2613,#2644,#2675,#2706,#2737,#2761,#2778,#2802,#2826,#2850,
    #2867,#2884,#2896,#2913,#2944,#2975,#2992,#3009,#3021,#3045,#3069,
    #3086,#3103,#3115,#3132,#3163,#3194,#3211,#3228,#3240,#3262,#3279,
    #3296,#3308));
#1455 = ADVANCED_FACE('',(#1456),#1490,.F.);
#1456 = FACE_BOUND('',#1457,.T.);
#1457 = EDGE_LOOP('',(#1458,#1468,#1476,#1484));
#1458 = ORIENTED_EDGE('',*,*,#1459,.F.);
#1459 = EDGE_CURVE('',#1460,#1462,#1464,.T.);
#1460 = VERTEX_POINT('',#1461);
#1461 = CARTESIAN_POINT('',(-2.54,1.58,2.9));
#1462 = VERTEX_POINT('',#1463);
#1463 = CARTESIAN_POINT('',(-2.54,-1.58,2.9));
#1464 = LINE('',#1465,#1466);
#1465 = CARTESIAN_POINT('',(-2.54,1.58,2.9));
#1466 = VECTOR('',#1467,1.);
#1467 = DIRECTION('',(0.,-1.,0.));
#1468 = ORIENTED_EDGE('',*,*,#1469,.F.);
#1469 = EDGE_CURVE('',#1470,#1460,#1472,.T.);
#1470 = VERTEX_POINT('',#1471);
#1471 = CARTESIAN_POINT('',(-2.54,1.58,-2.9));
#1472 = LINE('',#1473,#1474);
#1473 = CARTESIAN_POINT('',(-2.54,1.58,-2.9));
#1474 = VECTOR('',#1475,1.);
#1475 = DIRECTION('',(0.,0.,1.));
#1476 = ORIENTED_EDGE('',*,*,#1477,.F.);
#1477 = EDGE_CURVE('',#1478,#1470,#1480,.T.);
#1478 = VERTEX_POINT('',#1479);
#1479 = CARTESIAN_POINT('',(-2.54,-1.58,-2.9));
#1480 = LINE('',#1481,#1482);
#1481 = CARTESIAN_POINT('',(-2.54,-1.58,-2.9));
#1482 = VECTOR('',#1483,1.);
#1483 = DIRECTION('',(0.,1.,0.));
#1484 = ORIENTED_EDGE('',*,*,#1485,.F.);
#1485 = EDGE_CURVE('',#1462,#1478,#1486,.T.);
#1486 = LINE('',#1487,#1488);
#1487 = CARTESIAN_POINT('',(-2.54,-1.58,2.9));
#1488 = VECTOR('',#1489,1.);
#1489 = DIRECTION('',(0.,0.,-1.));
#1490 = PLANE('',#1491);
#1491 = AXIS2_PLACEMENT_3D('',#1492,#1493,#1494);
#1492 = CARTESIAN_POINT('',(-2.54,0.,0.));
#1493 = DIRECTION('',(1.,0.,0.));
#1494 = DIRECTION('',(-0.,1.,0.));
#1495 = ADVANCED_FACE('',(#1496),#1585,.T.);
#1496 = FACE_BOUND('',#1497,.T.);
#1497 = EDGE_LOOP('',(#1498,#1508,#1516,#1524,#1532,#1540,#1546,#1547,
    #1555,#1563,#1571,#1579));
#1498 = ORIENTED_EDGE('',*,*,#1499,.T.);
#1499 = EDGE_CURVE('',#1500,#1502,#1504,.T.);
#1500 = VERTEX_POINT('',#1501);
#1501 = CARTESIAN_POINT('',(0.43,-1.58,2.9));
#1502 = VERTEX_POINT('',#1503);
#1503 = CARTESIAN_POINT('',(0.43,-0.94,2.9));
#1504 = LINE('',#1505,#1506);
#1505 = CARTESIAN_POINT('',(0.43,-1.58,2.9));
#1506 = VECTOR('',#1507,1.);
#1507 = DIRECTION('',(0.,1.,0.));
#1508 = ORIENTED_EDGE('',*,*,#1509,.F.);
#1509 = EDGE_CURVE('',#1510,#1502,#1512,.T.);
#1510 = VERTEX_POINT('',#1511);
#1511 = CARTESIAN_POINT('',(2.11,-0.94,2.9));
#1512 = LINE('',#1513,#1514);
#1513 = CARTESIAN_POINT('',(2.11,-0.94,2.9));
#1514 = VECTOR('',#1515,1.);
#1515 = DIRECTION('',(-1.,0.,0.));
#1516 = ORIENTED_EDGE('',*,*,#1517,.F.);
#1517 = EDGE_CURVE('',#1518,#1510,#1520,.T.);
#1518 = VERTEX_POINT('',#1519);
#1519 = CARTESIAN_POINT('',(2.11,-1.58,2.9));
#1520 = LINE('',#1521,#1522);
#1521 = CARTESIAN_POINT('',(2.11,-1.58,2.9));
#1522 = VECTOR('',#1523,1.);
#1523 = DIRECTION('',(0.,1.,0.));
#1524 = ORIENTED_EDGE('',*,*,#1525,.T.);
#1525 = EDGE_CURVE('',#1518,#1526,#1528,.T.);
#1526 = VERTEX_POINT('',#1527);
#1527 = CARTESIAN_POINT('',(2.54,-1.58,2.9));
#1528 = LINE('',#1529,#1530);
#1529 = CARTESIAN_POINT('',(2.11,-1.58,2.9));
#1530 = VECTOR('',#1531,1.);
#1531 = DIRECTION('',(1.,0.,0.));
#1532 = ORIENTED_EDGE('',*,*,#1533,.F.);
#1533 = EDGE_CURVE('',#1534,#1526,#1536,.T.);
#1534 = VERTEX_POINT('',#1535);
#1535 = CARTESIAN_POINT('',(2.54,1.58,2.9));
#1536 = LINE('',#1537,#1538);
#1537 = CARTESIAN_POINT('',(2.54,1.58,2.9));
#1538 = VECTOR('',#1539,1.);
#1539 = DIRECTION('',(0.,-1.,0.));
#1540 = ORIENTED_EDGE('',*,*,#1541,.F.);
#1541 = EDGE_CURVE('',#1460,#1534,#1542,.T.);
#1542 = LINE('',#1543,#1544);
#1543 = CARTESIAN_POINT('',(-2.54,1.58,2.9));
#1544 = VECTOR('',#1545,1.);
#1545 = DIRECTION('',(1.,0.,0.));
#1546 = ORIENTED_EDGE('',*,*,#1459,.T.);
#1547 = ORIENTED_EDGE('',*,*,#1548,.T.);
#1548 = EDGE_CURVE('',#1462,#1549,#1551,.T.);
#1549 = VERTEX_POINT('',#1550);
#1550 = CARTESIAN_POINT('',(-2.11,-1.58,2.9));
#1551 = LINE('',#1552,#1553);
#1552 = CARTESIAN_POINT('',(-2.54,-1.58,2.9));
#1553 = VECTOR('',#1554,1.);
#1554 = DIRECTION('',(1.,0.,0.));
#1555 = ORIENTED_EDGE('',*,*,#1556,.T.);
#1556 = EDGE_CURVE('',#1549,#1557,#1559,.T.);
#1557 = VERTEX_POINT('',#1558);
#1558 = CARTESIAN_POINT('',(-2.11,-0.94,2.9));
#1559 = LINE('',#1560,#1561);
#1560 = CARTESIAN_POINT('',(-2.11,-1.58,2.9));
#1561 = VECTOR('',#1562,1.);
#1562 = DIRECTION('',(0.,1.,0.));
#1563 = ORIENTED_EDGE('',*,*,#1564,.F.);
#1564 = EDGE_CURVE('',#1565,#1557,#1567,.T.);
#1565 = VERTEX_POINT('',#1566);
#1566 = CARTESIAN_POINT('',(-0.43,-0.94,2.9));
#1567 = LINE('',#1568,#1569);
#1568 = CARTESIAN_POINT('',(-0.43,-0.94,2.9));
#1569 = VECTOR('',#1570,1.);
#1570 = DIRECTION('',(-1.,0.,0.));
#1571 = ORIENTED_EDGE('',*,*,#1572,.F.);
#1572 = EDGE_CURVE('',#1573,#1565,#1575,.T.);
#1573 = VERTEX_POINT('',#1574);
#1574 = CARTESIAN_POINT('',(-0.43,-1.58,2.9));
#1575 = LINE('',#1576,#1577);
#1576 = CARTESIAN_POINT('',(-0.43,-1.58,2.9));
#1577 = VECTOR('',#1578,1.);
#1578 = DIRECTION('',(0.,1.,0.));
#1579 = ORIENTED_EDGE('',*,*,#1580,.T.);
#1580 = EDGE_CURVE('',#1573,#1500,#1581,.T.);
#1581 = LINE('',#1582,#1583);
#1582 = CARTESIAN_POINT('',(-0.43,-1.58,2.9));
#1583 = VECTOR('',#1584,1.);
#1584 = DIRECTION('',(1.,0.,0.));
#1585 = PLANE('',#1586);
#1586 = AXIS2_PLACEMENT_3D('',#1587,#1588,#1589);
#1587 = CARTESIAN_POINT('',(-2.54,1.58,2.9));
#1588 = DIRECTION('',(0.,0.,1.));
#1589 = DIRECTION('',(1.,0.,-0.));
#1590 = ADVANCED_FACE('',(#1591),#1616,.F.);
#1591 = FACE_BOUND('',#1592,.T.);
#1592 = EDGE_LOOP('',(#1593,#1601,#1609,#1615));
#1593 = ORIENTED_EDGE('',*,*,#1594,.T.);
#1594 = EDGE_CURVE('',#1500,#1595,#1597,.T.);
#1595 = VERTEX_POINT('',#1596);
#1596 = CARTESIAN_POINT('',(0.43,-1.58,-2.9));
#1597 = LINE('',#1598,#1599);
#1598 = CARTESIAN_POINT('',(0.43,-1.58,2.9));
#1599 = VECTOR('',#1600,1.);
#1600 = DIRECTION('',(0.,0.,-1.));
#1601 = ORIENTED_EDGE('',*,*,#1602,.T.);
#1602 = EDGE_CURVE('',#1595,#1603,#1605,.T.);
#1603 = VERTEX_POINT('',#1604);
#1604 = CARTESIAN_POINT('',(0.43,-0.94,-2.9));
#1605 = LINE('',#1606,#1607);
#1606 = CARTESIAN_POINT('',(0.43,-1.58,-2.9));
#1607 = VECTOR('',#1608,1.);
#1608 = DIRECTION('',(0.,1.,0.));
#1609 = ORIENTED_EDGE('',*,*,#1610,.F.);
#1610 = EDGE_CURVE('',#1502,#1603,#1611,.T.);
#1611 = LINE('',#1612,#1613);
#1612 = CARTESIAN_POINT('',(0.43,-0.94,2.9));
#1613 = VECTOR('',#1614,1.);
#1614 = DIRECTION('',(0.,0.,-1.));
#1615 = ORIENTED_EDGE('',*,*,#1499,.F.);
#1616 = PLANE('',#1617);
#1617 = AXIS2_PLACEMENT_3D('',#1618,#1619,#1620);
#1618 = CARTESIAN_POINT('',(0.43,-0.94,2.9));
#1619 = DIRECTION('',(-1.,0.,0.));
#1620 = DIRECTION('',(0.,0.,1.));
#1621 = ADVANCED_FACE('',(#1622),#1640,.T.);
#1622 = FACE_BOUND('',#1623,.T.);
#1623 = EDGE_LOOP('',(#1624,#1632,#1633,#1634));
#1624 = ORIENTED_EDGE('',*,*,#1625,.F.);
#1625 = EDGE_CURVE('',#1549,#1626,#1628,.T.);
#1626 = VERTEX_POINT('',#1627);
#1627 = CARTESIAN_POINT('',(-2.11,-1.58,-2.9));
#1628 = LINE('',#1629,#1630);
#1629 = CARTESIAN_POINT('',(-2.11,-1.58,2.9));
#1630 = VECTOR('',#1631,1.);
#1631 = DIRECTION('',(0.,0.,-1.));
#1632 = ORIENTED_EDGE('',*,*,#1548,.F.);
#1633 = ORIENTED_EDGE('',*,*,#1485,.T.);
#1634 = ORIENTED_EDGE('',*,*,#1635,.T.);
#1635 = EDGE_CURVE('',#1478,#1626,#1636,.T.);
#1636 = LINE('',#1637,#1638);
#1637 = CARTESIAN_POINT('',(-2.54,-1.58,-2.9));
#1638 = VECTOR('',#1639,1.);
#1639 = DIRECTION('',(1.,0.,0.));
#1640 = PLANE('',#1641);
#1641 = AXIS2_PLACEMENT_3D('',#1642,#1643,#1644);
#1642 = CARTESIAN_POINT('',(-2.54,-1.58,2.9));
#1643 = DIRECTION('',(0.,-1.,0.));
#1644 = DIRECTION('',(0.,0.,-1.));
#1645 = ADVANCED_FACE('',(#1646,#1664),#1698,.T.);
#1646 = FACE_BOUND('',#1647,.T.);
#1647 = EDGE_LOOP('',(#1648,#1649,#1650,#1658));
#1648 = ORIENTED_EDGE('',*,*,#1594,.F.);
#1649 = ORIENTED_EDGE('',*,*,#1580,.F.);
#1650 = ORIENTED_EDGE('',*,*,#1651,.T.);
#1651 = EDGE_CURVE('',#1573,#1652,#1654,.T.);
#1652 = VERTEX_POINT('',#1653);
#1653 = CARTESIAN_POINT('',(-0.43,-1.58,-2.9));
#1654 = LINE('',#1655,#1656);
#1655 = CARTESIAN_POINT('',(-0.43,-1.58,2.9));
#1656 = VECTOR('',#1657,1.);
#1657 = DIRECTION('',(0.,0.,-1.));
#1658 = ORIENTED_EDGE('',*,*,#1659,.T.);
#1659 = EDGE_CURVE('',#1652,#1595,#1660,.T.);
#1660 = LINE('',#1661,#1662);
#1661 = CARTESIAN_POINT('',(-0.43,-1.58,-2.9));
#1662 = VECTOR('',#1663,1.);
#1663 = DIRECTION('',(1.,0.,0.));
#1664 = FACE_BOUND('',#1665,.T.);
#1665 = EDGE_LOOP('',(#1666,#1676,#1684,#1692));
#1666 = ORIENTED_EDGE('',*,*,#1667,.T.);
#1667 = EDGE_CURVE('',#1668,#1670,#1672,.T.);
#1668 = VERTEX_POINT('',#1669);
#1669 = CARTESIAN_POINT('',(-0.305,-1.58,-0.77));
#1670 = VERTEX_POINT('',#1671);
#1671 = CARTESIAN_POINT('',(-0.305,-1.58,0.73));
#1672 = LINE('',#1673,#1674);
#1673 = CARTESIAN_POINT('',(-0.305,-1.58,-0.77));
#1674 = VECTOR('',#1675,1.);
#1675 = DIRECTION('',(0.,0.,1.));
#1676 = ORIENTED_EDGE('',*,*,#1677,.T.);
#1677 = EDGE_CURVE('',#1670,#1678,#1680,.T.);
#1678 = VERTEX_POINT('',#1679);
#1679 = CARTESIAN_POINT('',(0.305,-1.58,0.73));
#1680 = LINE('',#1681,#1682);
#1681 = CARTESIAN_POINT('',(-0.305,-1.58,0.73));
#1682 = VECTOR('',#1683,1.);
#1683 = DIRECTION('',(1.,0.,0.));
#1684 = ORIENTED_EDGE('',*,*,#1685,.T.);
#1685 = EDGE_CURVE('',#1678,#1686,#1688,.T.);
#1686 = VERTEX_POINT('',#1687);
#1687 = CARTESIAN_POINT('',(0.305,-1.58,-0.77));
#1688 = LINE('',#1689,#1690);
#1689 = CARTESIAN_POINT('',(0.305,-1.58,0.73));
#1690 = VECTOR('',#1691,1.);
#1691 = DIRECTION('',(0.,0.,-1.));
#1692 = ORIENTED_EDGE('',*,*,#1693,.T.);
#1693 = EDGE_CURVE('',#1686,#1668,#1694,.T.);
#1694 = LINE('',#1695,#1696);
#1695 = CARTESIAN_POINT('',(0.305,-1.58,-0.77));
#1696 = VECTOR('',#1697,1.);
#1697 = DIRECTION('',(-1.,0.,0.));
#1698 = PLANE('',#1699);
#1699 = AXIS2_PLACEMENT_3D('',#1700,#1701,#1702);
#1700 = CARTESIAN_POINT('',(-2.54,-1.58,2.9));
#1701 = DIRECTION('',(0.,-1.,0.));
#1702 = DIRECTION('',(0.,0.,-1.));
#1703 = ADVANCED_FACE('',(#1704),#1729,.T.);
#1704 = FACE_BOUND('',#1705,.T.);
#1705 = EDGE_LOOP('',(#1706,#1714,#1722,#1728));
#1706 = ORIENTED_EDGE('',*,*,#1707,.T.);
#1707 = EDGE_CURVE('',#1518,#1708,#1710,.T.);
#1708 = VERTEX_POINT('',#1709);
#1709 = CARTESIAN_POINT('',(2.11,-1.58,-2.9));
#1710 = LINE('',#1711,#1712);
#1711 = CARTESIAN_POINT('',(2.11,-1.58,2.9));
#1712 = VECTOR('',#1713,1.);
#1713 = DIRECTION('',(0.,0.,-1.));
#1714 = ORIENTED_EDGE('',*,*,#1715,.T.);
#1715 = EDGE_CURVE('',#1708,#1716,#1718,.T.);
#1716 = VERTEX_POINT('',#1717);
#1717 = CARTESIAN_POINT('',(2.54,-1.58,-2.9));
#1718 = LINE('',#1719,#1720);
#1719 = CARTESIAN_POINT('',(2.11,-1.58,-2.9));
#1720 = VECTOR('',#1721,1.);
#1721 = DIRECTION('',(1.,0.,0.));
#1722 = ORIENTED_EDGE('',*,*,#1723,.F.);
#1723 = EDGE_CURVE('',#1526,#1716,#1724,.T.);
#1724 = LINE('',#1725,#1726);
#1725 = CARTESIAN_POINT('',(2.54,-1.58,2.9));
#1726 = VECTOR('',#1727,1.);
#1727 = DIRECTION('',(0.,0.,-1.));
#1728 = ORIENTED_EDGE('',*,*,#1525,.F.);
#1729 = PLANE('',#1730);
#1730 = AXIS2_PLACEMENT_3D('',#1731,#1732,#1733);
#1731 = CARTESIAN_POINT('',(-2.54,-1.58,2.9));
#1732 = DIRECTION('',(0.,-1.,0.));
#1733 = DIRECTION('',(0.,0.,-1.));
#1734 = ADVANCED_FACE('',(#1735),#1753,.F.);
#1735 = FACE_BOUND('',#1736,.T.);
#1736 = EDGE_LOOP('',(#1737,#1738,#1746,#1752));
#1737 = ORIENTED_EDGE('',*,*,#1625,.T.);
#1738 = ORIENTED_EDGE('',*,*,#1739,.T.);
#1739 = EDGE_CURVE('',#1626,#1740,#1742,.T.);
#1740 = VERTEX_POINT('',#1741);
#1741 = CARTESIAN_POINT('',(-2.11,-0.94,-2.9));
#1742 = LINE('',#1743,#1744);
#1743 = CARTESIAN_POINT('',(-2.11,-1.58,-2.9));
#1744 = VECTOR('',#1745,1.);
#1745 = DIRECTION('',(0.,1.,0.));
#1746 = ORIENTED_EDGE('',*,*,#1747,.F.);
#1747 = EDGE_CURVE('',#1557,#1740,#1748,.T.);
#1748 = LINE('',#1749,#1750);
#1749 = CARTESIAN_POINT('',(-2.11,-0.94,2.9));
#1750 = VECTOR('',#1751,1.);
#1751 = DIRECTION('',(0.,0.,-1.));
#1752 = ORIENTED_EDGE('',*,*,#1556,.F.);
#1753 = PLANE('',#1754);
#1754 = AXIS2_PLACEMENT_3D('',#1755,#1756,#1757);
#1755 = CARTESIAN_POINT('',(-2.11,-0.94,2.9));
#1756 = DIRECTION('',(-1.,0.,0.));
#1757 = DIRECTION('',(0.,0.,1.));
#1758 = ADVANCED_FACE('',(#1759,#1777),#1811,.F.);
#1759 = FACE_BOUND('',#1760,.T.);
#1760 = EDGE_LOOP('',(#1761,#1769,#1775,#1776));
#1761 = ORIENTED_EDGE('',*,*,#1762,.F.);
#1762 = EDGE_CURVE('',#1763,#1740,#1765,.T.);
#1763 = VERTEX_POINT('',#1764);
#1764 = CARTESIAN_POINT('',(-0.43,-0.94,-2.9));
#1765 = LINE('',#1766,#1767);
#1766 = CARTESIAN_POINT('',(-0.43,-0.94,-2.9));
#1767 = VECTOR('',#1768,1.);
#1768 = DIRECTION('',(-1.,0.,0.));
#1769 = ORIENTED_EDGE('',*,*,#1770,.F.);
#1770 = EDGE_CURVE('',#1565,#1763,#1771,.T.);
#1771 = LINE('',#1772,#1773);
#1772 = CARTESIAN_POINT('',(-0.43,-0.94,2.9));
#1773 = VECTOR('',#1774,1.);
#1774 = DIRECTION('',(0.,0.,-1.));
#1775 = ORIENTED_EDGE('',*,*,#1564,.T.);
#1776 = ORIENTED_EDGE('',*,*,#1747,.T.);
#1777 = FACE_BOUND('',#1778,.T.);
#1778 = EDGE_LOOP('',(#1779,#1789,#1797,#1805));
#1779 = ORIENTED_EDGE('',*,*,#1780,.F.);
#1780 = EDGE_CURVE('',#1781,#1783,#1785,.T.);
#1781 = VERTEX_POINT('',#1782);
#1782 = CARTESIAN_POINT('',(-1.59,-0.94,0.3));
#1783 = VERTEX_POINT('',#1784);
#1784 = CARTESIAN_POINT('',(-1.59,-0.94,-0.34));
#1785 = LINE('',#1786,#1787);
#1786 = CARTESIAN_POINT('',(-1.59,-0.94,0.3));
#1787 = VECTOR('',#1788,1.);
#1788 = DIRECTION('',(0.,0.,-1.));
#1789 = ORIENTED_EDGE('',*,*,#1790,.T.);
#1790 = EDGE_CURVE('',#1781,#1791,#1793,.T.);
#1791 = VERTEX_POINT('',#1792);
#1792 = CARTESIAN_POINT('',(-0.95,-0.94,0.3));
#1793 = LINE('',#1794,#1795);
#1794 = CARTESIAN_POINT('',(-1.59,-0.94,0.3));
#1795 = VECTOR('',#1796,1.);
#1796 = DIRECTION('',(1.,0.,0.));
#1797 = ORIENTED_EDGE('',*,*,#1798,.T.);
#1798 = EDGE_CURVE('',#1791,#1799,#1801,.T.);
#1799 = VERTEX_POINT('',#1800);
#1800 = CARTESIAN_POINT('',(-0.95,-0.94,-0.34));
#1801 = LINE('',#1802,#1803);
#1802 = CARTESIAN_POINT('',(-0.95,-0.94,0.3));
#1803 = VECTOR('',#1804,1.);
#1804 = DIRECTION('',(0.,0.,-1.));
#1805 = ORIENTED_EDGE('',*,*,#1806,.F.);
#1806 = EDGE_CURVE('',#1783,#1799,#1807,.T.);
#1807 = LINE('',#1808,#1809);
#1808 = CARTESIAN_POINT('',(-1.59,-0.94,-0.34));
#1809 = VECTOR('',#1810,1.);
#1810 = DIRECTION('',(1.,0.,0.));
#1811 = PLANE('',#1812);
#1812 = AXIS2_PLACEMENT_3D('',#1813,#1814,#1815);
#1813 = CARTESIAN_POINT('',(-0.43,-0.94,2.9));
#1814 = DIRECTION('',(-0.,1.,0.));
#1815 = DIRECTION('',(1.,0.,0.));
#1816 = ADVANCED_FACE('',(#1817),#1908,.T.);
#1817 = FACE_BOUND('',#1818,.T.);
#1818 = EDGE_LOOP('',(#1819,#1820,#1821,#1827,#1828,#1829,#1830,#1831,
    #1839,#1847,#1855,#1863,#1871,#1879,#1887,#1893,#1894,#1902));
#1819 = ORIENTED_EDGE('',*,*,#1602,.F.);
#1820 = ORIENTED_EDGE('',*,*,#1659,.F.);
#1821 = ORIENTED_EDGE('',*,*,#1822,.T.);
#1822 = EDGE_CURVE('',#1652,#1763,#1823,.T.);
#1823 = LINE('',#1824,#1825);
#1824 = CARTESIAN_POINT('',(-0.43,-1.58,-2.9));
#1825 = VECTOR('',#1826,1.);
#1826 = DIRECTION('',(0.,1.,0.));
#1827 = ORIENTED_EDGE('',*,*,#1762,.T.);
#1828 = ORIENTED_EDGE('',*,*,#1739,.F.);
#1829 = ORIENTED_EDGE('',*,*,#1635,.F.);
#1830 = ORIENTED_EDGE('',*,*,#1477,.T.);
#1831 = ORIENTED_EDGE('',*,*,#1832,.T.);
#1832 = EDGE_CURVE('',#1470,#1833,#1835,.T.);
#1833 = VERTEX_POINT('',#1834);
#1834 = CARTESIAN_POINT('',(-1.27,1.58,-2.9));
#1835 = LINE('',#1836,#1837);
#1836 = CARTESIAN_POINT('',(-2.54,1.58,-2.9));
#1837 = VECTOR('',#1838,1.);
#1838 = DIRECTION('',(1.,0.,0.));
#1839 = ORIENTED_EDGE('',*,*,#1840,.T.);
#1840 = EDGE_CURVE('',#1833,#1841,#1843,.T.);
#1841 = VERTEX_POINT('',#1842);
#1842 = CARTESIAN_POINT('',(-1.27,9.37,-2.9));
#1843 = LINE('',#1844,#1845);
#1844 = CARTESIAN_POINT('',(-1.27,1.58,-2.9));
#1845 = VECTOR('',#1846,1.);
#1846 = DIRECTION('',(0.,1.,0.));
#1847 = ORIENTED_EDGE('',*,*,#1848,.T.);
#1848 = EDGE_CURVE('',#1841,#1849,#1851,.T.);
#1849 = VERTEX_POINT('',#1850);
#1850 = CARTESIAN_POINT('',(-0.9970223243,10.12,-2.9));
#1851 = LINE('',#1852,#1853);
#1852 = CARTESIAN_POINT('',(-1.27,9.37,-2.9));
#1853 = VECTOR('',#1854,1.);
#1854 = DIRECTION('',(0.342020143326,0.939692620786,0.));
#1855 = ORIENTED_EDGE('',*,*,#1856,.T.);
#1856 = EDGE_CURVE('',#1849,#1857,#1859,.T.);
#1857 = VERTEX_POINT('',#1858);
#1858 = CARTESIAN_POINT('',(0.9970223243,10.12,-2.9));
#1859 = LINE('',#1860,#1861);
#1860 = CARTESIAN_POINT('',(-0.9970223243,10.12,-2.9));
#1861 = VECTOR('',#1862,1.);
#1862 = DIRECTION('',(1.,0.,0.));
#1863 = ORIENTED_EDGE('',*,*,#1864,.T.);
#1864 = EDGE_CURVE('',#1857,#1865,#1867,.T.);
#1865 = VERTEX_POINT('',#1866);
#1866 = CARTESIAN_POINT('',(1.27,9.37,-2.9));
#1867 = LINE('',#1868,#1869);
#1868 = CARTESIAN_POINT('',(0.9970223243,10.12,-2.9));
#1869 = VECTOR('',#1870,1.);
#1870 = DIRECTION('',(0.342020143326,-0.939692620786,0.));
#1871 = ORIENTED_EDGE('',*,*,#1872,.F.);
#1872 = EDGE_CURVE('',#1873,#1865,#1875,.T.);
#1873 = VERTEX_POINT('',#1874);
#1874 = CARTESIAN_POINT('',(1.27,1.58,-2.9));
#1875 = LINE('',#1876,#1877);
#1876 = CARTESIAN_POINT('',(1.27,1.58,-2.9));
#1877 = VECTOR('',#1878,1.);
#1878 = DIRECTION('',(0.,1.,0.));
#1879 = ORIENTED_EDGE('',*,*,#1880,.T.);
#1880 = EDGE_CURVE('',#1873,#1881,#1883,.T.);
#1881 = VERTEX_POINT('',#1882);
#1882 = CARTESIAN_POINT('',(2.54,1.58,-2.9));
#1883 = LINE('',#1884,#1885);
#1884 = CARTESIAN_POINT('',(1.27,1.58,-2.9));
#1885 = VECTOR('',#1886,1.);
#1886 = DIRECTION('',(1.,0.,0.));
#1887 = ORIENTED_EDGE('',*,*,#1888,.F.);
#1888 = EDGE_CURVE('',#1716,#1881,#1889,.T.);
#1889 = LINE('',#1890,#1891);
#1890 = CARTESIAN_POINT('',(2.54,-1.58,-2.9));
#1891 = VECTOR('',#1892,1.);
#1892 = DIRECTION('',(0.,1.,0.));
#1893 = ORIENTED_EDGE('',*,*,#1715,.F.);
#1894 = ORIENTED_EDGE('',*,*,#1895,.T.);
#1895 = EDGE_CURVE('',#1708,#1896,#1898,.T.);
#1896 = VERTEX_POINT('',#1897);
#1897 = CARTESIAN_POINT('',(2.11,-0.94,-2.9));
#1898 = LINE('',#1899,#1900);
#1899 = CARTESIAN_POINT('',(2.11,-1.58,-2.9));
#1900 = VECTOR('',#1901,1.);
#1901 = DIRECTION('',(0.,1.,0.));
#1902 = ORIENTED_EDGE('',*,*,#1903,.T.);
#1903 = EDGE_CURVE('',#1896,#1603,#1904,.T.);
#1904 = LINE('',#1905,#1906);
#1905 = CARTESIAN_POINT('',(2.11,-0.94,-2.9));
#1906 = VECTOR('',#1907,1.);
#1907 = DIRECTION('',(-1.,0.,0.));
#1908 = PLANE('',#1909);
#1909 = AXIS2_PLACEMENT_3D('',#1910,#1911,#1912);
#1910 = CARTESIAN_POINT('',(-2.54,-1.58,-2.9));
#1911 = DIRECTION('',(0.,0.,-1.));
#1912 = DIRECTION('',(0.,-1.,0.));
#1913 = ADVANCED_FACE('',(#1914,#1925),#1959,.F.);
#1914 = FACE_BOUND('',#1915,.T.);
#1915 = EDGE_LOOP('',(#1916,#1917,#1923,#1924));
#1916 = ORIENTED_EDGE('',*,*,#1903,.F.);
#1917 = ORIENTED_EDGE('',*,*,#1918,.F.);
#1918 = EDGE_CURVE('',#1510,#1896,#1919,.T.);
#1919 = LINE('',#1920,#1921);
#1920 = CARTESIAN_POINT('',(2.11,-0.94,2.9));
#1921 = VECTOR('',#1922,1.);
#1922 = DIRECTION('',(0.,0.,-1.));
#1923 = ORIENTED_EDGE('',*,*,#1509,.T.);
#1924 = ORIENTED_EDGE('',*,*,#1610,.T.);
#1925 = FACE_BOUND('',#1926,.T.);
#1926 = EDGE_LOOP('',(#1927,#1937,#1945,#1953));
#1927 = ORIENTED_EDGE('',*,*,#1928,.F.);
#1928 = EDGE_CURVE('',#1929,#1931,#1933,.T.);
#1929 = VERTEX_POINT('',#1930);
#1930 = CARTESIAN_POINT('',(0.95,-0.94,0.3));
#1931 = VERTEX_POINT('',#1932);
#1932 = CARTESIAN_POINT('',(0.95,-0.94,-0.34));
#1933 = LINE('',#1934,#1935);
#1934 = CARTESIAN_POINT('',(0.95,-0.94,0.3));
#1935 = VECTOR('',#1936,1.);
#1936 = DIRECTION('',(0.,0.,-1.));
#1937 = ORIENTED_EDGE('',*,*,#1938,.T.);
#1938 = EDGE_CURVE('',#1929,#1939,#1941,.T.);
#1939 = VERTEX_POINT('',#1940);
#1940 = CARTESIAN_POINT('',(1.59,-0.94,0.3));
#1941 = LINE('',#1942,#1943);
#1942 = CARTESIAN_POINT('',(0.95,-0.94,0.3));
#1943 = VECTOR('',#1944,1.);
#1944 = DIRECTION('',(1.,0.,0.));
#1945 = ORIENTED_EDGE('',*,*,#1946,.T.);
#1946 = EDGE_CURVE('',#1939,#1947,#1949,.T.);
#1947 = VERTEX_POINT('',#1948);
#1948 = CARTESIAN_POINT('',(1.59,-0.94,-0.34));
#1949 = LINE('',#1950,#1951);
#1950 = CARTESIAN_POINT('',(1.59,-0.94,0.3));
#1951 = VECTOR('',#1952,1.);
#1952 = DIRECTION('',(0.,0.,-1.));
#1953 = ORIENTED_EDGE('',*,*,#1954,.F.);
#1954 = EDGE_CURVE('',#1931,#1947,#1955,.T.);
#1955 = LINE('',#1956,#1957);
#1956 = CARTESIAN_POINT('',(0.95,-0.94,-0.34));
#1957 = VECTOR('',#1958,1.);
#1958 = DIRECTION('',(1.,0.,0.));
#1959 = PLANE('',#1960);
#1960 = AXIS2_PLACEMENT_3D('',#1961,#1962,#1963);
#1961 = CARTESIAN_POINT('',(2.11,-0.94,2.9));
#1962 = DIRECTION('',(-0.,1.,0.));
#1963 = DIRECTION('',(1.,0.,0.));
#1964 = ADVANCED_FACE('',(#1965),#1971,.F.);
#1965 = FACE_BOUND('',#1966,.T.);
#1966 = EDGE_LOOP('',(#1967,#1968,#1969,#1970));
#1967 = ORIENTED_EDGE('',*,*,#1707,.F.);
#1968 = ORIENTED_EDGE('',*,*,#1517,.T.);
#1969 = ORIENTED_EDGE('',*,*,#1918,.T.);
#1970 = ORIENTED_EDGE('',*,*,#1895,.F.);
#1971 = PLANE('',#1972);
#1972 = AXIS2_PLACEMENT_3D('',#1973,#1974,#1975);
#1973 = CARTESIAN_POINT('',(2.11,-1.58,2.9));
#1974 = DIRECTION('',(1.,0.,0.));
#1975 = DIRECTION('',(-0.,1.,0.));
#1976 = ADVANCED_FACE('',(#1977),#2011,.F.);
#1977 = FACE_BOUND('',#1978,.T.);
#1978 = EDGE_LOOP('',(#1979,#1989,#1997,#2005));
#1979 = ORIENTED_EDGE('',*,*,#1980,.T.);
#1980 = EDGE_CURVE('',#1981,#1983,#1985,.T.);
#1981 = VERTEX_POINT('',#1982);
#1982 = CARTESIAN_POINT('',(0.95,8.58,0.3));
#1983 = VERTEX_POINT('',#1984);
#1984 = CARTESIAN_POINT('',(0.95,8.58,-0.34));
#1985 = LINE('',#1986,#1987);
#1986 = CARTESIAN_POINT('',(0.95,8.58,0.3));
#1987 = VECTOR('',#1988,1.);
#1988 = DIRECTION('',(0.,0.,-1.));
#1989 = ORIENTED_EDGE('',*,*,#1990,.F.);
#1990 = EDGE_CURVE('',#1991,#1983,#1993,.T.);
#1991 = VERTEX_POINT('',#1992);
#1992 = CARTESIAN_POINT('',(0.95,1.58,-0.34));
#1993 = LINE('',#1994,#1995);
#1994 = CARTESIAN_POINT('',(0.95,1.58,-0.34));
#1995 = VECTOR('',#1996,1.);
#1996 = DIRECTION('',(0.,1.,0.));
#1997 = ORIENTED_EDGE('',*,*,#1998,.F.);
#1998 = EDGE_CURVE('',#1999,#1991,#2001,.T.);
#1999 = VERTEX_POINT('',#2000);
#2000 = CARTESIAN_POINT('',(0.95,1.58,0.3));
#2001 = LINE('',#2002,#2003);
#2002 = CARTESIAN_POINT('',(0.95,1.58,0.3));
#2003 = VECTOR('',#2004,1.);
#2004 = DIRECTION('',(0.,0.,-1.));
#2005 = ORIENTED_EDGE('',*,*,#2006,.F.);
#2006 = EDGE_CURVE('',#1981,#1999,#2007,.T.);
#2007 = LINE('',#2008,#2009);
#2008 = CARTESIAN_POINT('',(0.95,8.58,0.3));
#2009 = VECTOR('',#2010,1.);
#2010 = DIRECTION('',(0.,-1.,0.));
#2011 = PLANE('',#2012);
#2012 = AXIS2_PLACEMENT_3D('',#2013,#2014,#2015);
#2013 = CARTESIAN_POINT('',(0.95,0.,0.));
#2014 = DIRECTION('',(1.,0.,0.));
#2015 = DIRECTION('',(-0.,1.,0.));
#2016 = ADVANCED_FACE('',(#2017),#2042,.F.);
#2017 = FACE_BOUND('',#2018,.T.);
#2018 = EDGE_LOOP('',(#2019,#2029,#2035,#2036));
#2019 = ORIENTED_EDGE('',*,*,#2020,.T.);
#2020 = EDGE_CURVE('',#2021,#2023,#2025,.T.);
#2021 = VERTEX_POINT('',#2022);
#2022 = CARTESIAN_POINT('',(0.95,-4.64,-0.34));
#2023 = VERTEX_POINT('',#2024);
#2024 = CARTESIAN_POINT('',(0.95,-4.64,0.3));
#2025 = LINE('',#2026,#2027);
#2026 = CARTESIAN_POINT('',(0.95,-4.64,-0.34));
#2027 = VECTOR('',#2028,1.);
#2028 = DIRECTION('',(0.,0.,1.));
#2029 = ORIENTED_EDGE('',*,*,#2030,.F.);
#2030 = EDGE_CURVE('',#1929,#2023,#2031,.T.);
#2031 = LINE('',#2032,#2033);
#2032 = CARTESIAN_POINT('',(0.95,-0.94,0.3));
#2033 = VECTOR('',#2034,1.);
#2034 = DIRECTION('',(0.,-1.,0.));
#2035 = ORIENTED_EDGE('',*,*,#1928,.T.);
#2036 = ORIENTED_EDGE('',*,*,#2037,.F.);
#2037 = EDGE_CURVE('',#2021,#1931,#2038,.T.);
#2038 = LINE('',#2039,#2040);
#2039 = CARTESIAN_POINT('',(0.95,-4.64,-0.34));
#2040 = VECTOR('',#2041,1.);
#2041 = DIRECTION('',(0.,1.,0.));
#2042 = PLANE('',#2043);
#2043 = AXIS2_PLACEMENT_3D('',#2044,#2045,#2046);
#2044 = CARTESIAN_POINT('',(0.95,0.,0.));
#2045 = DIRECTION('',(1.,0.,0.));
#2046 = DIRECTION('',(-0.,1.,0.));
#2047 = ADVANCED_FACE('',(#2048),#2073,.T.);
#2048 = FACE_BOUND('',#2049,.T.);
#2049 = EDGE_LOOP('',(#2050,#2060,#2066,#2067));
#2050 = ORIENTED_EDGE('',*,*,#2051,.T.);
#2051 = EDGE_CURVE('',#2052,#2054,#2056,.T.);
#2052 = VERTEX_POINT('',#2053);
#2053 = CARTESIAN_POINT('',(1.15,9.08,9.999999999999E-02));
#2054 = VERTEX_POINT('',#2055);
#2055 = CARTESIAN_POINT('',(1.15,9.08,-0.14));
#2056 = LINE('',#2057,#2058);
#2057 = CARTESIAN_POINT('',(1.15,9.08,9.999999999999E-02));
#2058 = VECTOR('',#2059,1.);
#2059 = DIRECTION('',(0.,0.,-1.));
#2060 = ORIENTED_EDGE('',*,*,#2061,.F.);
#2061 = EDGE_CURVE('',#1983,#2054,#2062,.T.);
#2062 = LINE('',#2063,#2064);
#2063 = CARTESIAN_POINT('',(0.95,8.58,-0.34));
#2064 = VECTOR('',#2065,1.);
#2065 = DIRECTION('',(0.348155311911,0.870388279778,0.348155311911));
#2066 = ORIENTED_EDGE('',*,*,#1980,.F.);
#2067 = ORIENTED_EDGE('',*,*,#2068,.F.);
#2068 = EDGE_CURVE('',#2052,#1981,#2069,.T.);
#2069 = LINE('',#2070,#2071);
#2070 = CARTESIAN_POINT('',(1.15,9.08,9.999999999999E-02));
#2071 = VECTOR('',#2072,1.);
#2072 = DIRECTION('',(-0.348155311911,-0.870388279778,0.348155311911));
#2073 = PLANE('',#2074);
#2074 = AXIS2_PLACEMENT_3D('',#2075,#2076,#2077);
#2075 = CARTESIAN_POINT('',(1.05,8.83,-2.E-02));
#2076 = DIRECTION('',(-0.928476690885,0.371390676354,0.));
#2077 = DIRECTION('',(0.,0.,1.));
#2078 = ADVANCED_FACE('',(#2079),#2104,.T.);
#2079 = FACE_BOUND('',#2080,.T.);
#2080 = EDGE_LOOP('',(#2081,#2089,#2090,#2098));
#2081 = ORIENTED_EDGE('',*,*,#2082,.T.);
#2082 = EDGE_CURVE('',#2083,#2054,#2085,.T.);
#2083 = VERTEX_POINT('',#2084);
#2084 = CARTESIAN_POINT('',(1.39,9.08,-0.14));
#2085 = LINE('',#2086,#2087);
#2086 = CARTESIAN_POINT('',(1.39,9.08,-0.14));
#2087 = VECTOR('',#2088,1.);
#2088 = DIRECTION('',(-1.,0.,0.));
#2089 = ORIENTED_EDGE('',*,*,#2051,.F.);
#2090 = ORIENTED_EDGE('',*,*,#2091,.F.);
#2091 = EDGE_CURVE('',#2092,#2052,#2094,.T.);
#2092 = VERTEX_POINT('',#2093);
#2093 = CARTESIAN_POINT('',(1.39,9.08,9.999999999999E-02));
#2094 = LINE('',#2095,#2096);
#2095 = CARTESIAN_POINT('',(1.39,9.08,9.999999999999E-02));
#2096 = VECTOR('',#2097,1.);
#2097 = DIRECTION('',(-1.,0.,0.));
#2098 = ORIENTED_EDGE('',*,*,#2099,.F.);
#2099 = EDGE_CURVE('',#2083,#2092,#2100,.T.);
#2100 = LINE('',#2101,#2102);
#2101 = CARTESIAN_POINT('',(1.39,9.08,-0.14));
#2102 = VECTOR('',#2103,1.);
#2103 = DIRECTION('',(0.,0.,1.));
#2104 = PLANE('',#2105);
#2105 = AXIS2_PLACEMENT_3D('',#2106,#2107,#2108);
#2106 = CARTESIAN_POINT('',(0.95,9.08,-0.34));
#2107 = DIRECTION('',(-0.,1.,0.));
#2108 = DIRECTION('',(1.,0.,0.));
#2109 = ADVANCED_FACE('',(#2110),#2128,.T.);
#2110 = FACE_BOUND('',#2111,.T.);
#2111 = EDGE_LOOP('',(#2112,#2113,#2121,#2127));
#2112 = ORIENTED_EDGE('',*,*,#2082,.F.);
#2113 = ORIENTED_EDGE('',*,*,#2114,.T.);
#2114 = EDGE_CURVE('',#2083,#2115,#2117,.T.);
#2115 = VERTEX_POINT('',#2116);
#2116 = CARTESIAN_POINT('',(1.59,8.58,-0.34));
#2117 = LINE('',#2118,#2119);
#2118 = CARTESIAN_POINT('',(1.39,9.08,-0.14));
#2119 = VECTOR('',#2120,1.);
#2120 = DIRECTION('',(0.348155311911,-0.870388279778,-0.348155311911));
#2121 = ORIENTED_EDGE('',*,*,#2122,.T.);
#2122 = EDGE_CURVE('',#2115,#1983,#2123,.T.);
#2123 = LINE('',#2124,#2125);
#2124 = CARTESIAN_POINT('',(1.59,8.58,-0.34));
#2125 = VECTOR('',#2126,1.);
#2126 = DIRECTION('',(-1.,0.,0.));
#2127 = ORIENTED_EDGE('',*,*,#2061,.T.);
#2128 = PLANE('',#2129);
#2129 = AXIS2_PLACEMENT_3D('',#2130,#2131,#2132);
#2130 = CARTESIAN_POINT('',(1.27,8.83,-0.24));
#2131 = DIRECTION('',(0.,0.371390676354,-0.928476690885));
#2132 = DIRECTION('',(-1.,0.,0.));
#2133 = ADVANCED_FACE('',(#2134),#2152,.T.);
#2134 = FACE_BOUND('',#2135,.T.);
#2135 = EDGE_LOOP('',(#2136,#2137,#2145,#2151));
#2136 = ORIENTED_EDGE('',*,*,#2122,.F.);
#2137 = ORIENTED_EDGE('',*,*,#2138,.F.);
#2138 = EDGE_CURVE('',#2139,#2115,#2141,.T.);
#2139 = VERTEX_POINT('',#2140);
#2140 = CARTESIAN_POINT('',(1.59,1.58,-0.34));
#2141 = LINE('',#2142,#2143);
#2142 = CARTESIAN_POINT('',(1.59,1.58,-0.34));
#2143 = VECTOR('',#2144,1.);
#2144 = DIRECTION('',(0.,1.,0.));
#2145 = ORIENTED_EDGE('',*,*,#2146,.F.);
#2146 = EDGE_CURVE('',#1991,#2139,#2147,.T.);
#2147 = LINE('',#2148,#2149);
#2148 = CARTESIAN_POINT('',(0.95,1.58,-0.34));
#2149 = VECTOR('',#2150,1.);
#2150 = DIRECTION('',(1.,0.,0.));
#2151 = ORIENTED_EDGE('',*,*,#1990,.T.);
#2152 = PLANE('',#2153);
#2153 = AXIS2_PLACEMENT_3D('',#2154,#2155,#2156);
#2154 = CARTESIAN_POINT('',(0.95,-5.14,-0.34));
#2155 = DIRECTION('',(0.,0.,-1.));
#2156 = DIRECTION('',(0.,-1.,0.));
#2157 = ADVANCED_FACE('',(#2158),#2176,.T.);
#2158 = FACE_BOUND('',#2159,.T.);
#2159 = EDGE_LOOP('',(#2160,#2168,#2169,#2170));
#2160 = ORIENTED_EDGE('',*,*,#2161,.T.);
#2161 = EDGE_CURVE('',#2162,#2021,#2164,.T.);
#2162 = VERTEX_POINT('',#2163);
#2163 = CARTESIAN_POINT('',(1.59,-4.64,-0.34));
#2164 = LINE('',#2165,#2166);
#2165 = CARTESIAN_POINT('',(1.59,-4.64,-0.34));
#2166 = VECTOR('',#2167,1.);
#2167 = DIRECTION('',(-1.,0.,0.));
#2168 = ORIENTED_EDGE('',*,*,#2037,.T.);
#2169 = ORIENTED_EDGE('',*,*,#1954,.T.);
#2170 = ORIENTED_EDGE('',*,*,#2171,.F.);
#2171 = EDGE_CURVE('',#2162,#1947,#2172,.T.);
#2172 = LINE('',#2173,#2174);
#2173 = CARTESIAN_POINT('',(1.59,-4.64,-0.34));
#2174 = VECTOR('',#2175,1.);
#2175 = DIRECTION('',(0.,1.,0.));
#2176 = PLANE('',#2177);
#2177 = AXIS2_PLACEMENT_3D('',#2178,#2179,#2180);
#2178 = CARTESIAN_POINT('',(0.95,-5.14,-0.34));
#2179 = DIRECTION('',(0.,0.,-1.));
#2180 = DIRECTION('',(0.,-1.,0.));
#2181 = ADVANCED_FACE('',(#2182,#2216,#2250,#2268),#2302,.T.);
#2182 = FACE_BOUND('',#2183,.T.);
#2183 = EDGE_LOOP('',(#2184,#2192,#2193,#2194,#2195,#2201,#2202,#2210));
#2184 = ORIENTED_EDGE('',*,*,#2185,.F.);
#2185 = EDGE_CURVE('',#1833,#2186,#2188,.T.);
#2186 = VERTEX_POINT('',#2187);
#2187 = CARTESIAN_POINT('',(-1.27,1.58,-1.3));
#2188 = LINE('',#2189,#2190);
#2189 = CARTESIAN_POINT('',(-1.27,1.58,-2.9));
#2190 = VECTOR('',#2191,1.);
#2191 = DIRECTION('',(0.,0.,1.));
#2192 = ORIENTED_EDGE('',*,*,#1832,.F.);
#2193 = ORIENTED_EDGE('',*,*,#1469,.T.);
#2194 = ORIENTED_EDGE('',*,*,#1541,.T.);
#2195 = ORIENTED_EDGE('',*,*,#2196,.F.);
#2196 = EDGE_CURVE('',#1881,#1534,#2197,.T.);
#2197 = LINE('',#2198,#2199);
#2198 = CARTESIAN_POINT('',(2.54,1.58,-2.9));
#2199 = VECTOR('',#2200,1.);
#2200 = DIRECTION('',(0.,0.,1.));
#2201 = ORIENTED_EDGE('',*,*,#1880,.F.);
#2202 = ORIENTED_EDGE('',*,*,#2203,.T.);
#2203 = EDGE_CURVE('',#1873,#2204,#2206,.T.);
#2204 = VERTEX_POINT('',#2205);
#2205 = CARTESIAN_POINT('',(1.27,1.58,-1.3));
#2206 = LINE('',#2207,#2208);
#2207 = CARTESIAN_POINT('',(1.27,1.58,-2.9));
#2208 = VECTOR('',#2209,1.);
#2209 = DIRECTION('',(0.,0.,1.));
#2210 = ORIENTED_EDGE('',*,*,#2211,.F.);
#2211 = EDGE_CURVE('',#2186,#2204,#2212,.T.);
#2212 = LINE('',#2213,#2214);
#2213 = CARTESIAN_POINT('',(-1.27,1.58,-1.3));
#2214 = VECTOR('',#2215,1.);
#2215 = DIRECTION('',(1.,0.,0.));
#2216 = FACE_BOUND('',#2217,.T.);
#2217 = EDGE_LOOP('',(#2218,#2228,#2236,#2244));
#2218 = ORIENTED_EDGE('',*,*,#2219,.T.);
#2219 = EDGE_CURVE('',#2220,#2222,#2224,.T.);
#2220 = VERTEX_POINT('',#2221);
#2221 = CARTESIAN_POINT('',(-1.59,1.58,0.3));
#2222 = VERTEX_POINT('',#2223);
#2223 = CARTESIAN_POINT('',(-1.59,1.58,-0.34));
#2224 = LINE('',#2225,#2226);
#2225 = CARTESIAN_POINT('',(-1.59,1.58,0.3));
#2226 = VECTOR('',#2227,1.);
#2227 = DIRECTION('',(0.,0.,-1.));
#2228 = ORIENTED_EDGE('',*,*,#2229,.T.);
#2229 = EDGE_CURVE('',#2222,#2230,#2232,.T.);
#2230 = VERTEX_POINT('',#2231);
#2231 = CARTESIAN_POINT('',(-0.95,1.58,-0.34));
#2232 = LINE('',#2233,#2234);
#2233 = CARTESIAN_POINT('',(-1.59,1.58,-0.34));
#2234 = VECTOR('',#2235,1.);
#2235 = DIRECTION('',(1.,0.,0.));
#2236 = ORIENTED_EDGE('',*,*,#2237,.F.);
#2237 = EDGE_CURVE('',#2238,#2230,#2240,.T.);
#2238 = VERTEX_POINT('',#2239);
#2239 = CARTESIAN_POINT('',(-0.95,1.58,0.3));
#2240 = LINE('',#2241,#2242);
#2241 = CARTESIAN_POINT('',(-0.95,1.58,0.3));
#2242 = VECTOR('',#2243,1.);
#2243 = DIRECTION('',(0.,0.,-1.));
#2244 = ORIENTED_EDGE('',*,*,#2245,.F.);
#2245 = EDGE_CURVE('',#2220,#2238,#2246,.T.);
#2246 = LINE('',#2247,#2248);
#2247 = CARTESIAN_POINT('',(-1.59,1.58,0.3));
#2248 = VECTOR('',#2249,1.);
#2249 = DIRECTION('',(1.,0.,0.));
#2250 = FACE_BOUND('',#2251,.T.);
#2251 = EDGE_LOOP('',(#2252,#2253,#2254,#2262));
#2252 = ORIENTED_EDGE('',*,*,#1998,.T.);
#2253 = ORIENTED_EDGE('',*,*,#2146,.T.);
#2254 = ORIENTED_EDGE('',*,*,#2255,.F.);
#2255 = EDGE_CURVE('',#2256,#2139,#2258,.T.);
#2256 = VERTEX_POINT('',#2257);
#2257 = CARTESIAN_POINT('',(1.59,1.58,0.3));
#2258 = LINE('',#2259,#2260);
#2259 = CARTESIAN_POINT('',(1.59,1.58,0.3));
#2260 = VECTOR('',#2261,1.);
#2261 = DIRECTION('',(0.,0.,-1.));
#2262 = ORIENTED_EDGE('',*,*,#2263,.F.);
#2263 = EDGE_CURVE('',#1999,#2256,#2264,.T.);
#2264 = LINE('',#2265,#2266);
#2265 = CARTESIAN_POINT('',(0.95,1.58,0.3));
#2266 = VECTOR('',#2267,1.);
#2267 = DIRECTION('',(1.,0.,0.));
#2268 = FACE_BOUND('',#2269,.T.);
#2269 = EDGE_LOOP('',(#2270,#2280,#2288,#2296));
#2270 = ORIENTED_EDGE('',*,*,#2271,.F.);
#2271 = EDGE_CURVE('',#2272,#2274,#2276,.T.);
#2272 = VERTEX_POINT('',#2273);
#2273 = CARTESIAN_POINT('',(-0.305,1.58,-0.77));
#2274 = VERTEX_POINT('',#2275);
#2275 = CARTESIAN_POINT('',(-0.305,1.58,0.73));
#2276 = LINE('',#2277,#2278);
#2277 = CARTESIAN_POINT('',(-0.305,1.58,-0.77));
#2278 = VECTOR('',#2279,1.);
#2279 = DIRECTION('',(0.,0.,1.));
#2280 = ORIENTED_EDGE('',*,*,#2281,.F.);
#2281 = EDGE_CURVE('',#2282,#2272,#2284,.T.);
#2282 = VERTEX_POINT('',#2283);
#2283 = CARTESIAN_POINT('',(0.305,1.58,-0.77));
#2284 = LINE('',#2285,#2286);
#2285 = CARTESIAN_POINT('',(0.305,1.58,-0.77));
#2286 = VECTOR('',#2287,1.);
#2287 = DIRECTION('',(-1.,0.,0.));
#2288 = ORIENTED_EDGE('',*,*,#2289,.F.);
#2289 = EDGE_CURVE('',#2290,#2282,#2292,.T.);
#2290 = VERTEX_POINT('',#2291);
#2291 = CARTESIAN_POINT('',(0.305,1.58,0.73));
#2292 = LINE('',#2293,#2294);
#2293 = CARTESIAN_POINT('',(0.305,1.58,0.73));
#2294 = VECTOR('',#2295,1.);
#2295 = DIRECTION('',(0.,0.,-1.));
#2296 = ORIENTED_EDGE('',*,*,#2297,.F.);
#2297 = EDGE_CURVE('',#2274,#2290,#2298,.T.);
#2298 = LINE('',#2299,#2300);
#2299 = CARTESIAN_POINT('',(-0.305,1.58,0.73));
#2300 = VECTOR('',#2301,1.);
#2301 = DIRECTION('',(1.,0.,0.));
#2302 = PLANE('',#2303);
#2303 = AXIS2_PLACEMENT_3D('',#2304,#2305,#2306);
#2304 = CARTESIAN_POINT('',(-2.54,1.58,-2.9));
#2305 = DIRECTION('',(-0.,1.,0.));
#2306 = DIRECTION('',(1.,0.,0.));
#2307 = ADVANCED_FACE('',(#2308),#2367,.F.);
#2308 = FACE_BOUND('',#2309,.T.);
#2309 = EDGE_LOOP('',(#2310,#2318,#2319,#2320,#2329,#2337,#2345,#2353,
    #2361));
#2310 = ORIENTED_EDGE('',*,*,#2311,.F.);
#2311 = EDGE_CURVE('',#1841,#2312,#2314,.T.);
#2312 = VERTEX_POINT('',#2313);
#2313 = CARTESIAN_POINT('',(-1.27,9.37,-1.9));
#2314 = LINE('',#2315,#2316);
#2315 = CARTESIAN_POINT('',(-1.27,9.37,-2.9));
#2316 = VECTOR('',#2317,1.);
#2317 = DIRECTION('',(0.,0.,1.));
#2318 = ORIENTED_EDGE('',*,*,#1840,.F.);
#2319 = ORIENTED_EDGE('',*,*,#2185,.T.);
#2320 = ORIENTED_EDGE('',*,*,#2321,.F.);
#2321 = EDGE_CURVE('',#2322,#2186,#2324,.T.);
#2322 = VERTEX_POINT('',#2323);
#2323 = CARTESIAN_POINT('',(-1.27,2.18,-1.9));
#2324 = CIRCLE('',#2325,0.6);
#2325 = AXIS2_PLACEMENT_3D('',#2326,#2327,#2328);
#2326 = CARTESIAN_POINT('',(-1.27,2.18,-1.3));
#2327 = DIRECTION('',(-1.,0.,0.));
#2328 = DIRECTION('',(0.,0.,-1.));
#2329 = ORIENTED_EDGE('',*,*,#2330,.F.);
#2330 = EDGE_CURVE('',#2331,#2322,#2333,.T.);
#2331 = VERTEX_POINT('',#2332);
#2332 = CARTESIAN_POINT('',(-1.27,3.87,-1.9));
#2333 = LINE('',#2334,#2335);
#2334 = CARTESIAN_POINT('',(-1.27,3.87,-1.9));
#2335 = VECTOR('',#2336,1.);
#2336 = DIRECTION('',(0.,-1.,0.));
#2337 = ORIENTED_EDGE('',*,*,#2338,.F.);
#2338 = EDGE_CURVE('',#2339,#2331,#2341,.T.);
#2339 = VERTEX_POINT('',#2340);
#2340 = CARTESIAN_POINT('',(-1.27,4.4,-1.37));
#2341 = LINE('',#2342,#2343);
#2342 = CARTESIAN_POINT('',(-1.27,4.4,-1.37));
#2343 = VECTOR('',#2344,1.);
#2344 = DIRECTION('',(0.,-0.707106781187,-0.707106781187));
#2345 = ORIENTED_EDGE('',*,*,#2346,.F.);
#2346 = EDGE_CURVE('',#2347,#2339,#2349,.T.);
#2347 = VERTEX_POINT('',#2348);
#2348 = CARTESIAN_POINT('',(-1.27,5.4,-1.37));
#2349 = LINE('',#2350,#2351);
#2350 = CARTESIAN_POINT('',(-1.27,5.4,-1.37));
#2351 = VECTOR('',#2352,1.);
#2352 = DIRECTION('',(0.,-1.,0.));
#2353 = ORIENTED_EDGE('',*,*,#2354,.F.);
#2354 = EDGE_CURVE('',#2355,#2347,#2357,.T.);
#2355 = VERTEX_POINT('',#2356);
#2356 = CARTESIAN_POINT('',(-1.27,6.317986928012,-1.9));
#2357 = LINE('',#2358,#2359);
#2358 = CARTESIAN_POINT('',(-1.27,6.317986928012,-1.9));
#2359 = VECTOR('',#2360,1.);
#2360 = DIRECTION('',(0.,-0.866025403784,0.5));
#2361 = ORIENTED_EDGE('',*,*,#2362,.F.);
#2362 = EDGE_CURVE('',#2312,#2355,#2363,.T.);
#2363 = LINE('',#2364,#2365);
#2364 = CARTESIAN_POINT('',(-1.27,9.37,-1.9));
#2365 = VECTOR('',#2366,1.);
#2366 = DIRECTION('',(0.,-1.,0.));
#2367 = PLANE('',#2368);
#2368 = AXIS2_PLACEMENT_3D('',#2369,#2370,#2371);
#2369 = CARTESIAN_POINT('',(-1.27,0.,0.));
#2370 = DIRECTION('',(1.,0.,0.));
#2371 = DIRECTION('',(-0.,1.,0.));
#2372 = ADVANCED_FACE('',(#2373),#2391,.F.);
#2373 = FACE_BOUND('',#2374,.T.);
#2374 = EDGE_LOOP('',(#2375,#2376,#2377,#2385));
#2375 = ORIENTED_EDGE('',*,*,#1848,.F.);
#2376 = ORIENTED_EDGE('',*,*,#2311,.T.);
#2377 = ORIENTED_EDGE('',*,*,#2378,.T.);
#2378 = EDGE_CURVE('',#2312,#2379,#2381,.T.);
#2379 = VERTEX_POINT('',#2380);
#2380 = CARTESIAN_POINT('',(-0.9970223243,10.12,-1.9));
#2381 = LINE('',#2382,#2383);
#2382 = CARTESIAN_POINT('',(-1.27,9.37,-1.9));
#2383 = VECTOR('',#2384,1.);
#2384 = DIRECTION('',(0.342020143326,0.939692620786,0.));
#2385 = ORIENTED_EDGE('',*,*,#2386,.F.);
#2386 = EDGE_CURVE('',#1849,#2379,#2387,.T.);
#2387 = LINE('',#2388,#2389);
#2388 = CARTESIAN_POINT('',(-0.9970223243,10.12,-2.9));
#2389 = VECTOR('',#2390,1.);
#2390 = DIRECTION('',(0.,0.,1.));
#2391 = PLANE('',#2392);
#2392 = AXIS2_PLACEMENT_3D('',#2393,#2394,#2395);
#2393 = CARTESIAN_POINT('',(-1.27,9.37,-1.9));
#2394 = DIRECTION('',(0.939692620786,-0.342020143326,0.));
#2395 = DIRECTION('',(0.,0.,-1.));
#2396 = ADVANCED_FACE('',(#2397),#2415,.T.);
#2397 = FACE_BOUND('',#2398,.T.);
#2398 = EDGE_LOOP('',(#2399,#2400,#2408,#2414));
#2399 = ORIENTED_EDGE('',*,*,#2386,.T.);
#2400 = ORIENTED_EDGE('',*,*,#2401,.T.);
#2401 = EDGE_CURVE('',#2379,#2402,#2404,.T.);
#2402 = VERTEX_POINT('',#2403);
#2403 = CARTESIAN_POINT('',(0.9970223243,10.12,-1.9));
#2404 = LINE('',#2405,#2406);
#2405 = CARTESIAN_POINT('',(-0.9970223243,10.12,-1.9));
#2406 = VECTOR('',#2407,1.);
#2407 = DIRECTION('',(1.,0.,0.));
#2408 = ORIENTED_EDGE('',*,*,#2409,.F.);
#2409 = EDGE_CURVE('',#1857,#2402,#2410,.T.);
#2410 = LINE('',#2411,#2412);
#2411 = CARTESIAN_POINT('',(0.9970223243,10.12,-2.9));
#2412 = VECTOR('',#2413,1.);
#2413 = DIRECTION('',(0.,0.,1.));
#2414 = ORIENTED_EDGE('',*,*,#1856,.F.);
#2415 = PLANE('',#2416);
#2416 = AXIS2_PLACEMENT_3D('',#2417,#2418,#2419);
#2417 = CARTESIAN_POINT('',(-1.27,10.12,-2.9));
#2418 = DIRECTION('',(-0.,1.,0.));
#2419 = DIRECTION('',(1.,0.,0.));
#2420 = ADVANCED_FACE('',(#2421),#2439,.F.);
#2421 = FACE_BOUND('',#2422,.T.);
#2422 = EDGE_LOOP('',(#2423,#2424,#2425,#2433));
#2423 = ORIENTED_EDGE('',*,*,#1864,.F.);
#2424 = ORIENTED_EDGE('',*,*,#2409,.T.);
#2425 = ORIENTED_EDGE('',*,*,#2426,.T.);
#2426 = EDGE_CURVE('',#2402,#2427,#2429,.T.);
#2427 = VERTEX_POINT('',#2428);
#2428 = CARTESIAN_POINT('',(1.27,9.37,-1.9));
#2429 = LINE('',#2430,#2431);
#2430 = CARTESIAN_POINT('',(0.9970223243,10.12,-1.9));
#2431 = VECTOR('',#2432,1.);
#2432 = DIRECTION('',(0.342020143326,-0.939692620786,0.));
#2433 = ORIENTED_EDGE('',*,*,#2434,.F.);
#2434 = EDGE_CURVE('',#1865,#2427,#2435,.T.);
#2435 = LINE('',#2436,#2437);
#2436 = CARTESIAN_POINT('',(1.27,9.37,-2.9));
#2437 = VECTOR('',#2438,1.);
#2438 = DIRECTION('',(0.,0.,1.));
#2439 = PLANE('',#2440);
#2440 = AXIS2_PLACEMENT_3D('',#2441,#2442,#2443);
#2441 = CARTESIAN_POINT('',(0.9970223243,10.12,-1.9));
#2442 = DIRECTION('',(-0.939692620786,-0.342020143326,0.));
#2443 = DIRECTION('',(-0.342020143326,0.939692620786,0.));
#2444 = ADVANCED_FACE('',(#2445),#2497,.T.);
#2445 = FACE_BOUND('',#2446,.T.);
#2446 = EDGE_LOOP('',(#2447,#2448,#2456,#2464,#2472,#2480,#2488,#2495,
    #2496));
#2447 = ORIENTED_EDGE('',*,*,#2434,.T.);
#2448 = ORIENTED_EDGE('',*,*,#2449,.T.);
#2449 = EDGE_CURVE('',#2427,#2450,#2452,.T.);
#2450 = VERTEX_POINT('',#2451);
#2451 = CARTESIAN_POINT('',(1.27,6.317986928012,-1.9));
#2452 = LINE('',#2453,#2454);
#2453 = CARTESIAN_POINT('',(1.27,9.37,-1.9));
#2454 = VECTOR('',#2455,1.);
#2455 = DIRECTION('',(0.,-1.,0.));
#2456 = ORIENTED_EDGE('',*,*,#2457,.T.);
#2457 = EDGE_CURVE('',#2450,#2458,#2460,.T.);
#2458 = VERTEX_POINT('',#2459);
#2459 = CARTESIAN_POINT('',(1.27,5.4,-1.37));
#2460 = LINE('',#2461,#2462);
#2461 = CARTESIAN_POINT('',(1.27,6.317986928012,-1.9));
#2462 = VECTOR('',#2463,1.);
#2463 = DIRECTION('',(0.,-0.866025403784,0.5));
#2464 = ORIENTED_EDGE('',*,*,#2465,.T.);
#2465 = EDGE_CURVE('',#2458,#2466,#2468,.T.);
#2466 = VERTEX_POINT('',#2467);
#2467 = CARTESIAN_POINT('',(1.27,4.4,-1.37));
#2468 = LINE('',#2469,#2470);
#2469 = CARTESIAN_POINT('',(1.27,5.4,-1.37));
#2470 = VECTOR('',#2471,1.);
#2471 = DIRECTION('',(0.,-1.,0.));
#2472 = ORIENTED_EDGE('',*,*,#2473,.T.);
#2473 = EDGE_CURVE('',#2466,#2474,#2476,.T.);
#2474 = VERTEX_POINT('',#2475);
#2475 = CARTESIAN_POINT('',(1.27,3.87,-1.9));
#2476 = LINE('',#2477,#2478);
#2477 = CARTESIAN_POINT('',(1.27,4.4,-1.37));
#2478 = VECTOR('',#2479,1.);
#2479 = DIRECTION('',(0.,-0.707106781187,-0.707106781187));
#2480 = ORIENTED_EDGE('',*,*,#2481,.T.);
#2481 = EDGE_CURVE('',#2474,#2482,#2484,.T.);
#2482 = VERTEX_POINT('',#2483);
#2483 = CARTESIAN_POINT('',(1.27,2.18,-1.9));
#2484 = LINE('',#2485,#2486);
#2485 = CARTESIAN_POINT('',(1.27,3.87,-1.9));
#2486 = VECTOR('',#2487,1.);
#2487 = DIRECTION('',(0.,-1.,0.));
#2488 = ORIENTED_EDGE('',*,*,#2489,.T.);
#2489 = EDGE_CURVE('',#2482,#2204,#2490,.T.);
#2490 = CIRCLE('',#2491,0.6);
#2491 = AXIS2_PLACEMENT_3D('',#2492,#2493,#2494);
#2492 = CARTESIAN_POINT('',(1.27,2.18,-1.3));
#2493 = DIRECTION('',(-1.,0.,0.));
#2494 = DIRECTION('',(0.,0.,-1.));
#2495 = ORIENTED_EDGE('',*,*,#2203,.F.);
#2496 = ORIENTED_EDGE('',*,*,#1872,.T.);
#2497 = PLANE('',#2498);
#2498 = AXIS2_PLACEMENT_3D('',#2499,#2500,#2501);
#2499 = CARTESIAN_POINT('',(1.27,0.,0.));
#2500 = DIRECTION('',(1.,0.,0.));
#2501 = DIRECTION('',(-0.,1.,0.));
#2502 = ADVANCED_FACE('',(#2503),#2514,.F.);
#2503 = FACE_BOUND('',#2504,.F.);
#2504 = EDGE_LOOP('',(#2505,#2506,#2512,#2513));
#2505 = ORIENTED_EDGE('',*,*,#2321,.F.);
#2506 = ORIENTED_EDGE('',*,*,#2507,.T.);
#2507 = EDGE_CURVE('',#2322,#2482,#2508,.T.);
#2508 = LINE('',#2509,#2510);
#2509 = CARTESIAN_POINT('',(-1.27,2.18,-1.9));
#2510 = VECTOR('',#2511,1.);
#2511 = DIRECTION('',(1.,0.,0.));
#2512 = ORIENTED_EDGE('',*,*,#2489,.T.);
#2513 = ORIENTED_EDGE('',*,*,#2211,.F.);
#2514 = CYLINDRICAL_SURFACE('',#2515,0.6);
#2515 = AXIS2_PLACEMENT_3D('',#2516,#2517,#2518);
#2516 = CARTESIAN_POINT('',(-1.27,2.18,-1.3));
#2517 = DIRECTION('',(-1.,0.,-0.));
#2518 = DIRECTION('',(0.,0.,-1.));
#2519 = ADVANCED_FACE('',(#2520),#2531,.T.);
#2520 = FACE_BOUND('',#2521,.T.);
#2521 = EDGE_LOOP('',(#2522,#2523,#2524,#2525));
#2522 = ORIENTED_EDGE('',*,*,#2330,.T.);
#2523 = ORIENTED_EDGE('',*,*,#2507,.T.);
#2524 = ORIENTED_EDGE('',*,*,#2481,.F.);
#2525 = ORIENTED_EDGE('',*,*,#2526,.F.);
#2526 = EDGE_CURVE('',#2331,#2474,#2527,.T.);
#2527 = LINE('',#2528,#2529);
#2528 = CARTESIAN_POINT('',(-1.27,3.87,-1.9));
#2529 = VECTOR('',#2530,1.);
#2530 = DIRECTION('',(1.,0.,0.));
#2531 = PLANE('',#2532);
#2532 = AXIS2_PLACEMENT_3D('',#2533,#2534,#2535);
#2533 = CARTESIAN_POINT('',(-1.27,3.87,-1.9));
#2534 = DIRECTION('',(0.,0.,1.));
#2535 = DIRECTION('',(1.,0.,-0.));
#2536 = ADVANCED_FACE('',(#2537),#2548,.T.);
#2537 = FACE_BOUND('',#2538,.T.);
#2538 = EDGE_LOOP('',(#2539,#2540,#2541,#2542));
#2539 = ORIENTED_EDGE('',*,*,#2338,.T.);
#2540 = ORIENTED_EDGE('',*,*,#2526,.T.);
#2541 = ORIENTED_EDGE('',*,*,#2473,.F.);
#2542 = ORIENTED_EDGE('',*,*,#2543,.F.);
#2543 = EDGE_CURVE('',#2339,#2466,#2544,.T.);
#2544 = LINE('',#2545,#2546);
#2545 = CARTESIAN_POINT('',(-1.27,4.4,-1.37));
#2546 = VECTOR('',#2547,1.);
#2547 = DIRECTION('',(1.,0.,0.));
#2548 = PLANE('',#2549);
#2549 = AXIS2_PLACEMENT_3D('',#2550,#2551,#2552);
#2550 = CARTESIAN_POINT('',(-1.27,4.4,-1.37));
#2551 = DIRECTION('',(0.,-0.707106781187,0.707106781187));
#2552 = DIRECTION('',(-1.,0.,0.));
#2553 = ADVANCED_FACE('',(#2554),#2565,.T.);
#2554 = FACE_BOUND('',#2555,.T.);
#2555 = EDGE_LOOP('',(#2556,#2557,#2558,#2559));
#2556 = ORIENTED_EDGE('',*,*,#2346,.T.);
#2557 = ORIENTED_EDGE('',*,*,#2543,.T.);
#2558 = ORIENTED_EDGE('',*,*,#2465,.F.);
#2559 = ORIENTED_EDGE('',*,*,#2560,.F.);
#2560 = EDGE_CURVE('',#2347,#2458,#2561,.T.);
#2561 = LINE('',#2562,#2563);
#2562 = CARTESIAN_POINT('',(-1.27,5.4,-1.37));
#2563 = VECTOR('',#2564,1.);
#2564 = DIRECTION('',(1.,0.,0.));
#2565 = PLANE('',#2566);
#2566 = AXIS2_PLACEMENT_3D('',#2567,#2568,#2569);
#2567 = CARTESIAN_POINT('',(-1.27,5.4,-1.37));
#2568 = DIRECTION('',(0.,0.,1.));
#2569 = DIRECTION('',(1.,0.,-0.));
#2570 = ADVANCED_FACE('',(#2571),#2582,.T.);
#2571 = FACE_BOUND('',#2572,.T.);
#2572 = EDGE_LOOP('',(#2573,#2574,#2575,#2576));
#2573 = ORIENTED_EDGE('',*,*,#2354,.T.);
#2574 = ORIENTED_EDGE('',*,*,#2560,.T.);
#2575 = ORIENTED_EDGE('',*,*,#2457,.F.);
#2576 = ORIENTED_EDGE('',*,*,#2577,.F.);
#2577 = EDGE_CURVE('',#2355,#2450,#2578,.T.);
#2578 = LINE('',#2579,#2580);
#2579 = CARTESIAN_POINT('',(-1.27,6.317986928012,-1.9));
#2580 = VECTOR('',#2581,1.);
#2581 = DIRECTION('',(1.,0.,0.));
#2582 = PLANE('',#2583);
#2583 = AXIS2_PLACEMENT_3D('',#2584,#2585,#2586);
#2584 = CARTESIAN_POINT('',(-1.27,6.317986928012,-1.9));
#2585 = DIRECTION('',(0.,0.5,0.866025403784));
#2586 = DIRECTION('',(1.,-0.,0.));
#2587 = ADVANCED_FACE('',(#2588),#2596,.T.);
#2588 = FACE_BOUND('',#2589,.T.);
#2589 = EDGE_LOOP('',(#2590,#2591,#2592,#2593,#2594,#2595));
#2590 = ORIENTED_EDGE('',*,*,#2378,.F.);
#2591 = ORIENTED_EDGE('',*,*,#2362,.T.);
#2592 = ORIENTED_EDGE('',*,*,#2577,.T.);
#2593 = ORIENTED_EDGE('',*,*,#2449,.F.);
#2594 = ORIENTED_EDGE('',*,*,#2426,.F.);
#2595 = ORIENTED_EDGE('',*,*,#2401,.F.);
#2596 = PLANE('',#2597);
#2597 = AXIS2_PLACEMENT_3D('',#2598,#2599,#2600);
#2598 = CARTESIAN_POINT('',(-1.27,10.12,-1.9));
#2599 = DIRECTION('',(0.,0.,1.));
#2600 = DIRECTION('',(1.,0.,-0.));
#2601 = ADVANCED_FACE('',(#2602),#2608,.T.);
#2602 = FACE_BOUND('',#2603,.T.);
#2603 = EDGE_LOOP('',(#2604,#2605,#2606,#2607));
#2604 = ORIENTED_EDGE('',*,*,#1533,.T.);
#2605 = ORIENTED_EDGE('',*,*,#1723,.T.);
#2606 = ORIENTED_EDGE('',*,*,#1888,.T.);
#2607 = ORIENTED_EDGE('',*,*,#2196,.T.);
#2608 = PLANE('',#2609);
#2609 = AXIS2_PLACEMENT_3D('',#2610,#2611,#2612);
#2610 = CARTESIAN_POINT('',(2.54,0.,0.));
#2611 = DIRECTION('',(1.,0.,0.));
#2612 = DIRECTION('',(-0.,1.,0.));
#2613 = ADVANCED_FACE('',(#2614),#2639,.F.);
#2614 = FACE_BOUND('',#2615,.T.);
#2615 = EDGE_LOOP('',(#2616,#2626,#2632,#2633));
#2616 = ORIENTED_EDGE('',*,*,#2617,.T.);
#2617 = EDGE_CURVE('',#2618,#2620,#2622,.T.);
#2618 = VERTEX_POINT('',#2619);
#2619 = CARTESIAN_POINT('',(-1.59,8.58,0.3));
#2620 = VERTEX_POINT('',#2621);
#2621 = CARTESIAN_POINT('',(-1.59,8.58,-0.34));
#2622 = LINE('',#2623,#2624);
#2623 = CARTESIAN_POINT('',(-1.59,8.58,0.3));
#2624 = VECTOR('',#2625,1.);
#2625 = DIRECTION('',(0.,0.,-1.));
#2626 = ORIENTED_EDGE('',*,*,#2627,.F.);
#2627 = EDGE_CURVE('',#2222,#2620,#2628,.T.);
#2628 = LINE('',#2629,#2630);
#2629 = CARTESIAN_POINT('',(-1.59,1.58,-0.34));
#2630 = VECTOR('',#2631,1.);
#2631 = DIRECTION('',(0.,1.,0.));
#2632 = ORIENTED_EDGE('',*,*,#2219,.F.);
#2633 = ORIENTED_EDGE('',*,*,#2634,.F.);
#2634 = EDGE_CURVE('',#2618,#2220,#2635,.T.);
#2635 = LINE('',#2636,#2637);
#2636 = CARTESIAN_POINT('',(-1.59,8.58,0.3));
#2637 = VECTOR('',#2638,1.);
#2638 = DIRECTION('',(0.,-1.,0.));
#2639 = PLANE('',#2640);
#2640 = AXIS2_PLACEMENT_3D('',#2641,#2642,#2643);
#2641 = CARTESIAN_POINT('',(-1.59,0.,0.));
#2642 = DIRECTION('',(1.,0.,0.));
#2643 = DIRECTION('',(-0.,1.,0.));
#2644 = ADVANCED_FACE('',(#2645),#2670,.F.);
#2645 = FACE_BOUND('',#2646,.T.);
#2646 = EDGE_LOOP('',(#2647,#2657,#2663,#2664));
#2647 = ORIENTED_EDGE('',*,*,#2648,.T.);
#2648 = EDGE_CURVE('',#2649,#2651,#2653,.T.);
#2649 = VERTEX_POINT('',#2650);
#2650 = CARTESIAN_POINT('',(-1.59,-4.64,-0.34));
#2651 = VERTEX_POINT('',#2652);
#2652 = CARTESIAN_POINT('',(-1.59,-4.64,0.3));
#2653 = LINE('',#2654,#2655);
#2654 = CARTESIAN_POINT('',(-1.59,-4.64,-0.34));
#2655 = VECTOR('',#2656,1.);
#2656 = DIRECTION('',(0.,0.,1.));
#2657 = ORIENTED_EDGE('',*,*,#2658,.F.);
#2658 = EDGE_CURVE('',#1781,#2651,#2659,.T.);
#2659 = LINE('',#2660,#2661);
#2660 = CARTESIAN_POINT('',(-1.59,-0.94,0.3));
#2661 = VECTOR('',#2662,1.);
#2662 = DIRECTION('',(0.,-1.,0.));
#2663 = ORIENTED_EDGE('',*,*,#1780,.T.);
#2664 = ORIENTED_EDGE('',*,*,#2665,.F.);
#2665 = EDGE_CURVE('',#2649,#1783,#2666,.T.);
#2666 = LINE('',#2667,#2668);
#2667 = CARTESIAN_POINT('',(-1.59,-4.64,-0.34));
#2668 = VECTOR('',#2669,1.);
#2669 = DIRECTION('',(0.,1.,0.));
#2670 = PLANE('',#2671);
#2671 = AXIS2_PLACEMENT_3D('',#2672,#2673,#2674);
#2672 = CARTESIAN_POINT('',(-1.59,0.,0.));
#2673 = DIRECTION('',(1.,0.,0.));
#2674 = DIRECTION('',(-0.,1.,0.));
#2675 = ADVANCED_FACE('',(#2676),#2701,.T.);
#2676 = FACE_BOUND('',#2677,.T.);
#2677 = EDGE_LOOP('',(#2678,#2688,#2694,#2695));
#2678 = ORIENTED_EDGE('',*,*,#2679,.T.);
#2679 = EDGE_CURVE('',#2680,#2682,#2684,.T.);
#2680 = VERTEX_POINT('',#2681);
#2681 = CARTESIAN_POINT('',(-1.39,9.08,9.999999999999E-02));
#2682 = VERTEX_POINT('',#2683);
#2683 = CARTESIAN_POINT('',(-1.39,9.08,-0.14));
#2684 = LINE('',#2685,#2686);
#2685 = CARTESIAN_POINT('',(-1.39,9.08,9.999999999999E-02));
#2686 = VECTOR('',#2687,1.);
#2687 = DIRECTION('',(0.,0.,-1.));
#2688 = ORIENTED_EDGE('',*,*,#2689,.F.);
#2689 = EDGE_CURVE('',#2620,#2682,#2690,.T.);
#2690 = LINE('',#2691,#2692);
#2691 = CARTESIAN_POINT('',(-1.59,8.58,-0.34));
#2692 = VECTOR('',#2693,1.);
#2693 = DIRECTION('',(0.348155311911,0.870388279778,0.348155311911));
#2694 = ORIENTED_EDGE('',*,*,#2617,.F.);
#2695 = ORIENTED_EDGE('',*,*,#2696,.F.);
#2696 = EDGE_CURVE('',#2680,#2618,#2697,.T.);
#2697 = LINE('',#2698,#2699);
#2698 = CARTESIAN_POINT('',(-1.39,9.08,9.999999999999E-02));
#2699 = VECTOR('',#2700,1.);
#2700 = DIRECTION('',(-0.348155311911,-0.870388279778,0.348155311911));
#2701 = PLANE('',#2702);
#2702 = AXIS2_PLACEMENT_3D('',#2703,#2704,#2705);
#2703 = CARTESIAN_POINT('',(-1.49,8.83,-2.E-02));
#2704 = DIRECTION('',(-0.928476690885,0.371390676354,0.));
#2705 = DIRECTION('',(0.,0.,1.));
#2706 = ADVANCED_FACE('',(#2707),#2732,.T.);
#2707 = FACE_BOUND('',#2708,.T.);
#2708 = EDGE_LOOP('',(#2709,#2717,#2718,#2726));
#2709 = ORIENTED_EDGE('',*,*,#2710,.T.);
#2710 = EDGE_CURVE('',#2711,#2682,#2713,.T.);
#2711 = VERTEX_POINT('',#2712);
#2712 = CARTESIAN_POINT('',(-1.15,9.08,-0.14));
#2713 = LINE('',#2714,#2715);
#2714 = CARTESIAN_POINT('',(-1.15,9.08,-0.14));
#2715 = VECTOR('',#2716,1.);
#2716 = DIRECTION('',(-1.,0.,0.));
#2717 = ORIENTED_EDGE('',*,*,#2679,.F.);
#2718 = ORIENTED_EDGE('',*,*,#2719,.F.);
#2719 = EDGE_CURVE('',#2720,#2680,#2722,.T.);
#2720 = VERTEX_POINT('',#2721);
#2721 = CARTESIAN_POINT('',(-1.15,9.08,9.999999999999E-02));
#2722 = LINE('',#2723,#2724);
#2723 = CARTESIAN_POINT('',(-1.15,9.08,9.999999999999E-02));
#2724 = VECTOR('',#2725,1.);
#2725 = DIRECTION('',(-1.,0.,0.));
#2726 = ORIENTED_EDGE('',*,*,#2727,.F.);
#2727 = EDGE_CURVE('',#2711,#2720,#2728,.T.);
#2728 = LINE('',#2729,#2730);
#2729 = CARTESIAN_POINT('',(-1.15,9.08,-0.14));
#2730 = VECTOR('',#2731,1.);
#2731 = DIRECTION('',(0.,0.,1.));
#2732 = PLANE('',#2733);
#2733 = AXIS2_PLACEMENT_3D('',#2734,#2735,#2736);
#2734 = CARTESIAN_POINT('',(-1.59,9.08,-0.34));
#2735 = DIRECTION('',(-0.,1.,0.));
#2736 = DIRECTION('',(1.,0.,0.));
#2737 = ADVANCED_FACE('',(#2738),#2756,.T.);
#2738 = FACE_BOUND('',#2739,.T.);
#2739 = EDGE_LOOP('',(#2740,#2741,#2749,#2755));
#2740 = ORIENTED_EDGE('',*,*,#2710,.F.);
#2741 = ORIENTED_EDGE('',*,*,#2742,.T.);
#2742 = EDGE_CURVE('',#2711,#2743,#2745,.T.);
#2743 = VERTEX_POINT('',#2744);
#2744 = CARTESIAN_POINT('',(-0.95,8.58,-0.34));
#2745 = LINE('',#2746,#2747);
#2746 = CARTESIAN_POINT('',(-1.15,9.08,-0.14));
#2747 = VECTOR('',#2748,1.);
#2748 = DIRECTION('',(0.348155311911,-0.870388279778,-0.348155311911));
#2749 = ORIENTED_EDGE('',*,*,#2750,.T.);
#2750 = EDGE_CURVE('',#2743,#2620,#2751,.T.);
#2751 = LINE('',#2752,#2753);
#2752 = CARTESIAN_POINT('',(-0.95,8.58,-0.34));
#2753 = VECTOR('',#2754,1.);
#2754 = DIRECTION('',(-1.,0.,0.));
#2755 = ORIENTED_EDGE('',*,*,#2689,.T.);
#2756 = PLANE('',#2757);
#2757 = AXIS2_PLACEMENT_3D('',#2758,#2759,#2760);
#2758 = CARTESIAN_POINT('',(-1.27,8.83,-0.24));
#2759 = DIRECTION('',(0.,0.371390676354,-0.928476690885));
#2760 = DIRECTION('',(-1.,0.,0.));
#2761 = ADVANCED_FACE('',(#2762),#2773,.T.);
#2762 = FACE_BOUND('',#2763,.T.);
#2763 = EDGE_LOOP('',(#2764,#2765,#2771,#2772));
#2764 = ORIENTED_EDGE('',*,*,#2750,.F.);
#2765 = ORIENTED_EDGE('',*,*,#2766,.F.);
#2766 = EDGE_CURVE('',#2230,#2743,#2767,.T.);
#2767 = LINE('',#2768,#2769);
#2768 = CARTESIAN_POINT('',(-0.95,1.58,-0.34));
#2769 = VECTOR('',#2770,1.);
#2770 = DIRECTION('',(0.,1.,0.));
#2771 = ORIENTED_EDGE('',*,*,#2229,.F.);
#2772 = ORIENTED_EDGE('',*,*,#2627,.T.);
#2773 = PLANE('',#2774);
#2774 = AXIS2_PLACEMENT_3D('',#2775,#2776,#2777);
#2775 = CARTESIAN_POINT('',(-1.59,-5.14,-0.34));
#2776 = DIRECTION('',(0.,0.,-1.));
#2777 = DIRECTION('',(0.,-1.,0.));
#2778 = ADVANCED_FACE('',(#2779),#2797,.T.);
#2779 = FACE_BOUND('',#2780,.T.);
#2780 = EDGE_LOOP('',(#2781,#2789,#2790,#2791));
#2781 = ORIENTED_EDGE('',*,*,#2782,.T.);
#2782 = EDGE_CURVE('',#2783,#2649,#2785,.T.);
#2783 = VERTEX_POINT('',#2784);
#2784 = CARTESIAN_POINT('',(-0.95,-4.64,-0.34));
#2785 = LINE('',#2786,#2787);
#2786 = CARTESIAN_POINT('',(-0.95,-4.64,-0.34));
#2787 = VECTOR('',#2788,1.);
#2788 = DIRECTION('',(-1.,0.,0.));
#2789 = ORIENTED_EDGE('',*,*,#2665,.T.);
#2790 = ORIENTED_EDGE('',*,*,#1806,.T.);
#2791 = ORIENTED_EDGE('',*,*,#2792,.F.);
#2792 = EDGE_CURVE('',#2783,#1799,#2793,.T.);
#2793 = LINE('',#2794,#2795);
#2794 = CARTESIAN_POINT('',(-0.95,-4.64,-0.34));
#2795 = VECTOR('',#2796,1.);
#2796 = DIRECTION('',(0.,1.,0.));
#2797 = PLANE('',#2798);
#2798 = AXIS2_PLACEMENT_3D('',#2799,#2800,#2801);
#2799 = CARTESIAN_POINT('',(-1.59,-5.14,-0.34));
#2800 = DIRECTION('',(0.,0.,-1.));
#2801 = DIRECTION('',(0.,-1.,0.));
#2802 = ADVANCED_FACE('',(#2803),#2821,.T.);
#2803 = FACE_BOUND('',#2804,.T.);
#2804 = EDGE_LOOP('',(#2805,#2813,#2819,#2820));
#2805 = ORIENTED_EDGE('',*,*,#2806,.T.);
#2806 = EDGE_CURVE('',#2743,#2807,#2809,.T.);
#2807 = VERTEX_POINT('',#2808);
#2808 = CARTESIAN_POINT('',(-0.95,8.58,0.3));
#2809 = LINE('',#2810,#2811);
#2810 = CARTESIAN_POINT('',(-0.95,8.58,-0.34));
#2811 = VECTOR('',#2812,1.);
#2812 = DIRECTION('',(0.,0.,1.));
#2813 = ORIENTED_EDGE('',*,*,#2814,.T.);
#2814 = EDGE_CURVE('',#2807,#2238,#2815,.T.);
#2815 = LINE('',#2816,#2817);
#2816 = CARTESIAN_POINT('',(-0.95,8.58,0.3));
#2817 = VECTOR('',#2818,1.);
#2818 = DIRECTION('',(0.,-1.,0.));
#2819 = ORIENTED_EDGE('',*,*,#2237,.T.);
#2820 = ORIENTED_EDGE('',*,*,#2766,.T.);
#2821 = PLANE('',#2822);
#2822 = AXIS2_PLACEMENT_3D('',#2823,#2824,#2825);
#2823 = CARTESIAN_POINT('',(-0.95,0.,0.));
#2824 = DIRECTION('',(1.,0.,0.));
#2825 = DIRECTION('',(-0.,1.,0.));
#2826 = ADVANCED_FACE('',(#2827),#2845,.T.);
#2827 = FACE_BOUND('',#2828,.T.);
#2828 = EDGE_LOOP('',(#2829,#2837,#2838,#2839));
#2829 = ORIENTED_EDGE('',*,*,#2830,.T.);
#2830 = EDGE_CURVE('',#2831,#2783,#2833,.T.);
#2831 = VERTEX_POINT('',#2832);
#2832 = CARTESIAN_POINT('',(-0.95,-4.64,0.3));
#2833 = LINE('',#2834,#2835);
#2834 = CARTESIAN_POINT('',(-0.95,-4.64,0.3));
#2835 = VECTOR('',#2836,1.);
#2836 = DIRECTION('',(0.,0.,-1.));
#2837 = ORIENTED_EDGE('',*,*,#2792,.T.);
#2838 = ORIENTED_EDGE('',*,*,#1798,.F.);
#2839 = ORIENTED_EDGE('',*,*,#2840,.T.);
#2840 = EDGE_CURVE('',#1791,#2831,#2841,.T.);
#2841 = LINE('',#2842,#2843);
#2842 = CARTESIAN_POINT('',(-0.95,-0.94,0.3));
#2843 = VECTOR('',#2844,1.);
#2844 = DIRECTION('',(0.,-1.,0.));
#2845 = PLANE('',#2846);
#2846 = AXIS2_PLACEMENT_3D('',#2847,#2848,#2849);
#2847 = CARTESIAN_POINT('',(-0.95,0.,0.));
#2848 = DIRECTION('',(1.,0.,0.));
#2849 = DIRECTION('',(-0.,1.,0.));
#2850 = ADVANCED_FACE('',(#2851),#2862,.T.);
#2851 = FACE_BOUND('',#2852,.T.);
#2852 = EDGE_LOOP('',(#2853,#2854,#2860,#2861));
#2853 = ORIENTED_EDGE('',*,*,#2727,.T.);
#2854 = ORIENTED_EDGE('',*,*,#2855,.F.);
#2855 = EDGE_CURVE('',#2807,#2720,#2856,.T.);
#2856 = LINE('',#2857,#2858);
#2857 = CARTESIAN_POINT('',(-0.95,8.58,0.3));
#2858 = VECTOR('',#2859,1.);
#2859 = DIRECTION('',(-0.348155311911,0.870388279778,-0.348155311911));
#2860 = ORIENTED_EDGE('',*,*,#2806,.F.);
#2861 = ORIENTED_EDGE('',*,*,#2742,.F.);
#2862 = PLANE('',#2863);
#2863 = AXIS2_PLACEMENT_3D('',#2864,#2865,#2866);
#2864 = CARTESIAN_POINT('',(-1.05,8.83,-2.000000000001E-02));
#2865 = DIRECTION('',(0.928476690885,0.371390676354,0.));
#2866 = DIRECTION('',(0.,0.,-1.));
#2867 = ADVANCED_FACE('',(#2868),#2879,.T.);
#2868 = FACE_BOUND('',#2869,.T.);
#2869 = EDGE_LOOP('',(#2870,#2876,#2877,#2878));
#2870 = ORIENTED_EDGE('',*,*,#2871,.F.);
#2871 = EDGE_CURVE('',#2807,#2618,#2872,.T.);
#2872 = LINE('',#2873,#2874);
#2873 = CARTESIAN_POINT('',(-0.95,8.58,0.3));
#2874 = VECTOR('',#2875,1.);
#2875 = DIRECTION('',(-1.,0.,0.));
#2876 = ORIENTED_EDGE('',*,*,#2855,.T.);
#2877 = ORIENTED_EDGE('',*,*,#2719,.T.);
#2878 = ORIENTED_EDGE('',*,*,#2696,.T.);
#2879 = PLANE('',#2880);
#2880 = AXIS2_PLACEMENT_3D('',#2881,#2882,#2883);
#2881 = CARTESIAN_POINT('',(-1.27,8.83,0.2));
#2882 = DIRECTION('',(0.,0.371390676354,0.928476690885));
#2883 = DIRECTION('',(1.,-0.,0.));
#2884 = ADVANCED_FACE('',(#2885),#2891,.T.);
#2885 = FACE_BOUND('',#2886,.T.);
#2886 = EDGE_LOOP('',(#2887,#2888,#2889,#2890));
#2887 = ORIENTED_EDGE('',*,*,#2871,.T.);
#2888 = ORIENTED_EDGE('',*,*,#2634,.T.);
#2889 = ORIENTED_EDGE('',*,*,#2245,.T.);
#2890 = ORIENTED_EDGE('',*,*,#2814,.F.);
#2891 = PLANE('',#2892);
#2892 = AXIS2_PLACEMENT_3D('',#2893,#2894,#2895);
#2893 = CARTESIAN_POINT('',(-1.59,9.08,0.3));
#2894 = DIRECTION('',(0.,0.,1.));
#2895 = DIRECTION('',(1.,0.,-0.));
#2896 = ADVANCED_FACE('',(#2897),#2908,.T.);
#2897 = FACE_BOUND('',#2898,.T.);
#2898 = EDGE_LOOP('',(#2899,#2905,#2906,#2907));
#2899 = ORIENTED_EDGE('',*,*,#2900,.F.);
#2900 = EDGE_CURVE('',#2831,#2651,#2901,.T.);
#2901 = LINE('',#2902,#2903);
#2902 = CARTESIAN_POINT('',(-0.95,-4.64,0.3));
#2903 = VECTOR('',#2904,1.);
#2904 = DIRECTION('',(-1.,0.,0.));
#2905 = ORIENTED_EDGE('',*,*,#2840,.F.);
#2906 = ORIENTED_EDGE('',*,*,#1790,.F.);
#2907 = ORIENTED_EDGE('',*,*,#2658,.T.);
#2908 = PLANE('',#2909);
#2909 = AXIS2_PLACEMENT_3D('',#2910,#2911,#2912);
#2910 = CARTESIAN_POINT('',(-1.59,9.08,0.3));
#2911 = DIRECTION('',(0.,0.,1.));
#2912 = DIRECTION('',(1.,0.,-0.));
#2913 = ADVANCED_FACE('',(#2914),#2939,.T.);
#2914 = FACE_BOUND('',#2915,.T.);
#2915 = EDGE_LOOP('',(#2916,#2926,#2932,#2933));
#2916 = ORIENTED_EDGE('',*,*,#2917,.F.);
#2917 = EDGE_CURVE('',#2918,#2920,#2922,.T.);
#2918 = VERTEX_POINT('',#2919);
#2919 = CARTESIAN_POINT('',(-1.15,-5.14,9.999999999999E-02));
#2920 = VERTEX_POINT('',#2921);
#2921 = CARTESIAN_POINT('',(-1.39,-5.14,9.999999999999E-02));
#2922 = LINE('',#2923,#2924);
#2923 = CARTESIAN_POINT('',(-1.15,-5.14,9.999999999999E-02));
#2924 = VECTOR('',#2925,1.);
#2925 = DIRECTION('',(-1.,0.,0.));
#2926 = ORIENTED_EDGE('',*,*,#2927,.T.);
#2927 = EDGE_CURVE('',#2918,#2831,#2928,.T.);
#2928 = LINE('',#2929,#2930);
#2929 = CARTESIAN_POINT('',(-1.15,-5.14,9.999999999999E-02));
#2930 = VECTOR('',#2931,1.);
#2931 = DIRECTION('',(0.348155311911,0.870388279778,0.348155311911));
#2932 = ORIENTED_EDGE('',*,*,#2900,.T.);
#2933 = ORIENTED_EDGE('',*,*,#2934,.T.);
#2934 = EDGE_CURVE('',#2651,#2920,#2935,.T.);
#2935 = LINE('',#2936,#2937);
#2936 = CARTESIAN_POINT('',(-1.59,-4.64,0.3));
#2937 = VECTOR('',#2938,1.);
#2938 = DIRECTION('',(0.348155311911,-0.870388279778,-0.348155311911));
#2939 = PLANE('',#2940);
#2940 = AXIS2_PLACEMENT_3D('',#2941,#2942,#2943);
#2941 = CARTESIAN_POINT('',(-1.27,-4.89,0.2));
#2942 = DIRECTION('',(0.,-0.371390676354,0.928476690885));
#2943 = DIRECTION('',(-1.,0.,0.));
#2944 = ADVANCED_FACE('',(#2945),#2970,.T.);
#2945 = FACE_BOUND('',#2946,.T.);
#2946 = EDGE_LOOP('',(#2947,#2948,#2956,#2964));
#2947 = ORIENTED_EDGE('',*,*,#2917,.T.);
#2948 = ORIENTED_EDGE('',*,*,#2949,.F.);
#2949 = EDGE_CURVE('',#2950,#2920,#2952,.T.);
#2950 = VERTEX_POINT('',#2951);
#2951 = CARTESIAN_POINT('',(-1.39,-5.14,-0.14));
#2952 = LINE('',#2953,#2954);
#2953 = CARTESIAN_POINT('',(-1.39,-5.14,-0.14));
#2954 = VECTOR('',#2955,1.);
#2955 = DIRECTION('',(0.,0.,1.));
#2956 = ORIENTED_EDGE('',*,*,#2957,.F.);
#2957 = EDGE_CURVE('',#2958,#2950,#2960,.T.);
#2958 = VERTEX_POINT('',#2959);
#2959 = CARTESIAN_POINT('',(-1.15,-5.14,-0.14));
#2960 = LINE('',#2961,#2962);
#2961 = CARTESIAN_POINT('',(-1.15,-5.14,-0.14));
#2962 = VECTOR('',#2963,1.);
#2963 = DIRECTION('',(-1.,0.,0.));
#2964 = ORIENTED_EDGE('',*,*,#2965,.F.);
#2965 = EDGE_CURVE('',#2918,#2958,#2966,.T.);
#2966 = LINE('',#2967,#2968);
#2967 = CARTESIAN_POINT('',(-1.15,-5.14,9.999999999999E-02));
#2968 = VECTOR('',#2969,1.);
#2969 = DIRECTION('',(0.,0.,-1.));
#2970 = PLANE('',#2971);
#2971 = AXIS2_PLACEMENT_3D('',#2972,#2973,#2974);
#2972 = CARTESIAN_POINT('',(-1.59,-5.14,0.3));
#2973 = DIRECTION('',(0.,-1.,0.));
#2974 = DIRECTION('',(0.,0.,-1.));
#2975 = ADVANCED_FACE('',(#2976),#2987,.T.);
#2976 = FACE_BOUND('',#2977,.T.);
#2977 = EDGE_LOOP('',(#2978,#2979,#2985,#2986));
#2978 = ORIENTED_EDGE('',*,*,#2965,.T.);
#2979 = ORIENTED_EDGE('',*,*,#2980,.F.);
#2980 = EDGE_CURVE('',#2783,#2958,#2981,.T.);
#2981 = LINE('',#2982,#2983);
#2982 = CARTESIAN_POINT('',(-0.95,-4.64,-0.34));
#2983 = VECTOR('',#2984,1.);
#2984 = DIRECTION('',(-0.348155311911,-0.870388279778,0.348155311911));
#2985 = ORIENTED_EDGE('',*,*,#2830,.F.);
#2986 = ORIENTED_EDGE('',*,*,#2927,.F.);
#2987 = PLANE('',#2988);
#2988 = AXIS2_PLACEMENT_3D('',#2989,#2990,#2991);
#2989 = CARTESIAN_POINT('',(-1.05,-4.89,-2.E-02));
#2990 = DIRECTION('',(0.928476690885,-0.371390676354,0.));
#2991 = DIRECTION('',(0.,0.,-1.));
#2992 = ADVANCED_FACE('',(#2993),#3004,.T.);
#2993 = FACE_BOUND('',#2994,.T.);
#2994 = EDGE_LOOP('',(#2995,#2996,#2997,#2998));
#2995 = ORIENTED_EDGE('',*,*,#2782,.F.);
#2996 = ORIENTED_EDGE('',*,*,#2980,.T.);
#2997 = ORIENTED_EDGE('',*,*,#2957,.T.);
#2998 = ORIENTED_EDGE('',*,*,#2999,.T.);
#2999 = EDGE_CURVE('',#2950,#2649,#3000,.T.);
#3000 = LINE('',#3001,#3002);
#3001 = CARTESIAN_POINT('',(-1.39,-5.14,-0.14));
#3002 = VECTOR('',#3003,1.);
#3003 = DIRECTION('',(-0.348155311911,0.870388279778,-0.348155311911));
#3004 = PLANE('',#3005);
#3005 = AXIS2_PLACEMENT_3D('',#3006,#3007,#3008);
#3006 = CARTESIAN_POINT('',(-1.27,-4.89,-0.24));
#3007 = DIRECTION('',(0.,-0.371390676354,-0.928476690885));
#3008 = DIRECTION('',(0.,-0.928476690885,0.371390676354));
#3009 = ADVANCED_FACE('',(#3010),#3016,.T.);
#3010 = FACE_BOUND('',#3011,.T.);
#3011 = EDGE_LOOP('',(#3012,#3013,#3014,#3015));
#3012 = ORIENTED_EDGE('',*,*,#2949,.T.);
#3013 = ORIENTED_EDGE('',*,*,#2934,.F.);
#3014 = ORIENTED_EDGE('',*,*,#2648,.F.);
#3015 = ORIENTED_EDGE('',*,*,#2999,.F.);
#3016 = PLANE('',#3017);
#3017 = AXIS2_PLACEMENT_3D('',#3018,#3019,#3020);
#3018 = CARTESIAN_POINT('',(-1.49,-4.89,-2.000000000002E-02));
#3019 = DIRECTION('',(-0.928476690885,-0.371390676354,0.));
#3020 = DIRECTION('',(-0.371390676354,0.928476690885,0.));
#3021 = ADVANCED_FACE('',(#3022),#3040,.T.);
#3022 = FACE_BOUND('',#3023,.T.);
#3023 = EDGE_LOOP('',(#3024,#3032,#3033,#3034));
#3024 = ORIENTED_EDGE('',*,*,#3025,.T.);
#3025 = EDGE_CURVE('',#3026,#1981,#3028,.T.);
#3026 = VERTEX_POINT('',#3027);
#3027 = CARTESIAN_POINT('',(1.59,8.58,0.3));
#3028 = LINE('',#3029,#3030);
#3029 = CARTESIAN_POINT('',(1.59,8.58,0.3));
#3030 = VECTOR('',#3031,1.);
#3031 = DIRECTION('',(-1.,0.,0.));
#3032 = ORIENTED_EDGE('',*,*,#2006,.T.);
#3033 = ORIENTED_EDGE('',*,*,#2263,.T.);
#3034 = ORIENTED_EDGE('',*,*,#3035,.F.);
#3035 = EDGE_CURVE('',#3026,#2256,#3036,.T.);
#3036 = LINE('',#3037,#3038);
#3037 = CARTESIAN_POINT('',(1.59,8.58,0.3));
#3038 = VECTOR('',#3039,1.);
#3039 = DIRECTION('',(0.,-1.,0.));
#3040 = PLANE('',#3041);
#3041 = AXIS2_PLACEMENT_3D('',#3042,#3043,#3044);
#3042 = CARTESIAN_POINT('',(0.95,9.08,0.3));
#3043 = DIRECTION('',(0.,0.,1.));
#3044 = DIRECTION('',(1.,0.,-0.));
#3045 = ADVANCED_FACE('',(#3046),#3064,.T.);
#3046 = FACE_BOUND('',#3047,.T.);
#3047 = EDGE_LOOP('',(#3048,#3056,#3062,#3063));
#3048 = ORIENTED_EDGE('',*,*,#3049,.F.);
#3049 = EDGE_CURVE('',#3050,#2023,#3052,.T.);
#3050 = VERTEX_POINT('',#3051);
#3051 = CARTESIAN_POINT('',(1.59,-4.64,0.3));
#3052 = LINE('',#3053,#3054);
#3053 = CARTESIAN_POINT('',(1.59,-4.64,0.3));
#3054 = VECTOR('',#3055,1.);
#3055 = DIRECTION('',(-1.,0.,0.));
#3056 = ORIENTED_EDGE('',*,*,#3057,.F.);
#3057 = EDGE_CURVE('',#1939,#3050,#3058,.T.);
#3058 = LINE('',#3059,#3060);
#3059 = CARTESIAN_POINT('',(1.59,-0.94,0.3));
#3060 = VECTOR('',#3061,1.);
#3061 = DIRECTION('',(0.,-1.,0.));
#3062 = ORIENTED_EDGE('',*,*,#1938,.F.);
#3063 = ORIENTED_EDGE('',*,*,#2030,.T.);
#3064 = PLANE('',#3065);
#3065 = AXIS2_PLACEMENT_3D('',#3066,#3067,#3068);
#3066 = CARTESIAN_POINT('',(0.95,9.08,0.3));
#3067 = DIRECTION('',(0.,0.,1.));
#3068 = DIRECTION('',(1.,0.,-0.));
#3069 = ADVANCED_FACE('',(#3070),#3081,.T.);
#3070 = FACE_BOUND('',#3071,.T.);
#3071 = EDGE_LOOP('',(#3072,#3073,#3079,#3080));
#3072 = ORIENTED_EDGE('',*,*,#3025,.F.);
#3073 = ORIENTED_EDGE('',*,*,#3074,.T.);
#3074 = EDGE_CURVE('',#3026,#2092,#3075,.T.);
#3075 = LINE('',#3076,#3077);
#3076 = CARTESIAN_POINT('',(1.59,8.58,0.3));
#3077 = VECTOR('',#3078,1.);
#3078 = DIRECTION('',(-0.348155311911,0.870388279778,-0.348155311911));
#3079 = ORIENTED_EDGE('',*,*,#2091,.T.);
#3080 = ORIENTED_EDGE('',*,*,#2068,.T.);
#3081 = PLANE('',#3082);
#3082 = AXIS2_PLACEMENT_3D('',#3083,#3084,#3085);
#3083 = CARTESIAN_POINT('',(1.27,8.83,0.2));
#3084 = DIRECTION('',(0.,0.371390676354,0.928476690885));
#3085 = DIRECTION('',(1.,-0.,0.));
#3086 = ADVANCED_FACE('',(#3087),#3098,.T.);
#3087 = FACE_BOUND('',#3088,.T.);
#3088 = EDGE_LOOP('',(#3089,#3090,#3091,#3097));
#3089 = ORIENTED_EDGE('',*,*,#2099,.T.);
#3090 = ORIENTED_EDGE('',*,*,#3074,.F.);
#3091 = ORIENTED_EDGE('',*,*,#3092,.F.);
#3092 = EDGE_CURVE('',#2115,#3026,#3093,.T.);
#3093 = LINE('',#3094,#3095);
#3094 = CARTESIAN_POINT('',(1.59,8.58,-0.34));
#3095 = VECTOR('',#3096,1.);
#3096 = DIRECTION('',(0.,0.,1.));
#3097 = ORIENTED_EDGE('',*,*,#2114,.F.);
#3098 = PLANE('',#3099);
#3099 = AXIS2_PLACEMENT_3D('',#3100,#3101,#3102);
#3100 = CARTESIAN_POINT('',(1.49,8.83,-2.E-02));
#3101 = DIRECTION('',(0.928476690885,0.371390676354,0.));
#3102 = DIRECTION('',(0.,0.,-1.));
#3103 = ADVANCED_FACE('',(#3104),#3110,.T.);
#3104 = FACE_BOUND('',#3105,.T.);
#3105 = EDGE_LOOP('',(#3106,#3107,#3108,#3109));
#3106 = ORIENTED_EDGE('',*,*,#3092,.T.);
#3107 = ORIENTED_EDGE('',*,*,#3035,.T.);
#3108 = ORIENTED_EDGE('',*,*,#2255,.T.);
#3109 = ORIENTED_EDGE('',*,*,#2138,.T.);
#3110 = PLANE('',#3111);
#3111 = AXIS2_PLACEMENT_3D('',#3112,#3113,#3114);
#3112 = CARTESIAN_POINT('',(1.59,0.,0.));
#3113 = DIRECTION('',(1.,0.,0.));
#3114 = DIRECTION('',(-0.,1.,0.));
#3115 = ADVANCED_FACE('',(#3116),#3127,.T.);
#3116 = FACE_BOUND('',#3117,.T.);
#3117 = EDGE_LOOP('',(#3118,#3124,#3125,#3126));
#3118 = ORIENTED_EDGE('',*,*,#3119,.T.);
#3119 = EDGE_CURVE('',#3050,#2162,#3120,.T.);
#3120 = LINE('',#3121,#3122);
#3121 = CARTESIAN_POINT('',(1.59,-4.64,0.3));
#3122 = VECTOR('',#3123,1.);
#3123 = DIRECTION('',(0.,0.,-1.));
#3124 = ORIENTED_EDGE('',*,*,#2171,.T.);
#3125 = ORIENTED_EDGE('',*,*,#1946,.F.);
#3126 = ORIENTED_EDGE('',*,*,#3057,.T.);
#3127 = PLANE('',#3128);
#3128 = AXIS2_PLACEMENT_3D('',#3129,#3130,#3131);
#3129 = CARTESIAN_POINT('',(1.59,0.,0.));
#3130 = DIRECTION('',(1.,0.,0.));
#3131 = DIRECTION('',(-0.,1.,0.));
#3132 = ADVANCED_FACE('',(#3133),#3158,.T.);
#3133 = FACE_BOUND('',#3134,.T.);
#3134 = EDGE_LOOP('',(#3135,#3145,#3151,#3152));
#3135 = ORIENTED_EDGE('',*,*,#3136,.T.);
#3136 = EDGE_CURVE('',#3137,#3139,#3141,.T.);
#3137 = VERTEX_POINT('',#3138);
#3138 = CARTESIAN_POINT('',(1.39,-5.14,9.999999999999E-02));
#3139 = VERTEX_POINT('',#3140);
#3140 = CARTESIAN_POINT('',(1.39,-5.14,-0.14));
#3141 = LINE('',#3142,#3143);
#3142 = CARTESIAN_POINT('',(1.39,-5.14,9.999999999999E-02));
#3143 = VECTOR('',#3144,1.);
#3144 = DIRECTION('',(0.,0.,-1.));
#3145 = ORIENTED_EDGE('',*,*,#3146,.F.);
#3146 = EDGE_CURVE('',#2162,#3139,#3147,.T.);
#3147 = LINE('',#3148,#3149);
#3148 = CARTESIAN_POINT('',(1.59,-4.64,-0.34));
#3149 = VECTOR('',#3150,1.);
#3150 = DIRECTION('',(-0.348155311911,-0.870388279778,0.348155311911));
#3151 = ORIENTED_EDGE('',*,*,#3119,.F.);
#3152 = ORIENTED_EDGE('',*,*,#3153,.F.);
#3153 = EDGE_CURVE('',#3137,#3050,#3154,.T.);
#3154 = LINE('',#3155,#3156);
#3155 = CARTESIAN_POINT('',(1.39,-5.14,9.999999999999E-02));
#3156 = VECTOR('',#3157,1.);
#3157 = DIRECTION('',(0.348155311911,0.870388279778,0.348155311911));
#3158 = PLANE('',#3159);
#3159 = AXIS2_PLACEMENT_3D('',#3160,#3161,#3162);
#3160 = CARTESIAN_POINT('',(1.49,-4.89,-2.E-02));
#3161 = DIRECTION('',(0.928476690885,-0.371390676354,0.));
#3162 = DIRECTION('',(0.,0.,-1.));
#3163 = ADVANCED_FACE('',(#3164),#3189,.T.);
#3164 = FACE_BOUND('',#3165,.T.);
#3165 = EDGE_LOOP('',(#3166,#3174,#3182,#3188));
#3166 = ORIENTED_EDGE('',*,*,#3167,.T.);
#3167 = EDGE_CURVE('',#3137,#3168,#3170,.T.);
#3168 = VERTEX_POINT('',#3169);
#3169 = CARTESIAN_POINT('',(1.15,-5.14,9.999999999999E-02));
#3170 = LINE('',#3171,#3172);
#3171 = CARTESIAN_POINT('',(1.39,-5.14,9.999999999999E-02));
#3172 = VECTOR('',#3173,1.);
#3173 = DIRECTION('',(-1.,0.,0.));
#3174 = ORIENTED_EDGE('',*,*,#3175,.F.);
#3175 = EDGE_CURVE('',#3176,#3168,#3178,.T.);
#3176 = VERTEX_POINT('',#3177);
#3177 = CARTESIAN_POINT('',(1.15,-5.14,-0.14));
#3178 = LINE('',#3179,#3180);
#3179 = CARTESIAN_POINT('',(1.15,-5.14,-0.14));
#3180 = VECTOR('',#3181,1.);
#3181 = DIRECTION('',(0.,0.,1.));
#3182 = ORIENTED_EDGE('',*,*,#3183,.F.);
#3183 = EDGE_CURVE('',#3139,#3176,#3184,.T.);
#3184 = LINE('',#3185,#3186);
#3185 = CARTESIAN_POINT('',(1.39,-5.14,-0.14));
#3186 = VECTOR('',#3187,1.);
#3187 = DIRECTION('',(-1.,0.,0.));
#3188 = ORIENTED_EDGE('',*,*,#3136,.F.);
#3189 = PLANE('',#3190);
#3190 = AXIS2_PLACEMENT_3D('',#3191,#3192,#3193);
#3191 = CARTESIAN_POINT('',(0.95,-5.14,0.3));
#3192 = DIRECTION('',(0.,-1.,0.));
#3193 = DIRECTION('',(0.,0.,-1.));
#3194 = ADVANCED_FACE('',(#3195),#3206,.T.);
#3195 = FACE_BOUND('',#3196,.T.);
#3196 = EDGE_LOOP('',(#3197,#3198,#3199,#3200));
#3197 = ORIENTED_EDGE('',*,*,#3167,.F.);
#3198 = ORIENTED_EDGE('',*,*,#3153,.T.);
#3199 = ORIENTED_EDGE('',*,*,#3049,.T.);
#3200 = ORIENTED_EDGE('',*,*,#3201,.T.);
#3201 = EDGE_CURVE('',#2023,#3168,#3202,.T.);
#3202 = LINE('',#3203,#3204);
#3203 = CARTESIAN_POINT('',(0.95,-4.64,0.3));
#3204 = VECTOR('',#3205,1.);
#3205 = DIRECTION('',(0.348155311911,-0.870388279778,-0.348155311911));
#3206 = PLANE('',#3207);
#3207 = AXIS2_PLACEMENT_3D('',#3208,#3209,#3210);
#3208 = CARTESIAN_POINT('',(1.27,-4.89,0.2));
#3209 = DIRECTION('',(0.,-0.371390676354,0.928476690885));
#3210 = DIRECTION('',(-1.,0.,0.));
#3211 = ADVANCED_FACE('',(#3212),#3223,.T.);
#3212 = FACE_BOUND('',#3213,.T.);
#3213 = EDGE_LOOP('',(#3214,#3215,#3216,#3217));
#3214 = ORIENTED_EDGE('',*,*,#3175,.T.);
#3215 = ORIENTED_EDGE('',*,*,#3201,.F.);
#3216 = ORIENTED_EDGE('',*,*,#2020,.F.);
#3217 = ORIENTED_EDGE('',*,*,#3218,.F.);
#3218 = EDGE_CURVE('',#3176,#2021,#3219,.T.);
#3219 = LINE('',#3220,#3221);
#3220 = CARTESIAN_POINT('',(1.15,-5.14,-0.14));
#3221 = VECTOR('',#3222,1.);
#3222 = DIRECTION('',(-0.348155311911,0.870388279778,-0.348155311911));
#3223 = PLANE('',#3224);
#3224 = AXIS2_PLACEMENT_3D('',#3225,#3226,#3227);
#3225 = CARTESIAN_POINT('',(1.05,-4.89,-2.000000000001E-02));
#3226 = DIRECTION('',(-0.928476690885,-0.371390676354,0.));
#3227 = DIRECTION('',(-0.371390676354,0.928476690885,0.));
#3228 = ADVANCED_FACE('',(#3229),#3235,.T.);
#3229 = FACE_BOUND('',#3230,.T.);
#3230 = EDGE_LOOP('',(#3231,#3232,#3233,#3234));
#3231 = ORIENTED_EDGE('',*,*,#2161,.F.);
#3232 = ORIENTED_EDGE('',*,*,#3146,.T.);
#3233 = ORIENTED_EDGE('',*,*,#3183,.T.);
#3234 = ORIENTED_EDGE('',*,*,#3218,.T.);
#3235 = PLANE('',#3236);
#3236 = AXIS2_PLACEMENT_3D('',#3237,#3238,#3239);
#3237 = CARTESIAN_POINT('',(1.27,-4.89,-0.24));
#3238 = DIRECTION('',(0.,-0.371390676354,-0.928476690885));
#3239 = DIRECTION('',(0.,-0.928476690885,0.371390676354));
#3240 = ADVANCED_FACE('',(#3241),#3257,.F.);
#3241 = FACE_BOUND('',#3242,.T.);
#3242 = EDGE_LOOP('',(#3243,#3244,#3250,#3251));
#3243 = ORIENTED_EDGE('',*,*,#1667,.F.);
#3244 = ORIENTED_EDGE('',*,*,#3245,.F.);
#3245 = EDGE_CURVE('',#2272,#1668,#3246,.T.);
#3246 = LINE('',#3247,#3248);
#3247 = CARTESIAN_POINT('',(-0.305,1.58,-0.77));
#3248 = VECTOR('',#3249,1.);
#3249 = DIRECTION('',(0.,-1.,0.));
#3250 = ORIENTED_EDGE('',*,*,#2271,.T.);
#3251 = ORIENTED_EDGE('',*,*,#3252,.T.);
#3252 = EDGE_CURVE('',#2274,#1670,#3253,.T.);
#3253 = LINE('',#3254,#3255);
#3254 = CARTESIAN_POINT('',(-0.305,1.58,0.73));
#3255 = VECTOR('',#3256,1.);
#3256 = DIRECTION('',(0.,-1.,0.));
#3257 = PLANE('',#3258);
#3258 = AXIS2_PLACEMENT_3D('',#3259,#3260,#3261);
#3259 = CARTESIAN_POINT('',(-0.305,1.58,-0.77));
#3260 = DIRECTION('',(-1.,0.,0.));
#3261 = DIRECTION('',(0.,0.,1.));
#3262 = ADVANCED_FACE('',(#3263),#3274,.F.);
#3263 = FACE_BOUND('',#3264,.T.);
#3264 = EDGE_LOOP('',(#3265,#3266,#3267,#3268));
#3265 = ORIENTED_EDGE('',*,*,#1677,.F.);
#3266 = ORIENTED_EDGE('',*,*,#3252,.F.);
#3267 = ORIENTED_EDGE('',*,*,#2297,.T.);
#3268 = ORIENTED_EDGE('',*,*,#3269,.T.);
#3269 = EDGE_CURVE('',#2290,#1678,#3270,.T.);
#3270 = LINE('',#3271,#3272);
#3271 = CARTESIAN_POINT('',(0.305,1.58,0.73));
#3272 = VECTOR('',#3273,1.);
#3273 = DIRECTION('',(0.,-1.,0.));
#3274 = PLANE('',#3275);
#3275 = AXIS2_PLACEMENT_3D('',#3276,#3277,#3278);
#3276 = CARTESIAN_POINT('',(-0.305,1.58,0.73));
#3277 = DIRECTION('',(0.,0.,1.));
#3278 = DIRECTION('',(1.,0.,-0.));
#3279 = ADVANCED_FACE('',(#3280),#3291,.F.);
#3280 = FACE_BOUND('',#3281,.T.);
#3281 = EDGE_LOOP('',(#3282,#3283,#3284,#3285));
#3282 = ORIENTED_EDGE('',*,*,#1685,.F.);
#3283 = ORIENTED_EDGE('',*,*,#3269,.F.);
#3284 = ORIENTED_EDGE('',*,*,#2289,.T.);
#3285 = ORIENTED_EDGE('',*,*,#3286,.T.);
#3286 = EDGE_CURVE('',#2282,#1686,#3287,.T.);
#3287 = LINE('',#3288,#3289);
#3288 = CARTESIAN_POINT('',(0.305,1.58,-0.77));
#3289 = VECTOR('',#3290,1.);
#3290 = DIRECTION('',(0.,-1.,0.));
#3291 = PLANE('',#3292);
#3292 = AXIS2_PLACEMENT_3D('',#3293,#3294,#3295);
#3293 = CARTESIAN_POINT('',(0.305,1.58,0.73));
#3294 = DIRECTION('',(1.,0.,0.));
#3295 = DIRECTION('',(-0.,1.,0.));
#3296 = ADVANCED_FACE('',(#3297),#3303,.F.);
#3297 = FACE_BOUND('',#3298,.T.);
#3298 = EDGE_LOOP('',(#3299,#3300,#3301,#3302));
#3299 = ORIENTED_EDGE('',*,*,#1693,.F.);
#3300 = ORIENTED_EDGE('',*,*,#3286,.F.);
#3301 = ORIENTED_EDGE('',*,*,#2281,.T.);
#3302 = ORIENTED_EDGE('',*,*,#3245,.T.);
#3303 = PLANE('',#3304);
#3304 = AXIS2_PLACEMENT_3D('',#3305,#3306,#3307);
#3305 = CARTESIAN_POINT('',(0.305,1.58,-0.77));
#3306 = DIRECTION('',(0.,0.,-1.));
#3307 = DIRECTION('',(0.,-1.,0.));
#3308 = ADVANCED_FACE('',(#3309),#3315,.F.);
#3309 = FACE_BOUND('',#3310,.T.);
#3310 = EDGE_LOOP('',(#3311,#3312,#3313,#3314));
#3311 = ORIENTED_EDGE('',*,*,#1651,.F.);
#3312 = ORIENTED_EDGE('',*,*,#1572,.T.);
#3313 = ORIENTED_EDGE('',*,*,#1770,.T.);
#3314 = ORIENTED_EDGE('',*,*,#1822,.F.);
#3315 = PLANE('',#3316);
#3316 = AXIS2_PLACEMENT_3D('',#3317,#3318,#3319);
#3317 = CARTESIAN_POINT('',(-0.43,-1.58,2.9));
#3318 = DIRECTION('',(1.,0.,0.));
#3319 = DIRECTION('',(-0.,1.,0.));
#3320 = ( GEOMETRIC_REPRESENTATION_CONTEXT(3) 
GLOBAL_UNCERTAINTY_ASSIGNED_CONTEXT((#3324)) 
GLOBAL_UNIT_ASSIGNED_CONTEXT((#3321,#3322,#3323)) REPRESENTATION_CONTEXT
('Context #1','3D Context with UNIT and UNCERTAINTY') );
#3321 = ( LENGTH_UNIT() NAMED_UNIT(*) SI_UNIT(.MILLI.,.METRE.) );
#3322 = ( NAMED_UNIT(*) PLANE_ANGLE_UNIT() SI_UNIT($,.RADIAN.) );
#3323 = ( NAMED_UNIT(*) SI_UNIT($,.STERADIAN.) SOLID_ANGLE_UNIT() );
#3324 = UNCERTAINTY_MEASURE_WITH_UNIT(LENGTH_MEASURE(1.E-07),#3321,
  'distance_accuracy_value','confusion accuracy');
#3325 = SHAPE_DEFINITION_REPRESENTATION(#3326,#1452);
#3326 = PRODUCT_DEFINITION_SHAPE('','',#3327);
#3327 = PRODUCT_DEFINITION('design','',#3328,#3331);
#3328 = PRODUCT_DEFINITION_FORMATION('','',#3329);
#3329 = PRODUCT('0022272021','0022272021','',(#3330));
#3330 = PRODUCT_CONTEXT('',#2,'mechanical');
#3331 = PRODUCT_DEFINITION_CONTEXT('part definition',#2,'design');
#3332 = CONTEXT_DEPENDENT_SHAPE_REPRESENTATION(#3333,#3335);
#3333 = ( REPRESENTATION_RELATIONSHIP('','',#1452,#1442) 
REPRESENTATION_RELATIONSHIP_WITH_TRANSFORMATION(#3334) 
SHAPE_REPRESENTATION_RELATIONSHIP() );
#3334 = ITEM_DEFINED_TRANSFORMATION('','',#11,#1443);
#3335 = PRODUCT_DEFINITION_SHAPE('Placement','Placement of an item',
  #3336);
#3336 = NEXT_ASSEMBLY_USAGE_OCCURRENCE('7','','',#1437,#3327,$);
#3337 = PRODUCT_RELATED_PRODUCT_CATEGORY('part',$,(#3329));
#3338 = CONTEXT_DEPENDENT_SHAPE_REPRESENTATION(#3339,#3341);
#3339 = ( REPRESENTATION_RELATIONSHIP('','',#1442,#10) 
REPRESENTATION_RELATIONSHIP_WITH_TRANSFORMATION(#3340) 
SHAPE_REPRESENTATION_RELATIONSHIP() );
#3340 = ITEM_DEFINED_TRANSFORMATION('','',#11,#27);
#3341 = PRODUCT_DEFINITION_SHAPE('Placement','Placement of an item',
  #3342);
#3342 = NEXT_ASSEMBLY_USAGE_OCCURRENCE('8','','',#5,#1437,$);
#3343 = PRODUCT_RELATED_PRODUCT_CATEGORY('part',$,(#1439));
#3344 = SHAPE_DEFINITION_REPRESENTATION(#3345,#3351);
#3345 = PRODUCT_DEFINITION_SHAPE('','',#3346);
#3346 = PRODUCT_DEFINITION('design','',#3347,#3350);
#3347 = PRODUCT_DEFINITION_FORMATION('','',#3348);
#3348 = PRODUCT('D2','D2','',(#3349));
#3349 = PRODUCT_CONTEXT('',#2,'mechanical');
#3350 = PRODUCT_DEFINITION_CONTEXT('part definition',#2,'design');
#3351 = SHAPE_REPRESENTATION('',(#11,#3352),#3356);
#3352 = AXIS2_PLACEMENT_3D('',#3353,#3354,#3355);
#3353 = CARTESIAN_POINT('',(2.99999996,13.199999962939,-1.704139351845)
  );
#3354 = DIRECTION('',(-1.,1.192487681713E-08,4.371138932924E-08));
#3355 = DIRECTION('',(1.19248806385E-08,1.,8.742277657348E-08));
#3356 = ( GEOMETRIC_REPRESENTATION_CONTEXT(3) 
GLOBAL_UNCERTAINTY_ASSIGNED_CONTEXT((#3360)) 
GLOBAL_UNIT_ASSIGNED_CONTEXT((#3357,#3358,#3359)) REPRESENTATION_CONTEXT
('Context #1','3D Context with UNIT and UNCERTAINTY') );
#3357 = ( LENGTH_UNIT() NAMED_UNIT(*) SI_UNIT(.MILLI.,.METRE.) );
#3358 = ( NAMED_UNIT(*) PLANE_ANGLE_UNIT() SI_UNIT($,.RADIAN.) );
#3359 = ( NAMED_UNIT(*) SI_UNIT($,.STERADIAN.) SOLID_ANGLE_UNIT() );
#3360 = UNCERTAINTY_MEASURE_WITH_UNIT(LENGTH_MEASURE(1.E-07),#3357,
  'distance_accuracy_value','confusion accuracy');
#3361 = SHAPE_REPRESENTATION('',(#11,#3362,#3512,#3994,#4476,#4758,#6096
    ),#6246);
#3362 = MANIFOLD_SOLID_BREP('',#3363);
#3363 = CLOSED_SHELL('',(#3364,#3404,#3435,#3466,#3488,#3500));
#3364 = ADVANCED_FACE('',(#3365),#3399,.F.);
#3365 = FACE_BOUND('',#3366,.T.);
#3366 = EDGE_LOOP('',(#3367,#3377,#3385,#3393));
#3367 = ORIENTED_EDGE('',*,*,#3368,.T.);
#3368 = EDGE_CURVE('',#3369,#3371,#3373,.T.);
#3369 = VERTEX_POINT('',#3370);
#3370 = CARTESIAN_POINT('',(-0.6,0.18,0.4));
#3371 = VERTEX_POINT('',#3372);
#3372 = CARTESIAN_POINT('',(-0.6,0.18,-0.4));
#3373 = LINE('',#3374,#3375);
#3374 = CARTESIAN_POINT('',(-0.6,0.18,0.4));
#3375 = VECTOR('',#3376,1.);
#3376 = DIRECTION('',(-0.,-0.,-1.));
#3377 = ORIENTED_EDGE('',*,*,#3378,.T.);
#3378 = EDGE_CURVE('',#3371,#3379,#3381,.T.);
#3379 = VERTEX_POINT('',#3380);
#3380 = CARTESIAN_POINT('',(0.6,0.18,-0.4));
#3381 = LINE('',#3382,#3383);
#3382 = CARTESIAN_POINT('',(0.6,0.18,-0.4));
#3383 = VECTOR('',#3384,1.);
#3384 = DIRECTION('',(1.,-0.,-0.));
#3385 = ORIENTED_EDGE('',*,*,#3386,.F.);
#3386 = EDGE_CURVE('',#3387,#3379,#3389,.T.);
#3387 = VERTEX_POINT('',#3388);
#3388 = CARTESIAN_POINT('',(0.6,0.18,0.4));
#3389 = LINE('',#3390,#3391);
#3390 = CARTESIAN_POINT('',(0.6,0.18,0.4));
#3391 = VECTOR('',#3392,1.);
#3392 = DIRECTION('',(-0.,-0.,-1.));
#3393 = ORIENTED_EDGE('',*,*,#3394,.F.);
#3394 = EDGE_CURVE('',#3369,#3387,#3395,.T.);
#3395 = LINE('',#3396,#3397);
#3396 = CARTESIAN_POINT('',(0.6,0.18,0.4));
#3397 = VECTOR('',#3398,1.);
#3398 = DIRECTION('',(1.,-0.,-0.));
#3399 = PLANE('',#3400);
#3400 = AXIS2_PLACEMENT_3D('',#3401,#3402,#3403);
#3401 = CARTESIAN_POINT('',(0.6,0.18,0.4));
#3402 = DIRECTION('',(0.,1.,-0.));
#3403 = DIRECTION('',(0.,0.,1.));
#3404 = ADVANCED_FACE('',(#3405),#3430,.F.);
#3405 = FACE_BOUND('',#3406,.T.);
#3406 = EDGE_LOOP('',(#3407,#3408,#3416,#3424));
#3407 = ORIENTED_EDGE('',*,*,#3386,.T.);
#3408 = ORIENTED_EDGE('',*,*,#3409,.T.);
#3409 = EDGE_CURVE('',#3379,#3410,#3412,.T.);
#3410 = VERTEX_POINT('',#3411);
#3411 = CARTESIAN_POINT('',(0.55,0.55,-0.4));
#3412 = LINE('',#3413,#3414);
#3413 = CARTESIAN_POINT('',(0.55,0.55,-0.4));
#3414 = VECTOR('',#3415,1.);
#3415 = DIRECTION('',(-0.133917896001,0.99099243041,-0.));
#3416 = ORIENTED_EDGE('',*,*,#3417,.F.);
#3417 = EDGE_CURVE('',#3418,#3410,#3420,.T.);
#3418 = VERTEX_POINT('',#3419);
#3419 = CARTESIAN_POINT('',(0.55,0.55,0.4));
#3420 = LINE('',#3421,#3422);
#3421 = CARTESIAN_POINT('',(0.55,0.55,0.4));
#3422 = VECTOR('',#3423,1.);
#3423 = DIRECTION('',(-0.,-0.,-1.));
#3424 = ORIENTED_EDGE('',*,*,#3425,.F.);
#3425 = EDGE_CURVE('',#3387,#3418,#3426,.T.);
#3426 = LINE('',#3427,#3428);
#3427 = CARTESIAN_POINT('',(0.55,0.55,0.4));
#3428 = VECTOR('',#3429,1.);
#3429 = DIRECTION('',(-0.133917896001,0.99099243041,-0.));
#3430 = PLANE('',#3431);
#3431 = AXIS2_PLACEMENT_3D('',#3432,#3433,#3434);
#3432 = CARTESIAN_POINT('',(0.55,0.55,0.4));
#3433 = DIRECTION('',(-0.99099243041,-0.133917896001,0.));
#3434 = DIRECTION('',(0.133917896001,-0.99099243041,0.));
#3435 = ADVANCED_FACE('',(#3436),#3461,.F.);
#3436 = FACE_BOUND('',#3437,.T.);
#3437 = EDGE_LOOP('',(#3438,#3439,#3447,#3455));
#3438 = ORIENTED_EDGE('',*,*,#3417,.T.);
#3439 = ORIENTED_EDGE('',*,*,#3440,.T.);
#3440 = EDGE_CURVE('',#3410,#3441,#3443,.T.);
#3441 = VERTEX_POINT('',#3442);
#3442 = CARTESIAN_POINT('',(-0.55,0.55,-0.4));
#3443 = LINE('',#3444,#3445);
#3444 = CARTESIAN_POINT('',(-0.55,0.55,-0.4));
#3445 = VECTOR('',#3446,1.);
#3446 = DIRECTION('',(-1.,-9.856383386232E-17,-0.));
#3447 = ORIENTED_EDGE('',*,*,#3448,.F.);
#3448 = EDGE_CURVE('',#3449,#3441,#3451,.T.);
#3449 = VERTEX_POINT('',#3450);
#3450 = CARTESIAN_POINT('',(-0.55,0.55,0.4));
#3451 = LINE('',#3452,#3453);
#3452 = CARTESIAN_POINT('',(-0.55,0.55,0.4));
#3453 = VECTOR('',#3454,1.);
#3454 = DIRECTION('',(-0.,-0.,-1.));
#3455 = ORIENTED_EDGE('',*,*,#3456,.F.);
#3456 = EDGE_CURVE('',#3418,#3449,#3457,.T.);
#3457 = LINE('',#3458,#3459);
#3458 = CARTESIAN_POINT('',(-0.55,0.55,0.4));
#3459 = VECTOR('',#3460,1.);
#3460 = DIRECTION('',(-1.,-9.856383386232E-17,-0.));
#3461 = PLANE('',#3462);
#3462 = AXIS2_PLACEMENT_3D('',#3463,#3464,#3465);
#3463 = CARTESIAN_POINT('',(-0.55,0.55,0.4));
#3464 = DIRECTION('',(9.856383386232E-17,-1.,0.));
#3465 = DIRECTION('',(1.,9.856383386232E-17,0.));
#3466 = ADVANCED_FACE('',(#3467),#3483,.F.);
#3467 = FACE_BOUND('',#3468,.T.);
#3468 = EDGE_LOOP('',(#3469,#3470,#3476,#3477));
#3469 = ORIENTED_EDGE('',*,*,#3448,.T.);
#3470 = ORIENTED_EDGE('',*,*,#3471,.T.);
#3471 = EDGE_CURVE('',#3441,#3371,#3472,.T.);
#3472 = LINE('',#3473,#3474);
#3473 = CARTESIAN_POINT('',(-0.6,0.18,-0.4));
#3474 = VECTOR('',#3475,1.);
#3475 = DIRECTION('',(-0.133917896001,-0.99099243041,-0.));
#3476 = ORIENTED_EDGE('',*,*,#3368,.F.);
#3477 = ORIENTED_EDGE('',*,*,#3478,.F.);
#3478 = EDGE_CURVE('',#3449,#3369,#3479,.T.);
#3479 = LINE('',#3480,#3481);
#3480 = CARTESIAN_POINT('',(-0.6,0.18,0.4));
#3481 = VECTOR('',#3482,1.);
#3482 = DIRECTION('',(-0.133917896001,-0.99099243041,-0.));
#3483 = PLANE('',#3484);
#3484 = AXIS2_PLACEMENT_3D('',#3485,#3486,#3487);
#3485 = CARTESIAN_POINT('',(-0.6,0.18,0.4));
#3486 = DIRECTION('',(0.99099243041,-0.133917896001,0.));
#3487 = DIRECTION('',(0.133917896001,0.99099243041,0.));
#3488 = ADVANCED_FACE('',(#3489),#3495,.F.);
#3489 = FACE_BOUND('',#3490,.T.);
#3490 = EDGE_LOOP('',(#3491,#3492,#3493,#3494));
#3491 = ORIENTED_EDGE('',*,*,#3394,.T.);
#3492 = ORIENTED_EDGE('',*,*,#3425,.T.);
#3493 = ORIENTED_EDGE('',*,*,#3456,.T.);
#3494 = ORIENTED_EDGE('',*,*,#3478,.T.);
#3495 = PLANE('',#3496);
#3496 = AXIS2_PLACEMENT_3D('',#3497,#3498,#3499);
#3497 = CARTESIAN_POINT('',(0.,0.,0.4));
#3498 = DIRECTION('',(0.,0.,-1.));
#3499 = DIRECTION('',(-1.,0.,-0.));
#3500 = ADVANCED_FACE('',(#3501),#3507,.T.);
#3501 = FACE_BOUND('',#3502,.T.);
#3502 = EDGE_LOOP('',(#3503,#3504,#3505,#3506));
#3503 = ORIENTED_EDGE('',*,*,#3378,.F.);
#3504 = ORIENTED_EDGE('',*,*,#3471,.F.);
#3505 = ORIENTED_EDGE('',*,*,#3440,.F.);
#3506 = ORIENTED_EDGE('',*,*,#3409,.F.);
#3507 = PLANE('',#3508);
#3508 = AXIS2_PLACEMENT_3D('',#3509,#3510,#3511);
#3509 = CARTESIAN_POINT('',(0.,0.,-0.4));
#3510 = DIRECTION('',(0.,0.,-1.));
#3511 = DIRECTION('',(-1.,0.,-0.));
#3512 = MANIFOLD_SOLID_BREP('',#3513);
#3513 = CLOSED_SHELL('',(#3514,#3554,#3594,#3657,#3690,#3744,#3775,#3852
    ,#3874,#3888,#3902,#3924,#3936,#3948,#3965,#3982));
#3514 = ADVANCED_FACE('',(#3515),#3549,.F.);
#3515 = FACE_BOUND('',#3516,.T.);
#3516 = EDGE_LOOP('',(#3517,#3527,#3535,#3543));
#3517 = ORIENTED_EDGE('',*,*,#3518,.T.);
#3518 = EDGE_CURVE('',#3519,#3521,#3523,.T.);
#3519 = VERTEX_POINT('',#3520);
#3520 = CARTESIAN_POINT('',(-0.8,0.18,0.35));
#3521 = VERTEX_POINT('',#3522);
#3522 = CARTESIAN_POINT('',(-0.8,0.165,0.35));
#3523 = LINE('',#3524,#3525);
#3524 = CARTESIAN_POINT('',(-0.8,0.18,0.35));
#3525 = VECTOR('',#3526,1.);
#3526 = DIRECTION('',(-0.,-1.,-0.));
#3527 = ORIENTED_EDGE('',*,*,#3528,.T.);
#3528 = EDGE_CURVE('',#3521,#3529,#3531,.T.);
#3529 = VERTEX_POINT('',#3530);
#3530 = CARTESIAN_POINT('',(-0.5,0.165,0.35));
#3531 = LINE('',#3532,#3533);
#3532 = CARTESIAN_POINT('',(-0.8,0.165,0.35));
#3533 = VECTOR('',#3534,1.);
#3534 = DIRECTION('',(1.,-0.,-5.20417042793E-15));
#3535 = ORIENTED_EDGE('',*,*,#3536,.F.);
#3536 = EDGE_CURVE('',#3537,#3529,#3539,.T.);
#3537 = VERTEX_POINT('',#3538);
#3538 = CARTESIAN_POINT('',(-0.5,0.18,0.35));
#3539 = LINE('',#3540,#3541);
#3540 = CARTESIAN_POINT('',(-0.5,0.18,0.35));
#3541 = VECTOR('',#3542,1.);
#3542 = DIRECTION('',(-0.,-1.,-0.));
#3543 = ORIENTED_EDGE('',*,*,#3544,.F.);
#3544 = EDGE_CURVE('',#3519,#3537,#3545,.T.);
#3545 = LINE('',#3546,#3547);
#3546 = CARTESIAN_POINT('',(-0.8,0.18,0.35));
#3547 = VECTOR('',#3548,1.);
#3548 = DIRECTION('',(1.,0.,0.));
#3549 = PLANE('',#3550);
#3550 = AXIS2_PLACEMENT_3D('',#3551,#3552,#3553);
#3551 = CARTESIAN_POINT('',(-0.8,0.18,0.35));
#3552 = DIRECTION('',(0.,0.,-1.));
#3553 = DIRECTION('',(-1.,0.,-0.));
#3554 = ADVANCED_FACE('',(#3555),#3589,.F.);
#3555 = FACE_BOUND('',#3556,.T.);
#3556 = EDGE_LOOP('',(#3557,#3567,#3575,#3583));
#3557 = ORIENTED_EDGE('',*,*,#3558,.T.);
#3558 = EDGE_CURVE('',#3559,#3561,#3563,.T.);
#3559 = VERTEX_POINT('',#3560);
#3560 = CARTESIAN_POINT('',(-0.5,0.18,-0.35));
#3561 = VERTEX_POINT('',#3562);
#3562 = CARTESIAN_POINT('',(-0.5,0.165,-0.35));
#3563 = LINE('',#3564,#3565);
#3564 = CARTESIAN_POINT('',(-0.5,0.18,-0.35));
#3565 = VECTOR('',#3566,1.);
#3566 = DIRECTION('',(-0.,-1.,-0.));
#3567 = ORIENTED_EDGE('',*,*,#3568,.F.);
#3568 = EDGE_CURVE('',#3569,#3561,#3571,.T.);
#3569 = VERTEX_POINT('',#3570);
#3570 = CARTESIAN_POINT('',(-0.8,0.165,-0.35));
#3571 = LINE('',#3572,#3573);
#3572 = CARTESIAN_POINT('',(-0.8,0.165,-0.35));
#3573 = VECTOR('',#3574,1.);
#3574 = DIRECTION('',(1.,-0.,-5.20417042793E-15));
#3575 = ORIENTED_EDGE('',*,*,#3576,.F.);
#3576 = EDGE_CURVE('',#3577,#3569,#3579,.T.);
#3577 = VERTEX_POINT('',#3578);
#3578 = CARTESIAN_POINT('',(-0.8,0.18,-0.35));
#3579 = LINE('',#3580,#3581);
#3580 = CARTESIAN_POINT('',(-0.8,0.18,-0.35));
#3581 = VECTOR('',#3582,1.);
#3582 = DIRECTION('',(-0.,-1.,-0.));
#3583 = ORIENTED_EDGE('',*,*,#3584,.F.);
#3584 = EDGE_CURVE('',#3559,#3577,#3585,.T.);
#3585 = LINE('',#3586,#3587);
#3586 = CARTESIAN_POINT('',(-0.8,0.18,-0.35));
#3587 = VECTOR('',#3588,1.);
#3588 = DIRECTION('',(-1.,-0.,-0.));
#3589 = PLANE('',#3590);
#3590 = AXIS2_PLACEMENT_3D('',#3591,#3592,#3593);
#3591 = CARTESIAN_POINT('',(-0.8,0.18,-0.35));
#3592 = DIRECTION('',(0.,0.,1.));
#3593 = DIRECTION('',(1.,0.,-0.));
#3594 = ADVANCED_FACE('',(#3595),#3652,.F.);
#3595 = FACE_BOUND('',#3596,.T.);
#3596 = EDGE_LOOP('',(#3597,#3598,#3606,#3614,#3622,#3630,#3638,#3646));
#3597 = ORIENTED_EDGE('',*,*,#3576,.T.);
#3598 = ORIENTED_EDGE('',*,*,#3599,.T.);
#3599 = EDGE_CURVE('',#3569,#3600,#3602,.T.);
#3600 = VERTEX_POINT('',#3601);
#3601 = CARTESIAN_POINT('',(-0.8,0.165,-0.24));
#3602 = LINE('',#3603,#3604);
#3603 = CARTESIAN_POINT('',(-0.8,0.165,-0.35));
#3604 = VECTOR('',#3605,1.);
#3605 = DIRECTION('',(4.928191693116E-15,-1.478457507935E-15,1.));
#3606 = ORIENTED_EDGE('',*,*,#3607,.T.);
#3607 = EDGE_CURVE('',#3600,#3608,#3610,.T.);
#3608 = VERTEX_POINT('',#3609);
#3609 = CARTESIAN_POINT('',(-0.8,1.500000000001E-02,-0.24));
#3610 = LINE('',#3611,#3612);
#3611 = CARTESIAN_POINT('',(-0.8,0.165,-0.24));
#3612 = VECTOR('',#3613,1.);
#3613 = DIRECTION('',(0.,-1.,3.794707603699E-15));
#3614 = ORIENTED_EDGE('',*,*,#3615,.T.);
#3615 = EDGE_CURVE('',#3608,#3616,#3618,.T.);
#3616 = VERTEX_POINT('',#3617);
#3617 = CARTESIAN_POINT('',(-0.8,1.5E-02,-0.35));
#3618 = LINE('',#3619,#3620);
#3619 = CARTESIAN_POINT('',(-0.8,1.5E-02,-0.35));
#3620 = VECTOR('',#3621,1.);
#3621 = DIRECTION('',(-4.928191693116E-15,-7.509332092385E-14,-1.));
#3622 = ORIENTED_EDGE('',*,*,#3623,.T.);
#3623 = EDGE_CURVE('',#3616,#3624,#3626,.T.);
#3624 = VERTEX_POINT('',#3625);
#3625 = CARTESIAN_POINT('',(-0.8,0.,-0.35));
#3626 = LINE('',#3627,#3628);
#3627 = CARTESIAN_POINT('',(-0.8,0.18,-0.35));
#3628 = VECTOR('',#3629,1.);
#3629 = DIRECTION('',(-0.,-1.,-0.));
#3630 = ORIENTED_EDGE('',*,*,#3631,.T.);
#3631 = EDGE_CURVE('',#3624,#3632,#3634,.T.);
#3632 = VERTEX_POINT('',#3633);
#3633 = CARTESIAN_POINT('',(-0.8,0.,-0.225));
#3634 = LINE('',#3635,#3636);
#3635 = CARTESIAN_POINT('',(-0.8,0.,-0.35));
#3636 = VECTOR('',#3637,1.);
#3637 = DIRECTION('',(2.602085213965E-15,0.,1.));
#3638 = ORIENTED_EDGE('',*,*,#3639,.F.);
#3639 = EDGE_CURVE('',#3640,#3632,#3642,.T.);
#3640 = VERTEX_POINT('',#3641);
#3641 = CARTESIAN_POINT('',(-0.8,0.18,-0.225));
#3642 = LINE('',#3643,#3644);
#3643 = CARTESIAN_POINT('',(-0.8,0.18,-0.225));
#3644 = VECTOR('',#3645,1.);
#3645 = DIRECTION('',(-0.,-1.,-0.));
#3646 = ORIENTED_EDGE('',*,*,#3647,.F.);
#3647 = EDGE_CURVE('',#3577,#3640,#3648,.T.);
#3648 = LINE('',#3649,#3650);
#3649 = CARTESIAN_POINT('',(-0.8,0.18,-0.35));
#3650 = VECTOR('',#3651,1.);
#3651 = DIRECTION('',(2.602085213965E-15,0.,1.));
#3652 = PLANE('',#3653);
#3653 = AXIS2_PLACEMENT_3D('',#3654,#3655,#3656);
#3654 = CARTESIAN_POINT('',(-0.8,0.18,-0.35));
#3655 = DIRECTION('',(1.,0.,-2.602085213965E-15));
#3656 = DIRECTION('',(-2.602085213965E-15,0.,-1.));
#3657 = ADVANCED_FACE('',(#3658),#3685,.F.);
#3658 = FACE_BOUND('',#3659,.F.);
#3659 = EDGE_LOOP('',(#3660,#3661,#3670,#3678));
#3660 = ORIENTED_EDGE('',*,*,#3639,.F.);
#3661 = ORIENTED_EDGE('',*,*,#3662,.T.);
#3662 = EDGE_CURVE('',#3640,#3663,#3665,.T.);
#3663 = VERTEX_POINT('',#3664);
#3664 = CARTESIAN_POINT('',(-0.8,0.18,0.225));
#3665 = CIRCLE('',#3666,0.265);
#3666 = AXIS2_PLACEMENT_3D('',#3667,#3668,#3669);
#3667 = CARTESIAN_POINT('',(-0.94,0.18,1.00559751498E-15));
#3668 = DIRECTION('',(0.,-1.,0.));
#3669 = DIRECTION('',(0.,0.,1.));
#3670 = ORIENTED_EDGE('',*,*,#3671,.T.);
#3671 = EDGE_CURVE('',#3663,#3672,#3674,.T.);
#3672 = VERTEX_POINT('',#3673);
#3673 = CARTESIAN_POINT('',(-0.8,0.,0.225));
#3674 = LINE('',#3675,#3676);
#3675 = CARTESIAN_POINT('',(-0.8,0.18,0.225));
#3676 = VECTOR('',#3677,1.);
#3677 = DIRECTION('',(-0.,-1.,-0.));
#3678 = ORIENTED_EDGE('',*,*,#3679,.F.);
#3679 = EDGE_CURVE('',#3632,#3672,#3680,.T.);
#3680 = CIRCLE('',#3681,0.265);
#3681 = AXIS2_PLACEMENT_3D('',#3682,#3683,#3684);
#3682 = CARTESIAN_POINT('',(-0.94,0.,1.00559751498E-15));
#3683 = DIRECTION('',(0.,-1.,0.));
#3684 = DIRECTION('',(0.,0.,1.));
#3685 = CYLINDRICAL_SURFACE('',#3686,0.265);
#3686 = AXIS2_PLACEMENT_3D('',#3687,#3688,#3689);
#3687 = CARTESIAN_POINT('',(-0.94,0.18,1.00559751498E-15));
#3688 = DIRECTION('',(-0.,-1.,-0.));
#3689 = DIRECTION('',(0.,0.,-1.));
#3690 = ADVANCED_FACE('',(#3691),#3739,.F.);
#3691 = FACE_BOUND('',#3692,.T.);
#3692 = EDGE_LOOP('',(#3693,#3703,#3709,#3710,#3716,#3717,#3725,#3733));
#3693 = ORIENTED_EDGE('',*,*,#3694,.T.);
#3694 = EDGE_CURVE('',#3695,#3697,#3699,.T.);
#3695 = VERTEX_POINT('',#3696);
#3696 = CARTESIAN_POINT('',(-0.8,1.5E-02,0.24));
#3697 = VERTEX_POINT('',#3698);
#3698 = CARTESIAN_POINT('',(-0.8,0.165,0.24));
#3699 = LINE('',#3700,#3701);
#3700 = CARTESIAN_POINT('',(-0.8,0.165,0.24));
#3701 = VECTOR('',#3702,1.);
#3702 = DIRECTION('',(-0.,1.,-0.));
#3703 = ORIENTED_EDGE('',*,*,#3704,.T.);
#3704 = EDGE_CURVE('',#3697,#3521,#3705,.T.);
#3705 = LINE('',#3706,#3707);
#3706 = CARTESIAN_POINT('',(-0.8,0.165,0.35));
#3707 = VECTOR('',#3708,1.);
#3708 = DIRECTION('',(4.928191693116E-15,-0.,1.));
#3709 = ORIENTED_EDGE('',*,*,#3518,.F.);
#3710 = ORIENTED_EDGE('',*,*,#3711,.F.);
#3711 = EDGE_CURVE('',#3663,#3519,#3712,.T.);
#3712 = LINE('',#3713,#3714);
#3713 = CARTESIAN_POINT('',(-0.8,0.18,0.225));
#3714 = VECTOR('',#3715,1.);
#3715 = DIRECTION('',(-5.20417042793E-15,0.,1.));
#3716 = ORIENTED_EDGE('',*,*,#3671,.T.);
#3717 = ORIENTED_EDGE('',*,*,#3718,.T.);
#3718 = EDGE_CURVE('',#3672,#3719,#3721,.T.);
#3719 = VERTEX_POINT('',#3720);
#3720 = CARTESIAN_POINT('',(-0.8,0.,0.35));
#3721 = LINE('',#3722,#3723);
#3722 = CARTESIAN_POINT('',(-0.8,0.,0.225));
#3723 = VECTOR('',#3724,1.);
#3724 = DIRECTION('',(-5.20417042793E-15,0.,1.));
#3725 = ORIENTED_EDGE('',*,*,#3726,.F.);
#3726 = EDGE_CURVE('',#3727,#3719,#3729,.T.);
#3727 = VERTEX_POINT('',#3728);
#3728 = CARTESIAN_POINT('',(-0.8,1.5E-02,0.35));
#3729 = LINE('',#3730,#3731);
#3730 = CARTESIAN_POINT('',(-0.8,0.18,0.35));
#3731 = VECTOR('',#3732,1.);
#3732 = DIRECTION('',(-0.,-1.,-0.));
#3733 = ORIENTED_EDGE('',*,*,#3734,.T.);
#3734 = EDGE_CURVE('',#3727,#3695,#3735,.T.);
#3735 = LINE('',#3736,#3737);
#3736 = CARTESIAN_POINT('',(-0.8,1.5E-02,0.35));
#3737 = VECTOR('',#3738,1.);
#3738 = DIRECTION('',(-4.928191693116E-15,2.464095846558E-16,-1.));
#3739 = PLANE('',#3740);
#3740 = AXIS2_PLACEMENT_3D('',#3741,#3742,#3743);
#3741 = CARTESIAN_POINT('',(-0.8,0.18,0.225));
#3742 = DIRECTION('',(1.,-0.,5.20417042793E-15));
#3743 = DIRECTION('',(5.20417042793E-15,0.,-1.));
#3744 = ADVANCED_FACE('',(#3745),#3770,.F.);
#3745 = FACE_BOUND('',#3746,.T.);
#3746 = EDGE_LOOP('',(#3747,#3757,#3763,#3764));
#3747 = ORIENTED_EDGE('',*,*,#3748,.F.);
#3748 = EDGE_CURVE('',#3749,#3751,#3753,.T.);
#3749 = VERTEX_POINT('',#3750);
#3750 = CARTESIAN_POINT('',(-0.5,1.5E-02,0.35));
#3751 = VERTEX_POINT('',#3752);
#3752 = CARTESIAN_POINT('',(-0.5,0.,0.35));
#3753 = LINE('',#3754,#3755);
#3754 = CARTESIAN_POINT('',(-0.5,0.18,0.35));
#3755 = VECTOR('',#3756,1.);
#3756 = DIRECTION('',(-0.,-1.,-0.));
#3757 = ORIENTED_EDGE('',*,*,#3758,.F.);
#3758 = EDGE_CURVE('',#3727,#3749,#3759,.T.);
#3759 = LINE('',#3760,#3761);
#3760 = CARTESIAN_POINT('',(-0.8,1.5E-02,0.35));
#3761 = VECTOR('',#3762,1.);
#3762 = DIRECTION('',(1.,-0.,-5.20417042793E-15));
#3763 = ORIENTED_EDGE('',*,*,#3726,.T.);
#3764 = ORIENTED_EDGE('',*,*,#3765,.T.);
#3765 = EDGE_CURVE('',#3719,#3751,#3766,.T.);
#3766 = LINE('',#3767,#3768);
#3767 = CARTESIAN_POINT('',(-0.8,0.,0.35));
#3768 = VECTOR('',#3769,1.);
#3769 = DIRECTION('',(1.,0.,0.));
#3770 = PLANE('',#3771);
#3771 = AXIS2_PLACEMENT_3D('',#3772,#3773,#3774);
#3772 = CARTESIAN_POINT('',(-0.8,0.18,0.35));
#3773 = DIRECTION('',(0.,0.,-1.));
#3774 = DIRECTION('',(-1.,0.,-0.));
#3775 = ADVANCED_FACE('',(#3776),#3847,.F.);
#3776 = FACE_BOUND('',#3777,.T.);
#3777 = EDGE_LOOP('',(#3778,#3779,#3787,#3795,#3801,#3802,#3810,#3818,
    #3826,#3834,#3840,#3841));
#3778 = ORIENTED_EDGE('',*,*,#3536,.T.);
#3779 = ORIENTED_EDGE('',*,*,#3780,.T.);
#3780 = EDGE_CURVE('',#3529,#3781,#3783,.T.);
#3781 = VERTEX_POINT('',#3782);
#3782 = CARTESIAN_POINT('',(-0.5,0.165,0.24));
#3783 = LINE('',#3784,#3785);
#3784 = CARTESIAN_POINT('',(-0.5,0.165,-0.35));
#3785 = VECTOR('',#3786,1.);
#3786 = DIRECTION('',(-1.548860246408E-16,0.,-1.));
#3787 = ORIENTED_EDGE('',*,*,#3788,.T.);
#3788 = EDGE_CURVE('',#3781,#3789,#3791,.T.);
#3789 = VERTEX_POINT('',#3790);
#3790 = CARTESIAN_POINT('',(-0.5,1.5E-02,0.24));
#3791 = LINE('',#3792,#3793);
#3792 = CARTESIAN_POINT('',(-0.5,0.18,0.24));
#3793 = VECTOR('',#3794,1.);
#3794 = DIRECTION('',(0.,-1.,0.));
#3795 = ORIENTED_EDGE('',*,*,#3796,.T.);
#3796 = EDGE_CURVE('',#3789,#3749,#3797,.T.);
#3797 = LINE('',#3798,#3799);
#3798 = CARTESIAN_POINT('',(-0.5,1.5E-02,-0.35));
#3799 = VECTOR('',#3800,1.);
#3800 = DIRECTION('',(1.548860246408E-16,-2.464095846558E-16,1.));
#3801 = ORIENTED_EDGE('',*,*,#3748,.T.);
#3802 = ORIENTED_EDGE('',*,*,#3803,.T.);
#3803 = EDGE_CURVE('',#3751,#3804,#3806,.T.);
#3804 = VERTEX_POINT('',#3805);
#3805 = CARTESIAN_POINT('',(-0.5,0.,-0.35));
#3806 = LINE('',#3807,#3808);
#3807 = CARTESIAN_POINT('',(-0.5,0.,-0.35));
#3808 = VECTOR('',#3809,1.);
#3809 = DIRECTION('',(-1.548860246408E-16,-0.,-1.));
#3810 = ORIENTED_EDGE('',*,*,#3811,.F.);
#3811 = EDGE_CURVE('',#3812,#3804,#3814,.T.);
#3812 = VERTEX_POINT('',#3813);
#3813 = CARTESIAN_POINT('',(-0.5,1.5E-02,-0.35));
#3814 = LINE('',#3815,#3816);
#3815 = CARTESIAN_POINT('',(-0.5,0.18,-0.35));
#3816 = VECTOR('',#3817,1.);
#3817 = DIRECTION('',(-0.,-1.,-0.));
#3818 = ORIENTED_EDGE('',*,*,#3819,.T.);
#3819 = EDGE_CURVE('',#3812,#3820,#3822,.T.);
#3820 = VERTEX_POINT('',#3821);
#3821 = CARTESIAN_POINT('',(-0.5,1.500000000001E-02,-0.24));
#3822 = LINE('',#3823,#3824);
#3823 = CARTESIAN_POINT('',(-0.5,1.5E-02,-0.35));
#3824 = VECTOR('',#3825,1.);
#3825 = DIRECTION('',(1.548860246408E-16,7.509332092385E-14,1.));
#3826 = ORIENTED_EDGE('',*,*,#3827,.T.);
#3827 = EDGE_CURVE('',#3820,#3828,#3830,.T.);
#3828 = VERTEX_POINT('',#3829);
#3829 = CARTESIAN_POINT('',(-0.5,0.165,-0.24));
#3830 = LINE('',#3831,#3832);
#3831 = CARTESIAN_POINT('',(-0.5,0.18,-0.24));
#3832 = VECTOR('',#3833,1.);
#3833 = DIRECTION('',(-5.877471754112E-31,1.,-3.794707603699E-15));
#3834 = ORIENTED_EDGE('',*,*,#3835,.T.);
#3835 = EDGE_CURVE('',#3828,#3561,#3836,.T.);
#3836 = LINE('',#3837,#3838);
#3837 = CARTESIAN_POINT('',(-0.5,0.165,-0.35));
#3838 = VECTOR('',#3839,1.);
#3839 = DIRECTION('',(-1.548860246408E-16,1.478457507935E-15,-1.));
#3840 = ORIENTED_EDGE('',*,*,#3558,.F.);
#3841 = ORIENTED_EDGE('',*,*,#3842,.F.);
#3842 = EDGE_CURVE('',#3537,#3559,#3843,.T.);
#3843 = LINE('',#3844,#3845);
#3844 = CARTESIAN_POINT('',(-0.5,0.18,-0.35));
#3845 = VECTOR('',#3846,1.);
#3846 = DIRECTION('',(-1.548860246408E-16,-0.,-1.));
#3847 = PLANE('',#3848);
#3848 = AXIS2_PLACEMENT_3D('',#3849,#3850,#3851);
#3849 = CARTESIAN_POINT('',(-0.5,0.18,-0.35));
#3850 = DIRECTION('',(-1.,0.,1.548860246408E-16));
#3851 = DIRECTION('',(1.548860246408E-16,0.,1.));
#3852 = ADVANCED_FACE('',(#3853),#3869,.F.);
#3853 = FACE_BOUND('',#3854,.T.);
#3854 = EDGE_LOOP('',(#3855,#3856,#3862,#3863));
#3855 = ORIENTED_EDGE('',*,*,#3623,.F.);
#3856 = ORIENTED_EDGE('',*,*,#3857,.T.);
#3857 = EDGE_CURVE('',#3616,#3812,#3858,.T.);
#3858 = LINE('',#3859,#3860);
#3859 = CARTESIAN_POINT('',(-0.8,1.5E-02,-0.35));
#3860 = VECTOR('',#3861,1.);
#3861 = DIRECTION('',(1.,-0.,-5.20417042793E-15));
#3862 = ORIENTED_EDGE('',*,*,#3811,.T.);
#3863 = ORIENTED_EDGE('',*,*,#3864,.T.);
#3864 = EDGE_CURVE('',#3804,#3624,#3865,.T.);
#3865 = LINE('',#3866,#3867);
#3866 = CARTESIAN_POINT('',(-0.8,0.,-0.35));
#3867 = VECTOR('',#3868,1.);
#3868 = DIRECTION('',(-1.,-0.,-0.));
#3869 = PLANE('',#3870);
#3870 = AXIS2_PLACEMENT_3D('',#3871,#3872,#3873);
#3871 = CARTESIAN_POINT('',(-0.8,0.18,-0.35));
#3872 = DIRECTION('',(0.,0.,1.));
#3873 = DIRECTION('',(1.,0.,-0.));
#3874 = ADVANCED_FACE('',(#3875),#3883,.T.);
#3875 = FACE_BOUND('',#3876,.T.);
#3876 = EDGE_LOOP('',(#3877,#3878,#3879,#3880,#3881,#3882));
#3877 = ORIENTED_EDGE('',*,*,#3647,.T.);
#3878 = ORIENTED_EDGE('',*,*,#3662,.T.);
#3879 = ORIENTED_EDGE('',*,*,#3711,.T.);
#3880 = ORIENTED_EDGE('',*,*,#3544,.T.);
#3881 = ORIENTED_EDGE('',*,*,#3842,.T.);
#3882 = ORIENTED_EDGE('',*,*,#3584,.T.);
#3883 = PLANE('',#3884);
#3884 = AXIS2_PLACEMENT_3D('',#3885,#3886,#3887);
#3885 = CARTESIAN_POINT('',(-0.94,0.18,1.00559751498E-15));
#3886 = DIRECTION('',(0.,1.,0.));
#3887 = DIRECTION('',(0.,-0.,1.));
#3888 = ADVANCED_FACE('',(#3889),#3897,.F.);
#3889 = FACE_BOUND('',#3890,.T.);
#3890 = EDGE_LOOP('',(#3891,#3892,#3893,#3894,#3895,#3896));
#3891 = ORIENTED_EDGE('',*,*,#3631,.F.);
#3892 = ORIENTED_EDGE('',*,*,#3864,.F.);
#3893 = ORIENTED_EDGE('',*,*,#3803,.F.);
#3894 = ORIENTED_EDGE('',*,*,#3765,.F.);
#3895 = ORIENTED_EDGE('',*,*,#3718,.F.);
#3896 = ORIENTED_EDGE('',*,*,#3679,.F.);
#3897 = PLANE('',#3898);
#3898 = AXIS2_PLACEMENT_3D('',#3899,#3900,#3901);
#3899 = CARTESIAN_POINT('',(-0.94,0.,1.00559751498E-15));
#3900 = DIRECTION('',(0.,1.,0.));
#3901 = DIRECTION('',(0.,-0.,1.));
#3902 = ADVANCED_FACE('',(#3903),#3919,.F.);
#3903 = FACE_BOUND('',#3904,.T.);
#3904 = EDGE_LOOP('',(#3905,#3911,#3912,#3918));
#3905 = ORIENTED_EDGE('',*,*,#3906,.F.);
#3906 = EDGE_CURVE('',#3608,#3820,#3907,.T.);
#3907 = LINE('',#3908,#3909);
#3908 = CARTESIAN_POINT('',(-0.8,1.500000000001E-02,-0.24));
#3909 = VECTOR('',#3910,1.);
#3910 = DIRECTION('',(1.,-0.,-5.20417042793E-15));
#3911 = ORIENTED_EDGE('',*,*,#3607,.F.);
#3912 = ORIENTED_EDGE('',*,*,#3913,.T.);
#3913 = EDGE_CURVE('',#3600,#3828,#3914,.T.);
#3914 = LINE('',#3915,#3916);
#3915 = CARTESIAN_POINT('',(-0.8,0.165,-0.24));
#3916 = VECTOR('',#3917,1.);
#3917 = DIRECTION('',(1.,-0.,-5.20417042793E-15));
#3918 = ORIENTED_EDGE('',*,*,#3827,.F.);
#3919 = PLANE('',#3920);
#3920 = AXIS2_PLACEMENT_3D('',#3921,#3922,#3923);
#3921 = CARTESIAN_POINT('',(-0.8,0.165,-0.24));
#3922 = DIRECTION('',(5.20417042793E-15,3.794707603699E-15,1.));
#3923 = DIRECTION('',(1.,0.,-5.20417042793E-15));
#3924 = ADVANCED_FACE('',(#3925),#3931,.F.);
#3925 = FACE_BOUND('',#3926,.T.);
#3926 = EDGE_LOOP('',(#3927,#3928,#3929,#3930));
#3927 = ORIENTED_EDGE('',*,*,#3913,.F.);
#3928 = ORIENTED_EDGE('',*,*,#3599,.F.);
#3929 = ORIENTED_EDGE('',*,*,#3568,.T.);
#3930 = ORIENTED_EDGE('',*,*,#3835,.F.);
#3931 = PLANE('',#3932);
#3932 = AXIS2_PLACEMENT_3D('',#3933,#3934,#3935);
#3933 = CARTESIAN_POINT('',(-0.8,0.165,-0.35));
#3934 = DIRECTION('',(7.694144841746E-30,1.,1.478457507935E-15));
#3935 = DIRECTION('',(0.,-1.478457507935E-15,1.));
#3936 = ADVANCED_FACE('',(#3937),#3943,.F.);
#3937 = FACE_BOUND('',#3938,.T.);
#3938 = EDGE_LOOP('',(#3939,#3940,#3941,#3942));
#3939 = ORIENTED_EDGE('',*,*,#3857,.F.);
#3940 = ORIENTED_EDGE('',*,*,#3615,.F.);
#3941 = ORIENTED_EDGE('',*,*,#3906,.T.);
#3942 = ORIENTED_EDGE('',*,*,#3819,.F.);
#3943 = PLANE('',#3944);
#3944 = AXIS2_PLACEMENT_3D('',#3945,#3946,#3947);
#3945 = CARTESIAN_POINT('',(-0.8,1.5E-02,-0.35));
#3946 = DIRECTION('',(3.90798440087E-28,-1.,7.509332092385E-14));
#3947 = DIRECTION('',(0.,-7.509332092385E-14,-1.));
#3948 = ADVANCED_FACE('',(#3949),#3960,.F.);
#3949 = FACE_BOUND('',#3950,.T.);
#3950 = EDGE_LOOP('',(#3951,#3952,#3953,#3959));
#3951 = ORIENTED_EDGE('',*,*,#3528,.F.);
#3952 = ORIENTED_EDGE('',*,*,#3704,.F.);
#3953 = ORIENTED_EDGE('',*,*,#3954,.T.);
#3954 = EDGE_CURVE('',#3697,#3781,#3955,.T.);
#3955 = LINE('',#3956,#3957);
#3956 = CARTESIAN_POINT('',(-0.8,0.165,0.24));
#3957 = VECTOR('',#3958,1.);
#3958 = DIRECTION('',(1.,-0.,-5.20417042793E-15));
#3959 = ORIENTED_EDGE('',*,*,#3780,.F.);
#3960 = PLANE('',#3961);
#3961 = AXIS2_PLACEMENT_3D('',#3962,#3963,#3964);
#3962 = CARTESIAN_POINT('',(-0.8,0.165,0.35));
#3963 = DIRECTION('',(0.,1.,0.));
#3964 = DIRECTION('',(0.,-0.,1.));
#3965 = ADVANCED_FACE('',(#3966),#3977,.F.);
#3966 = FACE_BOUND('',#3967,.T.);
#3967 = EDGE_LOOP('',(#3968,#3969,#3970,#3976));
#3968 = ORIENTED_EDGE('',*,*,#3954,.F.);
#3969 = ORIENTED_EDGE('',*,*,#3694,.F.);
#3970 = ORIENTED_EDGE('',*,*,#3971,.T.);
#3971 = EDGE_CURVE('',#3695,#3789,#3972,.T.);
#3972 = LINE('',#3973,#3974);
#3973 = CARTESIAN_POINT('',(-0.8,1.5E-02,0.24));
#3974 = VECTOR('',#3975,1.);
#3975 = DIRECTION('',(1.,-0.,-5.20417042793E-15));
#3976 = ORIENTED_EDGE('',*,*,#3788,.F.);
#3977 = PLANE('',#3978);
#3978 = AXIS2_PLACEMENT_3D('',#3979,#3980,#3981);
#3979 = CARTESIAN_POINT('',(-0.8,0.165,0.24));
#3980 = DIRECTION('',(-5.20417042793E-15,0.,-1.));
#3981 = DIRECTION('',(-1.,0.,5.20417042793E-15));
#3982 = ADVANCED_FACE('',(#3983),#3989,.F.);
#3983 = FACE_BOUND('',#3984,.T.);
#3984 = EDGE_LOOP('',(#3985,#3986,#3987,#3988));
#3985 = ORIENTED_EDGE('',*,*,#3971,.F.);
#3986 = ORIENTED_EDGE('',*,*,#3734,.F.);
#3987 = ORIENTED_EDGE('',*,*,#3758,.T.);
#3988 = ORIENTED_EDGE('',*,*,#3796,.F.);
#3989 = PLANE('',#3990);
#3990 = AXIS2_PLACEMENT_3D('',#3991,#3992,#3993);
#3991 = CARTESIAN_POINT('',(-0.8,1.5E-02,0.35));
#3992 = DIRECTION('',(-1.282357473624E-30,-1.,-2.464095846558E-16));
#3993 = DIRECTION('',(0.,2.464095846558E-16,-1.));
#3994 = MANIFOLD_SOLID_BREP('',#3995);
#3995 = CLOSED_SHELL('',(#3996,#4036,#4076,#4118,#4172,#4203,#4280,#4311
    ,#4356,#4370,#4384,#4401,#4418,#4430,#4447,#4464));
#3996 = ADVANCED_FACE('',(#3997),#4031,.F.);
#3997 = FACE_BOUND('',#3998,.T.);
#3998 = EDGE_LOOP('',(#3999,#4009,#4017,#4025));
#3999 = ORIENTED_EDGE('',*,*,#4000,.T.);
#4000 = EDGE_CURVE('',#4001,#4003,#4005,.T.);
#4001 = VERTEX_POINT('',#4002);
#4002 = CARTESIAN_POINT('',(0.8,0.18,-0.35));
#4003 = VERTEX_POINT('',#4004);
#4004 = CARTESIAN_POINT('',(0.8,0.165,-0.35));
#4005 = LINE('',#4006,#4007);
#4006 = CARTESIAN_POINT('',(0.8,0.18,-0.35));
#4007 = VECTOR('',#4008,1.);
#4008 = DIRECTION('',(-0.,-1.,-0.));
#4009 = ORIENTED_EDGE('',*,*,#4010,.F.);
#4010 = EDGE_CURVE('',#4011,#4003,#4013,.T.);
#4011 = VERTEX_POINT('',#4012);
#4012 = CARTESIAN_POINT('',(0.5,0.165,-0.35));
#4013 = LINE('',#4014,#4015);
#4014 = CARTESIAN_POINT('',(-0.8,0.165,-0.35));
#4015 = VECTOR('',#4016,1.);
#4016 = DIRECTION('',(1.,-0.,-5.20417042793E-15));
#4017 = ORIENTED_EDGE('',*,*,#4018,.F.);
#4018 = EDGE_CURVE('',#4019,#4011,#4021,.T.);
#4019 = VERTEX_POINT('',#4020);
#4020 = CARTESIAN_POINT('',(0.5,0.18,-0.35));
#4021 = LINE('',#4022,#4023);
#4022 = CARTESIAN_POINT('',(0.5,0.18,-0.35));
#4023 = VECTOR('',#4024,1.);
#4024 = DIRECTION('',(-0.,-1.,-0.));
#4025 = ORIENTED_EDGE('',*,*,#4026,.F.);
#4026 = EDGE_CURVE('',#4001,#4019,#4027,.T.);
#4027 = LINE('',#4028,#4029);
#4028 = CARTESIAN_POINT('',(0.8,0.18,-0.35));
#4029 = VECTOR('',#4030,1.);
#4030 = DIRECTION('',(-1.,0.,0.));
#4031 = PLANE('',#4032);
#4032 = AXIS2_PLACEMENT_3D('',#4033,#4034,#4035);
#4033 = CARTESIAN_POINT('',(0.8,0.18,-0.35));
#4034 = DIRECTION('',(0.,-0.,1.));
#4035 = DIRECTION('',(1.,0.,0.));
#4036 = ADVANCED_FACE('',(#4037),#4071,.F.);
#4037 = FACE_BOUND('',#4038,.T.);
#4038 = EDGE_LOOP('',(#4039,#4049,#4057,#4065));
#4039 = ORIENTED_EDGE('',*,*,#4040,.F.);
#4040 = EDGE_CURVE('',#4041,#4043,#4045,.T.);
#4041 = VERTEX_POINT('',#4042);
#4042 = CARTESIAN_POINT('',(0.8,0.18,0.35));
#4043 = VERTEX_POINT('',#4044);
#4044 = CARTESIAN_POINT('',(0.8,0.165,0.35));
#4045 = LINE('',#4046,#4047);
#4046 = CARTESIAN_POINT('',(0.8,0.18,0.35));
#4047 = VECTOR('',#4048,1.);
#4048 = DIRECTION('',(-0.,-1.,-0.));
#4049 = ORIENTED_EDGE('',*,*,#4050,.F.);
#4050 = EDGE_CURVE('',#4051,#4041,#4053,.T.);
#4051 = VERTEX_POINT('',#4052);
#4052 = CARTESIAN_POINT('',(0.5,0.18,0.35));
#4053 = LINE('',#4054,#4055);
#4054 = CARTESIAN_POINT('',(0.8,0.18,0.35));
#4055 = VECTOR('',#4056,1.);
#4056 = DIRECTION('',(1.,-0.,-0.));
#4057 = ORIENTED_EDGE('',*,*,#4058,.T.);
#4058 = EDGE_CURVE('',#4051,#4059,#4061,.T.);
#4059 = VERTEX_POINT('',#4060);
#4060 = CARTESIAN_POINT('',(0.5,0.165,0.35));
#4061 = LINE('',#4062,#4063);
#4062 = CARTESIAN_POINT('',(0.5,0.18,0.35));
#4063 = VECTOR('',#4064,1.);
#4064 = DIRECTION('',(-0.,-1.,-0.));
#4065 = ORIENTED_EDGE('',*,*,#4066,.T.);
#4066 = EDGE_CURVE('',#4059,#4043,#4067,.T.);
#4067 = LINE('',#4068,#4069);
#4068 = CARTESIAN_POINT('',(-0.8,0.165,0.35));
#4069 = VECTOR('',#4070,1.);
#4070 = DIRECTION('',(1.,-0.,-5.20417042793E-15));
#4071 = PLANE('',#4072);
#4072 = AXIS2_PLACEMENT_3D('',#4073,#4074,#4075);
#4073 = CARTESIAN_POINT('',(0.8,0.18,0.35));
#4074 = DIRECTION('',(0.,0.,-1.));
#4075 = DIRECTION('',(-1.,0.,-0.));
#4076 = ADVANCED_FACE('',(#4077),#4113,.F.);
#4077 = FACE_BOUND('',#4078,.F.);
#4078 = EDGE_LOOP('',(#4079,#4089,#4098,#4106));
#4079 = ORIENTED_EDGE('',*,*,#4080,.F.);
#4080 = EDGE_CURVE('',#4081,#4083,#4085,.T.);
#4081 = VERTEX_POINT('',#4082);
#4082 = CARTESIAN_POINT('',(0.8,0.18,0.225));
#4083 = VERTEX_POINT('',#4084);
#4084 = CARTESIAN_POINT('',(0.8,0.,0.225));
#4085 = LINE('',#4086,#4087);
#4086 = CARTESIAN_POINT('',(0.8,0.18,0.225));
#4087 = VECTOR('',#4088,1.);
#4088 = DIRECTION('',(-0.,-1.,-0.));
#4089 = ORIENTED_EDGE('',*,*,#4090,.T.);
#4090 = EDGE_CURVE('',#4081,#4091,#4093,.T.);
#4091 = VERTEX_POINT('',#4092);
#4092 = CARTESIAN_POINT('',(0.8,0.18,-0.225));
#4093 = CIRCLE('',#4094,0.265);
#4094 = AXIS2_PLACEMENT_3D('',#4095,#4096,#4097);
#4095 = CARTESIAN_POINT('',(0.94,0.18,1.00559751498E-15));
#4096 = DIRECTION('',(-0.,-1.,0.));
#4097 = DIRECTION('',(-0.,0.,-1.));
#4098 = ORIENTED_EDGE('',*,*,#4099,.T.);
#4099 = EDGE_CURVE('',#4091,#4100,#4102,.T.);
#4100 = VERTEX_POINT('',#4101);
#4101 = CARTESIAN_POINT('',(0.8,0.,-0.225));
#4102 = LINE('',#4103,#4104);
#4103 = CARTESIAN_POINT('',(0.8,0.18,-0.225));
#4104 = VECTOR('',#4105,1.);
#4105 = DIRECTION('',(-0.,-1.,-0.));
#4106 = ORIENTED_EDGE('',*,*,#4107,.F.);
#4107 = EDGE_CURVE('',#4083,#4100,#4108,.T.);
#4108 = CIRCLE('',#4109,0.265);
#4109 = AXIS2_PLACEMENT_3D('',#4110,#4111,#4112);
#4110 = CARTESIAN_POINT('',(0.94,0.,1.00559751498E-15));
#4111 = DIRECTION('',(-0.,-1.,0.));
#4112 = DIRECTION('',(-0.,0.,-1.));
#4113 = CYLINDRICAL_SURFACE('',#4114,0.265);
#4114 = AXIS2_PLACEMENT_3D('',#4115,#4116,#4117);
#4115 = CARTESIAN_POINT('',(0.94,0.18,1.00559751498E-15));
#4116 = DIRECTION('',(-0.,-1.,-0.));
#4117 = DIRECTION('',(0.,0.,-1.));
#4118 = ADVANCED_FACE('',(#4119),#4167,.F.);
#4119 = FACE_BOUND('',#4120,.T.);
#4120 = EDGE_LOOP('',(#4121,#4131,#4137,#4138,#4144,#4145,#4153,#4161));
#4121 = ORIENTED_EDGE('',*,*,#4122,.F.);
#4122 = EDGE_CURVE('',#4123,#4125,#4127,.T.);
#4123 = VERTEX_POINT('',#4124);
#4124 = CARTESIAN_POINT('',(0.8,0.165,-0.24));
#4125 = VERTEX_POINT('',#4126);
#4126 = CARTESIAN_POINT('',(0.8,1.500000000001E-02,-0.24));
#4127 = LINE('',#4128,#4129);
#4128 = CARTESIAN_POINT('',(0.8,0.165,-0.24));
#4129 = VECTOR('',#4130,1.);
#4130 = DIRECTION('',(0.,-1.,3.794707603699E-15));
#4131 = ORIENTED_EDGE('',*,*,#4132,.F.);
#4132 = EDGE_CURVE('',#4003,#4123,#4133,.T.);
#4133 = LINE('',#4134,#4135);
#4134 = CARTESIAN_POINT('',(0.8,0.165,-0.35));
#4135 = VECTOR('',#4136,1.);
#4136 = DIRECTION('',(4.928191693116E-15,-1.478457507935E-15,1.));
#4137 = ORIENTED_EDGE('',*,*,#4000,.F.);
#4138 = ORIENTED_EDGE('',*,*,#4139,.F.);
#4139 = EDGE_CURVE('',#4091,#4001,#4140,.T.);
#4140 = LINE('',#4141,#4142);
#4141 = CARTESIAN_POINT('',(0.8,0.18,-0.35));
#4142 = VECTOR('',#4143,1.);
#4143 = DIRECTION('',(2.602085213965E-15,-0.,-1.));
#4144 = ORIENTED_EDGE('',*,*,#4099,.T.);
#4145 = ORIENTED_EDGE('',*,*,#4146,.T.);
#4146 = EDGE_CURVE('',#4100,#4147,#4149,.T.);
#4147 = VERTEX_POINT('',#4148);
#4148 = CARTESIAN_POINT('',(0.8,0.,-0.35));
#4149 = LINE('',#4150,#4151);
#4150 = CARTESIAN_POINT('',(0.8,0.,-0.35));
#4151 = VECTOR('',#4152,1.);
#4152 = DIRECTION('',(2.602085213965E-15,-0.,-1.));
#4153 = ORIENTED_EDGE('',*,*,#4154,.F.);
#4154 = EDGE_CURVE('',#4155,#4147,#4157,.T.);
#4155 = VERTEX_POINT('',#4156);
#4156 = CARTESIAN_POINT('',(0.8,1.5E-02,-0.35));
#4157 = LINE('',#4158,#4159);
#4158 = CARTESIAN_POINT('',(0.8,0.18,-0.35));
#4159 = VECTOR('',#4160,1.);
#4160 = DIRECTION('',(-0.,-1.,-0.));
#4161 = ORIENTED_EDGE('',*,*,#4162,.F.);
#4162 = EDGE_CURVE('',#4125,#4155,#4163,.T.);
#4163 = LINE('',#4164,#4165);
#4164 = CARTESIAN_POINT('',(0.8,1.5E-02,-0.35));
#4165 = VECTOR('',#4166,1.);
#4166 = DIRECTION('',(-4.928191693116E-15,-7.509332092385E-14,-1.));
#4167 = PLANE('',#4168);
#4168 = AXIS2_PLACEMENT_3D('',#4169,#4170,#4171);
#4169 = CARTESIAN_POINT('',(0.8,0.18,-0.35));
#4170 = DIRECTION('',(-1.,0.,-2.602085213965E-15));
#4171 = DIRECTION('',(-2.602085213965E-15,0.,1.));
#4172 = ADVANCED_FACE('',(#4173),#4198,.F.);
#4173 = FACE_BOUND('',#4174,.T.);
#4174 = EDGE_LOOP('',(#4175,#4185,#4191,#4192));
#4175 = ORIENTED_EDGE('',*,*,#4176,.F.);
#4176 = EDGE_CURVE('',#4177,#4179,#4181,.T.);
#4177 = VERTEX_POINT('',#4178);
#4178 = CARTESIAN_POINT('',(0.5,1.5E-02,-0.35));
#4179 = VERTEX_POINT('',#4180);
#4180 = CARTESIAN_POINT('',(0.5,0.,-0.35));
#4181 = LINE('',#4182,#4183);
#4182 = CARTESIAN_POINT('',(0.5,0.18,-0.35));
#4183 = VECTOR('',#4184,1.);
#4184 = DIRECTION('',(-0.,-1.,-0.));
#4185 = ORIENTED_EDGE('',*,*,#4186,.T.);
#4186 = EDGE_CURVE('',#4177,#4155,#4187,.T.);
#4187 = LINE('',#4188,#4189);
#4188 = CARTESIAN_POINT('',(-0.8,1.5E-02,-0.35));
#4189 = VECTOR('',#4190,1.);
#4190 = DIRECTION('',(1.,-0.,-5.20417042793E-15));
#4191 = ORIENTED_EDGE('',*,*,#4154,.T.);
#4192 = ORIENTED_EDGE('',*,*,#4193,.T.);
#4193 = EDGE_CURVE('',#4147,#4179,#4194,.T.);
#4194 = LINE('',#4195,#4196);
#4195 = CARTESIAN_POINT('',(0.8,0.,-0.35));
#4196 = VECTOR('',#4197,1.);
#4197 = DIRECTION('',(-1.,0.,0.));
#4198 = PLANE('',#4199);
#4199 = AXIS2_PLACEMENT_3D('',#4200,#4201,#4202);
#4200 = CARTESIAN_POINT('',(0.8,0.18,-0.35));
#4201 = DIRECTION('',(0.,-0.,1.));
#4202 = DIRECTION('',(1.,0.,0.));
#4203 = ADVANCED_FACE('',(#4204),#4275,.F.);
#4204 = FACE_BOUND('',#4205,.T.);
#4205 = EDGE_LOOP('',(#4206,#4216,#4222,#4223,#4229,#4230,#4238,#4246,
    #4252,#4253,#4261,#4269));
#4206 = ORIENTED_EDGE('',*,*,#4207,.T.);
#4207 = EDGE_CURVE('',#4208,#4210,#4212,.T.);
#4208 = VERTEX_POINT('',#4209);
#4209 = CARTESIAN_POINT('',(0.5,1.5E-02,0.24));
#4210 = VERTEX_POINT('',#4211);
#4211 = CARTESIAN_POINT('',(0.5,0.165,0.24));
#4212 = LINE('',#4213,#4214);
#4213 = CARTESIAN_POINT('',(0.5,0.18,0.24));
#4214 = VECTOR('',#4215,1.);
#4215 = DIRECTION('',(0.,1.,0.));
#4216 = ORIENTED_EDGE('',*,*,#4217,.T.);
#4217 = EDGE_CURVE('',#4210,#4059,#4218,.T.);
#4218 = LINE('',#4219,#4220);
#4219 = CARTESIAN_POINT('',(0.5,0.165,-0.35));
#4220 = VECTOR('',#4221,1.);
#4221 = DIRECTION('',(-1.548860246408E-16,0.,1.));
#4222 = ORIENTED_EDGE('',*,*,#4058,.F.);
#4223 = ORIENTED_EDGE('',*,*,#4224,.F.);
#4224 = EDGE_CURVE('',#4019,#4051,#4225,.T.);
#4225 = LINE('',#4226,#4227);
#4226 = CARTESIAN_POINT('',(0.5,0.18,-0.35));
#4227 = VECTOR('',#4228,1.);
#4228 = DIRECTION('',(-1.548860246408E-16,0.,1.));
#4229 = ORIENTED_EDGE('',*,*,#4018,.T.);
#4230 = ORIENTED_EDGE('',*,*,#4231,.T.);
#4231 = EDGE_CURVE('',#4011,#4232,#4234,.T.);
#4232 = VERTEX_POINT('',#4233);
#4233 = CARTESIAN_POINT('',(0.5,0.165,-0.24));
#4234 = LINE('',#4235,#4236);
#4235 = CARTESIAN_POINT('',(0.5,0.165,-0.35));
#4236 = VECTOR('',#4237,1.);
#4237 = DIRECTION('',(-1.548860246408E-16,-1.478457507935E-15,1.));
#4238 = ORIENTED_EDGE('',*,*,#4239,.T.);
#4239 = EDGE_CURVE('',#4232,#4240,#4242,.T.);
#4240 = VERTEX_POINT('',#4241);
#4241 = CARTESIAN_POINT('',(0.5,1.500000000001E-02,-0.24));
#4242 = LINE('',#4243,#4244);
#4243 = CARTESIAN_POINT('',(0.5,0.18,-0.24));
#4244 = VECTOR('',#4245,1.);
#4245 = DIRECTION('',(-5.877471754112E-31,-1.,3.794707603699E-15));
#4246 = ORIENTED_EDGE('',*,*,#4247,.T.);
#4247 = EDGE_CURVE('',#4240,#4177,#4248,.T.);
#4248 = LINE('',#4249,#4250);
#4249 = CARTESIAN_POINT('',(0.5,1.5E-02,-0.35));
#4250 = VECTOR('',#4251,1.);
#4251 = DIRECTION('',(1.548860246408E-16,-7.509332092385E-14,-1.));
#4252 = ORIENTED_EDGE('',*,*,#4176,.T.);
#4253 = ORIENTED_EDGE('',*,*,#4254,.T.);
#4254 = EDGE_CURVE('',#4179,#4255,#4257,.T.);
#4255 = VERTEX_POINT('',#4256);
#4256 = CARTESIAN_POINT('',(0.5,0.,0.35));
#4257 = LINE('',#4258,#4259);
#4258 = CARTESIAN_POINT('',(0.5,0.,-0.35));
#4259 = VECTOR('',#4260,1.);
#4260 = DIRECTION('',(-1.548860246408E-16,0.,1.));
#4261 = ORIENTED_EDGE('',*,*,#4262,.F.);
#4262 = EDGE_CURVE('',#4263,#4255,#4265,.T.);
#4263 = VERTEX_POINT('',#4264);
#4264 = CARTESIAN_POINT('',(0.5,1.5E-02,0.35));
#4265 = LINE('',#4266,#4267);
#4266 = CARTESIAN_POINT('',(0.5,0.18,0.35));
#4267 = VECTOR('',#4268,1.);
#4268 = DIRECTION('',(-0.,-1.,-0.));
#4269 = ORIENTED_EDGE('',*,*,#4270,.T.);
#4270 = EDGE_CURVE('',#4263,#4208,#4271,.T.);
#4271 = LINE('',#4272,#4273);
#4272 = CARTESIAN_POINT('',(0.5,1.5E-02,-0.35));
#4273 = VECTOR('',#4274,1.);
#4274 = DIRECTION('',(1.548860246408E-16,2.464095846558E-16,-1.));
#4275 = PLANE('',#4276);
#4276 = AXIS2_PLACEMENT_3D('',#4277,#4278,#4279);
#4277 = CARTESIAN_POINT('',(0.5,0.18,-0.35));
#4278 = DIRECTION('',(1.,-0.,1.548860246408E-16));
#4279 = DIRECTION('',(1.548860246408E-16,0.,-1.));
#4280 = ADVANCED_FACE('',(#4281),#4306,.F.);
#4281 = FACE_BOUND('',#4282,.T.);
#4282 = EDGE_LOOP('',(#4283,#4293,#4299,#4300));
#4283 = ORIENTED_EDGE('',*,*,#4284,.F.);
#4284 = EDGE_CURVE('',#4285,#4287,#4289,.T.);
#4285 = VERTEX_POINT('',#4286);
#4286 = CARTESIAN_POINT('',(0.8,1.5E-02,0.35));
#4287 = VERTEX_POINT('',#4288);
#4288 = CARTESIAN_POINT('',(0.8,0.,0.35));
#4289 = LINE('',#4290,#4291);
#4290 = CARTESIAN_POINT('',(0.8,0.18,0.35));
#4291 = VECTOR('',#4292,1.);
#4292 = DIRECTION('',(-0.,-1.,-0.));
#4293 = ORIENTED_EDGE('',*,*,#4294,.F.);
#4294 = EDGE_CURVE('',#4263,#4285,#4295,.T.);
#4295 = LINE('',#4296,#4297);
#4296 = CARTESIAN_POINT('',(-0.8,1.5E-02,0.35));
#4297 = VECTOR('',#4298,1.);
#4298 = DIRECTION('',(1.,-0.,-5.20417042793E-15));
#4299 = ORIENTED_EDGE('',*,*,#4262,.T.);
#4300 = ORIENTED_EDGE('',*,*,#4301,.T.);
#4301 = EDGE_CURVE('',#4255,#4287,#4302,.T.);
#4302 = LINE('',#4303,#4304);
#4303 = CARTESIAN_POINT('',(0.8,0.,0.35));
#4304 = VECTOR('',#4305,1.);
#4305 = DIRECTION('',(1.,-0.,-0.));
#4306 = PLANE('',#4307);
#4307 = AXIS2_PLACEMENT_3D('',#4308,#4309,#4310);
#4308 = CARTESIAN_POINT('',(0.8,0.18,0.35));
#4309 = DIRECTION('',(0.,0.,-1.));
#4310 = DIRECTION('',(-1.,0.,-0.));
#4311 = ADVANCED_FACE('',(#4312),#4351,.F.);
#4312 = FACE_BOUND('',#4313,.T.);
#4313 = EDGE_LOOP('',(#4314,#4315,#4323,#4331,#4337,#4338,#4344,#4345));
#4314 = ORIENTED_EDGE('',*,*,#4040,.T.);
#4315 = ORIENTED_EDGE('',*,*,#4316,.F.);
#4316 = EDGE_CURVE('',#4317,#4043,#4319,.T.);
#4317 = VERTEX_POINT('',#4318);
#4318 = CARTESIAN_POINT('',(0.8,0.165,0.24));
#4319 = LINE('',#4320,#4321);
#4320 = CARTESIAN_POINT('',(0.8,0.165,0.35));
#4321 = VECTOR('',#4322,1.);
#4322 = DIRECTION('',(4.928191693116E-15,-0.,1.));
#4323 = ORIENTED_EDGE('',*,*,#4324,.F.);
#4324 = EDGE_CURVE('',#4325,#4317,#4327,.T.);
#4325 = VERTEX_POINT('',#4326);
#4326 = CARTESIAN_POINT('',(0.8,1.5E-02,0.24));
#4327 = LINE('',#4328,#4329);
#4328 = CARTESIAN_POINT('',(0.8,0.165,0.24));
#4329 = VECTOR('',#4330,1.);
#4330 = DIRECTION('',(-0.,1.,-0.));
#4331 = ORIENTED_EDGE('',*,*,#4332,.F.);
#4332 = EDGE_CURVE('',#4285,#4325,#4333,.T.);
#4333 = LINE('',#4334,#4335);
#4334 = CARTESIAN_POINT('',(0.8,1.5E-02,0.35));
#4335 = VECTOR('',#4336,1.);
#4336 = DIRECTION('',(-4.928191693116E-15,2.464095846558E-16,-1.));
#4337 = ORIENTED_EDGE('',*,*,#4284,.T.);
#4338 = ORIENTED_EDGE('',*,*,#4339,.T.);
#4339 = EDGE_CURVE('',#4287,#4083,#4340,.T.);
#4340 = LINE('',#4341,#4342);
#4341 = CARTESIAN_POINT('',(0.8,0.,0.225));
#4342 = VECTOR('',#4343,1.);
#4343 = DIRECTION('',(-5.20417042793E-15,-0.,-1.));
#4344 = ORIENTED_EDGE('',*,*,#4080,.F.);
#4345 = ORIENTED_EDGE('',*,*,#4346,.F.);
#4346 = EDGE_CURVE('',#4041,#4081,#4347,.T.);
#4347 = LINE('',#4348,#4349);
#4348 = CARTESIAN_POINT('',(0.8,0.18,0.225));
#4349 = VECTOR('',#4350,1.);
#4350 = DIRECTION('',(-5.20417042793E-15,-0.,-1.));
#4351 = PLANE('',#4352);
#4352 = AXIS2_PLACEMENT_3D('',#4353,#4354,#4355);
#4353 = CARTESIAN_POINT('',(0.8,0.18,0.225));
#4354 = DIRECTION('',(-1.,0.,5.20417042793E-15));
#4355 = DIRECTION('',(5.20417042793E-15,0.,1.));
#4356 = ADVANCED_FACE('',(#4357),#4365,.F.);
#4357 = FACE_BOUND('',#4358,.T.);
#4358 = EDGE_LOOP('',(#4359,#4360,#4361,#4362,#4363,#4364));
#4359 = ORIENTED_EDGE('',*,*,#4090,.T.);
#4360 = ORIENTED_EDGE('',*,*,#4139,.T.);
#4361 = ORIENTED_EDGE('',*,*,#4026,.T.);
#4362 = ORIENTED_EDGE('',*,*,#4224,.T.);
#4363 = ORIENTED_EDGE('',*,*,#4050,.T.);
#4364 = ORIENTED_EDGE('',*,*,#4346,.T.);
#4365 = PLANE('',#4366);
#4366 = AXIS2_PLACEMENT_3D('',#4367,#4368,#4369);
#4367 = CARTESIAN_POINT('',(0.94,0.18,1.00559751498E-15));
#4368 = DIRECTION('',(0.,-1.,0.));
#4369 = DIRECTION('',(0.,-0.,-1.));
#4370 = ADVANCED_FACE('',(#4371),#4379,.T.);
#4371 = FACE_BOUND('',#4372,.T.);
#4372 = EDGE_LOOP('',(#4373,#4374,#4375,#4376,#4377,#4378));
#4373 = ORIENTED_EDGE('',*,*,#4107,.F.);
#4374 = ORIENTED_EDGE('',*,*,#4339,.F.);
#4375 = ORIENTED_EDGE('',*,*,#4301,.F.);
#4376 = ORIENTED_EDGE('',*,*,#4254,.F.);
#4377 = ORIENTED_EDGE('',*,*,#4193,.F.);
#4378 = ORIENTED_EDGE('',*,*,#4146,.F.);
#4379 = PLANE('',#4380);
#4380 = AXIS2_PLACEMENT_3D('',#4381,#4382,#4383);
#4381 = CARTESIAN_POINT('',(0.94,0.,1.00559751498E-15));
#4382 = DIRECTION('',(0.,-1.,0.));
#4383 = DIRECTION('',(0.,-0.,-1.));
#4384 = ADVANCED_FACE('',(#4385),#4396,.F.);
#4385 = FACE_BOUND('',#4386,.T.);
#4386 = EDGE_LOOP('',(#4387,#4393,#4394,#4395));
#4387 = ORIENTED_EDGE('',*,*,#4388,.T.);
#4388 = EDGE_CURVE('',#4210,#4317,#4389,.T.);
#4389 = LINE('',#4390,#4391);
#4390 = CARTESIAN_POINT('',(-0.8,0.165,0.24));
#4391 = VECTOR('',#4392,1.);
#4392 = DIRECTION('',(1.,-0.,-5.20417042793E-15));
#4393 = ORIENTED_EDGE('',*,*,#4316,.T.);
#4394 = ORIENTED_EDGE('',*,*,#4066,.F.);
#4395 = ORIENTED_EDGE('',*,*,#4217,.F.);
#4396 = PLANE('',#4397);
#4397 = AXIS2_PLACEMENT_3D('',#4398,#4399,#4400);
#4398 = CARTESIAN_POINT('',(-0.8,0.165,0.35));
#4399 = DIRECTION('',(0.,1.,0.));
#4400 = DIRECTION('',(0.,-0.,1.));
#4401 = ADVANCED_FACE('',(#4402),#4413,.F.);
#4402 = FACE_BOUND('',#4403,.T.);
#4403 = EDGE_LOOP('',(#4404,#4410,#4411,#4412));
#4404 = ORIENTED_EDGE('',*,*,#4405,.T.);
#4405 = EDGE_CURVE('',#4208,#4325,#4406,.T.);
#4406 = LINE('',#4407,#4408);
#4407 = CARTESIAN_POINT('',(-0.8,1.5E-02,0.24));
#4408 = VECTOR('',#4409,1.);
#4409 = DIRECTION('',(1.,-0.,-5.20417042793E-15));
#4410 = ORIENTED_EDGE('',*,*,#4324,.T.);
#4411 = ORIENTED_EDGE('',*,*,#4388,.F.);
#4412 = ORIENTED_EDGE('',*,*,#4207,.F.);
#4413 = PLANE('',#4414);
#4414 = AXIS2_PLACEMENT_3D('',#4415,#4416,#4417);
#4415 = CARTESIAN_POINT('',(-0.8,0.165,0.24));
#4416 = DIRECTION('',(-5.20417042793E-15,0.,-1.));
#4417 = DIRECTION('',(-1.,0.,5.20417042793E-15));
#4418 = ADVANCED_FACE('',(#4419),#4425,.F.);
#4419 = FACE_BOUND('',#4420,.T.);
#4420 = EDGE_LOOP('',(#4421,#4422,#4423,#4424));
#4421 = ORIENTED_EDGE('',*,*,#4294,.T.);
#4422 = ORIENTED_EDGE('',*,*,#4332,.T.);
#4423 = ORIENTED_EDGE('',*,*,#4405,.F.);
#4424 = ORIENTED_EDGE('',*,*,#4270,.F.);
#4425 = PLANE('',#4426);
#4426 = AXIS2_PLACEMENT_3D('',#4427,#4428,#4429);
#4427 = CARTESIAN_POINT('',(-0.8,1.5E-02,0.35));
#4428 = DIRECTION('',(-1.282357473624E-30,-1.,-2.464095846558E-16));
#4429 = DIRECTION('',(0.,2.464095846558E-16,-1.));
#4430 = ADVANCED_FACE('',(#4431),#4442,.F.);
#4431 = FACE_BOUND('',#4432,.T.);
#4432 = EDGE_LOOP('',(#4433,#4434,#4435,#4441));
#4433 = ORIENTED_EDGE('',*,*,#4010,.T.);
#4434 = ORIENTED_EDGE('',*,*,#4132,.T.);
#4435 = ORIENTED_EDGE('',*,*,#4436,.F.);
#4436 = EDGE_CURVE('',#4232,#4123,#4437,.T.);
#4437 = LINE('',#4438,#4439);
#4438 = CARTESIAN_POINT('',(-0.8,0.165,-0.24));
#4439 = VECTOR('',#4440,1.);
#4440 = DIRECTION('',(1.,-0.,-5.20417042793E-15));
#4441 = ORIENTED_EDGE('',*,*,#4231,.F.);
#4442 = PLANE('',#4443);
#4443 = AXIS2_PLACEMENT_3D('',#4444,#4445,#4446);
#4444 = CARTESIAN_POINT('',(-0.8,0.165,-0.35));
#4445 = DIRECTION('',(7.694144841746E-30,1.,1.478457507935E-15));
#4446 = DIRECTION('',(0.,-1.478457507935E-15,1.));
#4447 = ADVANCED_FACE('',(#4448),#4459,.F.);
#4448 = FACE_BOUND('',#4449,.T.);
#4449 = EDGE_LOOP('',(#4450,#4456,#4457,#4458));
#4450 = ORIENTED_EDGE('',*,*,#4451,.T.);
#4451 = EDGE_CURVE('',#4240,#4125,#4452,.T.);
#4452 = LINE('',#4453,#4454);
#4453 = CARTESIAN_POINT('',(-0.8,1.500000000001E-02,-0.24));
#4454 = VECTOR('',#4455,1.);
#4455 = DIRECTION('',(1.,-0.,-5.20417042793E-15));
#4456 = ORIENTED_EDGE('',*,*,#4162,.T.);
#4457 = ORIENTED_EDGE('',*,*,#4186,.F.);
#4458 = ORIENTED_EDGE('',*,*,#4247,.F.);
#4459 = PLANE('',#4460);
#4460 = AXIS2_PLACEMENT_3D('',#4461,#4462,#4463);
#4461 = CARTESIAN_POINT('',(-0.8,1.5E-02,-0.35));
#4462 = DIRECTION('',(3.90798440087E-28,-1.,7.509332092385E-14));
#4463 = DIRECTION('',(0.,-7.509332092385E-14,-1.));
#4464 = ADVANCED_FACE('',(#4465),#4471,.F.);
#4465 = FACE_BOUND('',#4466,.T.);
#4466 = EDGE_LOOP('',(#4467,#4468,#4469,#4470));
#4467 = ORIENTED_EDGE('',*,*,#4436,.T.);
#4468 = ORIENTED_EDGE('',*,*,#4122,.T.);
#4469 = ORIENTED_EDGE('',*,*,#4451,.F.);
#4470 = ORIENTED_EDGE('',*,*,#4239,.F.);
#4471 = PLANE('',#4472);
#4472 = AXIS2_PLACEMENT_3D('',#4473,#4474,#4475);
#4473 = CARTESIAN_POINT('',(-0.8,0.165,-0.24));
#4474 = DIRECTION('',(5.20417042793E-15,3.794707603699E-15,1.));
#4475 = DIRECTION('',(1.,0.,-5.20417042793E-15));
#4476 = MANIFOLD_SOLID_BREP('',#4477);
#4477 = CLOSED_SHELL('',(#4478,#4518,#4549,#4580,#4611,#4642,#4673,#4704
    ,#4726,#4742));
#4478 = ADVANCED_FACE('',(#4479),#4513,.T.);
#4479 = FACE_BOUND('',#4480,.T.);
#4480 = EDGE_LOOP('',(#4481,#4491,#4499,#4507));
#4481 = ORIENTED_EDGE('',*,*,#4482,.F.);
#4482 = EDGE_CURVE('',#4483,#4485,#4487,.T.);
#4483 = VERTEX_POINT('',#4484);
#4484 = CARTESIAN_POINT('',(-0.35,0.,0.4));
#4485 = VERTEX_POINT('',#4486);
#4486 = CARTESIAN_POINT('',(-0.35,0.,-0.4));
#4487 = LINE('',#4488,#4489);
#4488 = CARTESIAN_POINT('',(-0.35,0.,-0.4));
#4489 = VECTOR('',#4490,1.);
#4490 = DIRECTION('',(-0.,-0.,-1.));
#4491 = ORIENTED_EDGE('',*,*,#4492,.F.);
#4492 = EDGE_CURVE('',#4493,#4483,#4495,.T.);
#4493 = VERTEX_POINT('',#4494);
#4494 = CARTESIAN_POINT('',(-0.35,1.5E-02,0.4));
#4495 = LINE('',#4496,#4497);
#4496 = CARTESIAN_POINT('',(-0.35,1.5E-02,0.4));
#4497 = VECTOR('',#4498,1.);
#4498 = DIRECTION('',(0.,-1.,0.));
#4499 = ORIENTED_EDGE('',*,*,#4500,.T.);
#4500 = EDGE_CURVE('',#4493,#4501,#4503,.T.);
#4501 = VERTEX_POINT('',#4502);
#4502 = CARTESIAN_POINT('',(-0.35,1.5E-02,-0.4));
#4503 = LINE('',#4504,#4505);
#4504 = CARTESIAN_POINT('',(-0.35,1.5E-02,-0.4));
#4505 = VECTOR('',#4506,1.);
#4506 = DIRECTION('',(-0.,-0.,-1.));
#4507 = ORIENTED_EDGE('',*,*,#4508,.T.);
#4508 = EDGE_CURVE('',#4501,#4485,#4509,.T.);
#4509 = LINE('',#4510,#4511);
#4510 = CARTESIAN_POINT('',(-0.35,1.5E-02,-0.4));
#4511 = VECTOR('',#4512,1.);
#4512 = DIRECTION('',(0.,-1.,0.));
#4513 = PLANE('',#4514);
#4514 = AXIS2_PLACEMENT_3D('',#4515,#4516,#4517);
#4515 = CARTESIAN_POINT('',(-0.35,1.5E-02,-0.4));
#4516 = DIRECTION('',(-1.,0.,0.));
#4517 = DIRECTION('',(0.,0.,1.));
#4518 = ADVANCED_FACE('',(#4519),#4544,.T.);
#4519 = FACE_BOUND('',#4520,.T.);
#4520 = EDGE_LOOP('',(#4521,#4529,#4537,#4543));
#4521 = ORIENTED_EDGE('',*,*,#4522,.F.);
#4522 = EDGE_CURVE('',#4523,#4483,#4525,.T.);
#4523 = VERTEX_POINT('',#4524);
#4524 = CARTESIAN_POINT('',(-0.125,0.,0.4));
#4525 = LINE('',#4526,#4527);
#4526 = CARTESIAN_POINT('',(-0.35,0.,0.4));
#4527 = VECTOR('',#4528,1.);
#4528 = DIRECTION('',(-1.,-0.,-0.));
#4529 = ORIENTED_EDGE('',*,*,#4530,.F.);
#4530 = EDGE_CURVE('',#4531,#4523,#4533,.T.);
#4531 = VERTEX_POINT('',#4532);
#4532 = CARTESIAN_POINT('',(-0.125,1.5E-02,0.4));
#4533 = LINE('',#4534,#4535);
#4534 = CARTESIAN_POINT('',(-0.125,1.5E-02,0.4));
#4535 = VECTOR('',#4536,1.);
#4536 = DIRECTION('',(0.,-1.,0.));
#4537 = ORIENTED_EDGE('',*,*,#4538,.T.);
#4538 = EDGE_CURVE('',#4531,#4493,#4539,.T.);
#4539 = LINE('',#4540,#4541);
#4540 = CARTESIAN_POINT('',(-0.35,1.5E-02,0.4));
#4541 = VECTOR('',#4542,1.);
#4542 = DIRECTION('',(-1.,-0.,-0.));
#4543 = ORIENTED_EDGE('',*,*,#4492,.T.);
#4544 = PLANE('',#4545);
#4545 = AXIS2_PLACEMENT_3D('',#4546,#4547,#4548);
#4546 = CARTESIAN_POINT('',(-0.35,1.5E-02,0.4));
#4547 = DIRECTION('',(-0.,0.,1.));
#4548 = DIRECTION('',(1.,0.,0.));
#4549 = ADVANCED_FACE('',(#4550),#4575,.T.);
#4550 = FACE_BOUND('',#4551,.T.);
#4551 = EDGE_LOOP('',(#4552,#4560,#4568,#4574));
#4552 = ORIENTED_EDGE('',*,*,#4553,.F.);
#4553 = EDGE_CURVE('',#4554,#4523,#4556,.T.);
#4554 = VERTEX_POINT('',#4555);
#4555 = CARTESIAN_POINT('',(-0.125,0.,7.5E-02));
#4556 = LINE('',#4557,#4558);
#4557 = CARTESIAN_POINT('',(-0.125,0.,0.4));
#4558 = VECTOR('',#4559,1.);
#4559 = DIRECTION('',(-2.502005013428E-16,-0.,1.));
#4560 = ORIENTED_EDGE('',*,*,#4561,.F.);
#4561 = EDGE_CURVE('',#4562,#4554,#4564,.T.);
#4562 = VERTEX_POINT('',#4563);
#4563 = CARTESIAN_POINT('',(-0.125,1.5E-02,7.5E-02));
#4564 = LINE('',#4565,#4566);
#4565 = CARTESIAN_POINT('',(-0.125,1.5E-02,7.5E-02));
#4566 = VECTOR('',#4567,1.);
#4567 = DIRECTION('',(0.,-1.,0.));
#4568 = ORIENTED_EDGE('',*,*,#4569,.T.);
#4569 = EDGE_CURVE('',#4562,#4531,#4570,.T.);
#4570 = LINE('',#4571,#4572);
#4571 = CARTESIAN_POINT('',(-0.125,1.5E-02,0.4));
#4572 = VECTOR('',#4573,1.);
#4573 = DIRECTION('',(-2.502005013428E-16,-0.,1.));
#4574 = ORIENTED_EDGE('',*,*,#4530,.T.);
#4575 = PLANE('',#4576);
#4576 = AXIS2_PLACEMENT_3D('',#4577,#4578,#4579);
#4577 = CARTESIAN_POINT('',(-0.125,1.5E-02,0.4));
#4578 = DIRECTION('',(1.,0.,2.502005013428E-16));
#4579 = DIRECTION('',(2.502005013428E-16,0.,-1.));
#4580 = ADVANCED_FACE('',(#4581),#4606,.T.);
#4581 = FACE_BOUND('',#4582,.T.);
#4582 = EDGE_LOOP('',(#4583,#4591,#4599,#4605));
#4583 = ORIENTED_EDGE('',*,*,#4584,.F.);
#4584 = EDGE_CURVE('',#4585,#4554,#4587,.T.);
#4585 = VERTEX_POINT('',#4586);
#4586 = CARTESIAN_POINT('',(0.35,0.,7.5E-02));
#4587 = LINE('',#4588,#4589);
#4588 = CARTESIAN_POINT('',(-0.125,0.,7.5E-02));
#4589 = VECTOR('',#4590,1.);
#4590 = DIRECTION('',(-1.,-0.,-0.));
#4591 = ORIENTED_EDGE('',*,*,#4592,.F.);
#4592 = EDGE_CURVE('',#4593,#4585,#4595,.T.);
#4593 = VERTEX_POINT('',#4594);
#4594 = CARTESIAN_POINT('',(0.35,1.5E-02,7.5E-02));
#4595 = LINE('',#4596,#4597);
#4596 = CARTESIAN_POINT('',(0.35,1.5E-02,7.5E-02));
#4597 = VECTOR('',#4598,1.);
#4598 = DIRECTION('',(0.,-1.,0.));
#4599 = ORIENTED_EDGE('',*,*,#4600,.T.);
#4600 = EDGE_CURVE('',#4593,#4562,#4601,.T.);
#4601 = LINE('',#4602,#4603);
#4602 = CARTESIAN_POINT('',(-0.125,1.5E-02,7.5E-02));
#4603 = VECTOR('',#4604,1.);
#4604 = DIRECTION('',(-1.,-0.,-0.));
#4605 = ORIENTED_EDGE('',*,*,#4561,.T.);
#4606 = PLANE('',#4607);
#4607 = AXIS2_PLACEMENT_3D('',#4608,#4609,#4610);
#4608 = CARTESIAN_POINT('',(-0.125,1.5E-02,7.5E-02));
#4609 = DIRECTION('',(-0.,0.,1.));
#4610 = DIRECTION('',(1.,0.,0.));
#4611 = ADVANCED_FACE('',(#4612),#4637,.T.);
#4612 = FACE_BOUND('',#4613,.T.);
#4613 = EDGE_LOOP('',(#4614,#4622,#4630,#4636));
#4614 = ORIENTED_EDGE('',*,*,#4615,.F.);
#4615 = EDGE_CURVE('',#4616,#4585,#4618,.T.);
#4616 = VERTEX_POINT('',#4617);
#4617 = CARTESIAN_POINT('',(0.35,0.,-7.5E-02));
#4618 = LINE('',#4619,#4620);
#4619 = CARTESIAN_POINT('',(0.35,0.,7.5E-02));
#4620 = VECTOR('',#4621,1.);
#4621 = DIRECTION('',(-0.,-0.,1.));
#4622 = ORIENTED_EDGE('',*,*,#4623,.F.);
#4623 = EDGE_CURVE('',#4624,#4616,#4626,.T.);
#4624 = VERTEX_POINT('',#4625);
#4625 = CARTESIAN_POINT('',(0.35,1.5E-02,-7.5E-02));
#4626 = LINE('',#4627,#4628);
#4627 = CARTESIAN_POINT('',(0.35,1.5E-02,-7.5E-02));
#4628 = VECTOR('',#4629,1.);
#4629 = DIRECTION('',(0.,-1.,0.));
#4630 = ORIENTED_EDGE('',*,*,#4631,.T.);
#4631 = EDGE_CURVE('',#4624,#4593,#4632,.T.);
#4632 = LINE('',#4633,#4634);
#4633 = CARTESIAN_POINT('',(0.35,1.5E-02,7.5E-02));
#4634 = VECTOR('',#4635,1.);
#4635 = DIRECTION('',(-0.,-0.,1.));
#4636 = ORIENTED_EDGE('',*,*,#4592,.T.);
#4637 = PLANE('',#4638);
#4638 = AXIS2_PLACEMENT_3D('',#4639,#4640,#4641);
#4639 = CARTESIAN_POINT('',(0.35,1.5E-02,7.5E-02));
#4640 = DIRECTION('',(1.,0.,0.));
#4641 = DIRECTION('',(0.,0.,-1.));
#4642 = ADVANCED_FACE('',(#4643),#4668,.T.);
#4643 = FACE_BOUND('',#4644,.T.);
#4644 = EDGE_LOOP('',(#4645,#4653,#4661,#4667));
#4645 = ORIENTED_EDGE('',*,*,#4646,.F.);
#4646 = EDGE_CURVE('',#4647,#4616,#4649,.T.);
#4647 = VERTEX_POINT('',#4648);
#4648 = CARTESIAN_POINT('',(-0.125,0.,-7.5E-02));
#4649 = LINE('',#4650,#4651);
#4650 = CARTESIAN_POINT('',(0.35,0.,-7.5E-02));
#4651 = VECTOR('',#4652,1.);
#4652 = DIRECTION('',(1.,-0.,-0.));
#4653 = ORIENTED_EDGE('',*,*,#4654,.F.);
#4654 = EDGE_CURVE('',#4655,#4647,#4657,.T.);
#4655 = VERTEX_POINT('',#4656);
#4656 = CARTESIAN_POINT('',(-0.125,1.5E-02,-7.5E-02));
#4657 = LINE('',#4658,#4659);
#4658 = CARTESIAN_POINT('',(-0.125,1.5E-02,-7.5E-02));
#4659 = VECTOR('',#4660,1.);
#4660 = DIRECTION('',(0.,-1.,0.));
#4661 = ORIENTED_EDGE('',*,*,#4662,.T.);
#4662 = EDGE_CURVE('',#4655,#4624,#4663,.T.);
#4663 = LINE('',#4664,#4665);
#4664 = CARTESIAN_POINT('',(0.35,1.5E-02,-7.5E-02));
#4665 = VECTOR('',#4666,1.);
#4666 = DIRECTION('',(1.,-0.,-0.));
#4667 = ORIENTED_EDGE('',*,*,#4623,.T.);
#4668 = PLANE('',#4669);
#4669 = AXIS2_PLACEMENT_3D('',#4670,#4671,#4672);
#4670 = CARTESIAN_POINT('',(0.35,1.5E-02,-7.5E-02));
#4671 = DIRECTION('',(-0.,0.,-1.));
#4672 = DIRECTION('',(-1.,0.,0.));
#4673 = ADVANCED_FACE('',(#4674),#4699,.T.);
#4674 = FACE_BOUND('',#4675,.T.);
#4675 = EDGE_LOOP('',(#4676,#4684,#4692,#4698));
#4676 = ORIENTED_EDGE('',*,*,#4677,.F.);
#4677 = EDGE_CURVE('',#4678,#4647,#4680,.T.);
#4678 = VERTEX_POINT('',#4679);
#4679 = CARTESIAN_POINT('',(-0.125,0.,-0.4));
#4680 = LINE('',#4681,#4682);
#4681 = CARTESIAN_POINT('',(-0.125,0.,-7.5E-02));
#4682 = VECTOR('',#4683,1.);
#4683 = DIRECTION('',(-8.340016711427E-17,-0.,1.));
#4684 = ORIENTED_EDGE('',*,*,#4685,.F.);
#4685 = EDGE_CURVE('',#4686,#4678,#4688,.T.);
#4686 = VERTEX_POINT('',#4687);
#4687 = CARTESIAN_POINT('',(-0.125,1.5E-02,-0.4));
#4688 = LINE('',#4689,#4690);
#4689 = CARTESIAN_POINT('',(-0.125,1.5E-02,-0.4));
#4690 = VECTOR('',#4691,1.);
#4691 = DIRECTION('',(0.,-1.,0.));
#4692 = ORIENTED_EDGE('',*,*,#4693,.T.);
#4693 = EDGE_CURVE('',#4686,#4655,#4694,.T.);
#4694 = LINE('',#4695,#4696);
#4695 = CARTESIAN_POINT('',(-0.125,1.5E-02,-7.5E-02));
#4696 = VECTOR('',#4697,1.);
#4697 = DIRECTION('',(-8.340016711427E-17,-0.,1.));
#4698 = ORIENTED_EDGE('',*,*,#4654,.T.);
#4699 = PLANE('',#4700);
#4700 = AXIS2_PLACEMENT_3D('',#4701,#4702,#4703);
#4701 = CARTESIAN_POINT('',(-0.125,1.5E-02,-7.5E-02));
#4702 = DIRECTION('',(1.,0.,8.340016711427E-17));
#4703 = DIRECTION('',(8.340016711427E-17,0.,-1.));
#4704 = ADVANCED_FACE('',(#4705),#4721,.T.);
#4705 = FACE_BOUND('',#4706,.T.);
#4706 = EDGE_LOOP('',(#4707,#4713,#4714,#4720));
#4707 = ORIENTED_EDGE('',*,*,#4708,.F.);
#4708 = EDGE_CURVE('',#4485,#4678,#4709,.T.);
#4709 = LINE('',#4710,#4711);
#4710 = CARTESIAN_POINT('',(-0.125,0.,-0.4));
#4711 = VECTOR('',#4712,1.);
#4712 = DIRECTION('',(1.,-0.,-0.));
#4713 = ORIENTED_EDGE('',*,*,#4508,.F.);
#4714 = ORIENTED_EDGE('',*,*,#4715,.T.);
#4715 = EDGE_CURVE('',#4501,#4686,#4716,.T.);
#4716 = LINE('',#4717,#4718);
#4717 = CARTESIAN_POINT('',(-0.125,1.5E-02,-0.4));
#4718 = VECTOR('',#4719,1.);
#4719 = DIRECTION('',(1.,-0.,-0.));
#4720 = ORIENTED_EDGE('',*,*,#4685,.T.);
#4721 = PLANE('',#4722);
#4722 = AXIS2_PLACEMENT_3D('',#4723,#4724,#4725);
#4723 = CARTESIAN_POINT('',(-0.125,1.5E-02,-0.4));
#4724 = DIRECTION('',(-0.,0.,-1.));
#4725 = DIRECTION('',(-1.,0.,0.));
#4726 = ADVANCED_FACE('',(#4727),#4737,.T.);
#4727 = FACE_BOUND('',#4728,.T.);
#4728 = EDGE_LOOP('',(#4729,#4730,#4731,#4732,#4733,#4734,#4735,#4736));
#4729 = ORIENTED_EDGE('',*,*,#4500,.F.);
#4730 = ORIENTED_EDGE('',*,*,#4538,.F.);
#4731 = ORIENTED_EDGE('',*,*,#4569,.F.);
#4732 = ORIENTED_EDGE('',*,*,#4600,.F.);
#4733 = ORIENTED_EDGE('',*,*,#4631,.F.);
#4734 = ORIENTED_EDGE('',*,*,#4662,.F.);
#4735 = ORIENTED_EDGE('',*,*,#4693,.F.);
#4736 = ORIENTED_EDGE('',*,*,#4715,.F.);
#4737 = PLANE('',#4738);
#4738 = AXIS2_PLACEMENT_3D('',#4739,#4740,#4741);
#4739 = CARTESIAN_POINT('',(0.,1.5E-02,0.));
#4740 = DIRECTION('',(0.,1.,0.));
#4741 = DIRECTION('',(0.,-0.,1.));
#4742 = ADVANCED_FACE('',(#4743),#4753,.F.);
#4743 = FACE_BOUND('',#4744,.T.);
#4744 = EDGE_LOOP('',(#4745,#4746,#4747,#4748,#4749,#4750,#4751,#4752));
#4745 = ORIENTED_EDGE('',*,*,#4482,.T.);
#4746 = ORIENTED_EDGE('',*,*,#4708,.T.);
#4747 = ORIENTED_EDGE('',*,*,#4677,.T.);
#4748 = ORIENTED_EDGE('',*,*,#4646,.T.);
#4749 = ORIENTED_EDGE('',*,*,#4615,.T.);
#4750 = ORIENTED_EDGE('',*,*,#4584,.T.);
#4751 = ORIENTED_EDGE('',*,*,#4553,.T.);
#4752 = ORIENTED_EDGE('',*,*,#4522,.T.);
#4753 = PLANE('',#4754);
#4754 = AXIS2_PLACEMENT_3D('',#4755,#4756,#4757);
#4755 = CARTESIAN_POINT('',(0.,0.,0.));
#4756 = DIRECTION('',(0.,1.,0.));
#4757 = DIRECTION('',(0.,-0.,1.));
#4758 = MANIFOLD_SOLID_BREP('',#4759);
#4759 = CLOSED_SHELL('',(#4760,#4800,#4872,#4912,#4952,#4992,#5032,#5095
    ,#5149,#5203,#5266,#5329,#5415,#5450,#5485,#5509,#5574,#5591,#5615,
    #5680,#5697,#5714,#5731,#5743,#5783,#5800,#5812,#5829,#5846,#5858,
    #5880,#5892,#5904,#5921,#5945,#5969,#5993,#6017,#6034,#6050,#6067,
    #6084));
#4760 = ADVANCED_FACE('',(#4761),#4795,.T.);
#4761 = FACE_BOUND('',#4762,.T.);
#4762 = EDGE_LOOP('',(#4763,#4773,#4781,#4789));
#4763 = ORIENTED_EDGE('',*,*,#4764,.F.);
#4764 = EDGE_CURVE('',#4765,#4767,#4769,.T.);
#4765 = VERTEX_POINT('',#4766);
#4766 = CARTESIAN_POINT('',(0.6,0.165,0.35));
#4767 = VERTEX_POINT('',#4768);
#4768 = CARTESIAN_POINT('',(0.6,0.18,0.35));
#4769 = LINE('',#4770,#4771);
#4770 = CARTESIAN_POINT('',(0.6,0.165,0.35));
#4771 = VECTOR('',#4772,1.);
#4772 = DIRECTION('',(-0.,1.,-0.));
#4773 = ORIENTED_EDGE('',*,*,#4774,.F.);
#4774 = EDGE_CURVE('',#4775,#4765,#4777,.T.);
#4775 = VERTEX_POINT('',#4776);
#4776 = CARTESIAN_POINT('',(0.5,0.165,0.35));
#4777 = LINE('',#4778,#4779);
#4778 = CARTESIAN_POINT('',(-0.8,0.165,0.35));
#4779 = VECTOR('',#4780,1.);
#4780 = DIRECTION('',(1.,0.,-5.20417042793E-15));
#4781 = ORIENTED_EDGE('',*,*,#4782,.F.);
#4782 = EDGE_CURVE('',#4783,#4775,#4785,.T.);
#4783 = VERTEX_POINT('',#4784);
#4784 = CARTESIAN_POINT('',(0.5,0.18,0.35));
#4785 = LINE('',#4786,#4787);
#4786 = CARTESIAN_POINT('',(0.5,0.18,0.35));
#4787 = VECTOR('',#4788,1.);
#4788 = DIRECTION('',(0.,-1.,0.));
#4789 = ORIENTED_EDGE('',*,*,#4790,.T.);
#4790 = EDGE_CURVE('',#4783,#4767,#4791,.T.);
#4791 = LINE('',#4792,#4793);
#4792 = CARTESIAN_POINT('',(0.8,0.18,0.35));
#4793 = VECTOR('',#4794,1.);
#4794 = DIRECTION('',(1.,-0.,-0.));
#4795 = PLANE('',#4796);
#4796 = AXIS2_PLACEMENT_3D('',#4797,#4798,#4799);
#4797 = CARTESIAN_POINT('',(0.8,0.18,0.35));
#4798 = DIRECTION('',(-0.,0.,-1.));
#4799 = DIRECTION('',(-1.,0.,0.));
#4800 = ADVANCED_FACE('',(#4801),#4867,.T.);
#4801 = FACE_BOUND('',#4802,.T.);
#4802 = EDGE_LOOP('',(#4803,#4813,#4821,#4829,#4837,#4845,#4853,#4861));
#4803 = ORIENTED_EDGE('',*,*,#4804,.F.);
#4804 = EDGE_CURVE('',#4805,#4807,#4809,.T.);
#4805 = VERTEX_POINT('',#4806);
#4806 = CARTESIAN_POINT('',(-0.35,0.,0.4));
#4807 = VERTEX_POINT('',#4808);
#4808 = CARTESIAN_POINT('',(-0.35,0.,-0.4));
#4809 = LINE('',#4810,#4811);
#4810 = CARTESIAN_POINT('',(-0.35,0.,-0.4));
#4811 = VECTOR('',#4812,1.);
#4812 = DIRECTION('',(-0.,-0.,-1.));
#4813 = ORIENTED_EDGE('',*,*,#4814,.F.);
#4814 = EDGE_CURVE('',#4815,#4805,#4817,.T.);
#4815 = VERTEX_POINT('',#4816);
#4816 = CARTESIAN_POINT('',(-0.8,0.,0.4));
#4817 = LINE('',#4818,#4819);
#4818 = CARTESIAN_POINT('',(-0.8,0.,0.4));
#4819 = VECTOR('',#4820,1.);
#4820 = DIRECTION('',(1.,0.,0.));
#4821 = ORIENTED_EDGE('',*,*,#4822,.F.);
#4822 = EDGE_CURVE('',#4823,#4815,#4825,.T.);
#4823 = VERTEX_POINT('',#4824);
#4824 = CARTESIAN_POINT('',(-0.8,0.,0.35));
#4825 = LINE('',#4826,#4827);
#4826 = CARTESIAN_POINT('',(-0.8,0.,0.4));
#4827 = VECTOR('',#4828,1.);
#4828 = DIRECTION('',(-3.717264591379E-15,-0.,1.));
#4829 = ORIENTED_EDGE('',*,*,#4830,.T.);
#4830 = EDGE_CURVE('',#4823,#4831,#4833,.T.);
#4831 = VERTEX_POINT('',#4832);
#4832 = CARTESIAN_POINT('',(-0.5,0.,0.35));
#4833 = LINE('',#4834,#4835);
#4834 = CARTESIAN_POINT('',(-0.8,0.,0.35));
#4835 = VECTOR('',#4836,1.);
#4836 = DIRECTION('',(1.,0.,0.));
#4837 = ORIENTED_EDGE('',*,*,#4838,.T.);
#4838 = EDGE_CURVE('',#4831,#4839,#4841,.T.);
#4839 = VERTEX_POINT('',#4840);
#4840 = CARTESIAN_POINT('',(-0.5,0.,-0.35));
#4841 = LINE('',#4842,#4843);
#4842 = CARTESIAN_POINT('',(-0.5,0.,-0.35));
#4843 = VECTOR('',#4844,1.);
#4844 = DIRECTION('',(-1.548860246408E-16,-0.,-1.));
#4845 = ORIENTED_EDGE('',*,*,#4846,.T.);
#4846 = EDGE_CURVE('',#4839,#4847,#4849,.T.);
#4847 = VERTEX_POINT('',#4848);
#4848 = CARTESIAN_POINT('',(-0.8,0.,-0.35));
#4849 = LINE('',#4850,#4851);
#4850 = CARTESIAN_POINT('',(-0.8,0.,-0.35));
#4851 = VECTOR('',#4852,1.);
#4852 = DIRECTION('',(-1.,-0.,-0.));
#4853 = ORIENTED_EDGE('',*,*,#4854,.F.);
#4854 = EDGE_CURVE('',#4855,#4847,#4857,.T.);
#4855 = VERTEX_POINT('',#4856);
#4856 = CARTESIAN_POINT('',(-0.8,0.,-0.4));
#4857 = LINE('',#4858,#4859);
#4858 = CARTESIAN_POINT('',(-0.8,0.,-0.225));
#4859 = VECTOR('',#4860,1.);
#4860 = DIRECTION('',(1.858632295689E-15,-0.,1.));
#4861 = ORIENTED_EDGE('',*,*,#4862,.F.);
#4862 = EDGE_CURVE('',#4807,#4855,#4863,.T.);
#4863 = LINE('',#4864,#4865);
#4864 = CARTESIAN_POINT('',(-0.8,0.,-0.4));
#4865 = VECTOR('',#4866,1.);
#4866 = DIRECTION('',(-1.,-0.,-0.));
#4867 = PLANE('',#4868);
#4868 = AXIS2_PLACEMENT_3D('',#4869,#4870,#4871);
#4869 = CARTESIAN_POINT('',(-0.94,0.,1.00559751498E-15));
#4870 = DIRECTION('',(0.,-1.,0.));
#4871 = DIRECTION('',(0.,-0.,-1.));
#4872 = ADVANCED_FACE('',(#4873),#4907,.T.);
#4873 = FACE_BOUND('',#4874,.T.);
#4874 = EDGE_LOOP('',(#4875,#4885,#4893,#4901));
#4875 = ORIENTED_EDGE('',*,*,#4876,.T.);
#4876 = EDGE_CURVE('',#4877,#4879,#4881,.T.);
#4877 = VERTEX_POINT('',#4878);
#4878 = CARTESIAN_POINT('',(0.5,0.165,-0.35));
#4879 = VERTEX_POINT('',#4880);
#4880 = CARTESIAN_POINT('',(0.8,0.165,-0.35));
#4881 = LINE('',#4882,#4883);
#4882 = CARTESIAN_POINT('',(-0.8,0.165,-0.35));
#4883 = VECTOR('',#4884,1.);
#4884 = DIRECTION('',(1.,0.,-5.20417042793E-15));
#4885 = ORIENTED_EDGE('',*,*,#4886,.F.);
#4886 = EDGE_CURVE('',#4887,#4879,#4889,.T.);
#4887 = VERTEX_POINT('',#4888);
#4888 = CARTESIAN_POINT('',(0.8,0.18,-0.35));
#4889 = LINE('',#4890,#4891);
#4890 = CARTESIAN_POINT('',(0.8,0.18,-0.35));
#4891 = VECTOR('',#4892,1.);
#4892 = DIRECTION('',(0.,-1.,0.));
#4893 = ORIENTED_EDGE('',*,*,#4894,.T.);
#4894 = EDGE_CURVE('',#4887,#4895,#4897,.T.);
#4895 = VERTEX_POINT('',#4896);
#4896 = CARTESIAN_POINT('',(0.5,0.18,-0.35));
#4897 = LINE('',#4898,#4899);
#4898 = CARTESIAN_POINT('',(0.8,0.18,-0.35));
#4899 = VECTOR('',#4900,1.);
#4900 = DIRECTION('',(-1.,0.,0.));
#4901 = ORIENTED_EDGE('',*,*,#4902,.T.);
#4902 = EDGE_CURVE('',#4895,#4877,#4903,.T.);
#4903 = LINE('',#4904,#4905);
#4904 = CARTESIAN_POINT('',(0.5,0.18,-0.35));
#4905 = VECTOR('',#4906,1.);
#4906 = DIRECTION('',(0.,-1.,0.));
#4907 = PLANE('',#4908);
#4908 = AXIS2_PLACEMENT_3D('',#4909,#4910,#4911);
#4909 = CARTESIAN_POINT('',(0.8,0.18,-0.35));
#4910 = DIRECTION('',(0.,0.,1.));
#4911 = DIRECTION('',(1.,0.,-0.));
#4912 = ADVANCED_FACE('',(#4913),#4947,.T.);
#4913 = FACE_BOUND('',#4914,.T.);
#4914 = EDGE_LOOP('',(#4915,#4925,#4933,#4941));
#4915 = ORIENTED_EDGE('',*,*,#4916,.T.);
#4916 = EDGE_CURVE('',#4917,#4919,#4921,.T.);
#4917 = VERTEX_POINT('',#4918);
#4918 = CARTESIAN_POINT('',(-0.8,0.165,-0.35));
#4919 = VERTEX_POINT('',#4920);
#4920 = CARTESIAN_POINT('',(-0.5,0.165,-0.35));
#4921 = LINE('',#4922,#4923);
#4922 = CARTESIAN_POINT('',(-0.8,0.165,-0.35));
#4923 = VECTOR('',#4924,1.);
#4924 = DIRECTION('',(1.,0.,-5.20417042793E-15));
#4925 = ORIENTED_EDGE('',*,*,#4926,.F.);
#4926 = EDGE_CURVE('',#4927,#4919,#4929,.T.);
#4927 = VERTEX_POINT('',#4928);
#4928 = CARTESIAN_POINT('',(-0.5,0.18,-0.35));
#4929 = LINE('',#4930,#4931);
#4930 = CARTESIAN_POINT('',(-0.5,0.18,-0.35));
#4931 = VECTOR('',#4932,1.);
#4932 = DIRECTION('',(0.,-1.,0.));
#4933 = ORIENTED_EDGE('',*,*,#4934,.T.);
#4934 = EDGE_CURVE('',#4927,#4935,#4937,.T.);
#4935 = VERTEX_POINT('',#4936);
#4936 = CARTESIAN_POINT('',(-0.8,0.18,-0.35));
#4937 = LINE('',#4938,#4939);
#4938 = CARTESIAN_POINT('',(-0.8,0.18,-0.35));
#4939 = VECTOR('',#4940,1.);
#4940 = DIRECTION('',(-1.,-0.,-0.));
#4941 = ORIENTED_EDGE('',*,*,#4942,.T.);
#4942 = EDGE_CURVE('',#4935,#4917,#4943,.T.);
#4943 = LINE('',#4944,#4945);
#4944 = CARTESIAN_POINT('',(-0.8,0.18,-0.35));
#4945 = VECTOR('',#4946,1.);
#4946 = DIRECTION('',(0.,-1.,0.));
#4947 = PLANE('',#4948);
#4948 = AXIS2_PLACEMENT_3D('',#4949,#4950,#4951);
#4949 = CARTESIAN_POINT('',(-0.8,0.18,-0.35));
#4950 = DIRECTION('',(-0.,0.,1.));
#4951 = DIRECTION('',(1.,0.,0.));
#4952 = ADVANCED_FACE('',(#4953),#4987,.T.);
#4953 = FACE_BOUND('',#4954,.T.);
#4954 = EDGE_LOOP('',(#4955,#4965,#4973,#4981));
#4955 = ORIENTED_EDGE('',*,*,#4956,.T.);
#4956 = EDGE_CURVE('',#4957,#4959,#4961,.T.);
#4957 = VERTEX_POINT('',#4958);
#4958 = CARTESIAN_POINT('',(0.68,0.165,0.35));
#4959 = VERTEX_POINT('',#4960);
#4960 = CARTESIAN_POINT('',(0.68,0.18,0.35));
#4961 = LINE('',#4962,#4963);
#4962 = CARTESIAN_POINT('',(0.68,0.165,0.35));
#4963 = VECTOR('',#4964,1.);
#4964 = DIRECTION('',(-0.,1.,-0.));
#4965 = ORIENTED_EDGE('',*,*,#4966,.T.);
#4966 = EDGE_CURVE('',#4959,#4967,#4969,.T.);
#4967 = VERTEX_POINT('',#4968);
#4968 = CARTESIAN_POINT('',(0.8,0.18,0.35));
#4969 = LINE('',#4970,#4971);
#4970 = CARTESIAN_POINT('',(0.8,0.18,0.35));
#4971 = VECTOR('',#4972,1.);
#4972 = DIRECTION('',(1.,-0.,-0.));
#4973 = ORIENTED_EDGE('',*,*,#4974,.T.);
#4974 = EDGE_CURVE('',#4967,#4975,#4977,.T.);
#4975 = VERTEX_POINT('',#4976);
#4976 = CARTESIAN_POINT('',(0.8,0.165,0.35));
#4977 = LINE('',#4978,#4979);
#4978 = CARTESIAN_POINT('',(0.8,0.18,0.35));
#4979 = VECTOR('',#4980,1.);
#4980 = DIRECTION('',(0.,-1.,0.));
#4981 = ORIENTED_EDGE('',*,*,#4982,.F.);
#4982 = EDGE_CURVE('',#4957,#4975,#4983,.T.);
#4983 = LINE('',#4984,#4985);
#4984 = CARTESIAN_POINT('',(-0.8,0.165,0.35));
#4985 = VECTOR('',#4986,1.);
#4986 = DIRECTION('',(1.,0.,-5.20417042793E-15));
#4987 = PLANE('',#4988);
#4988 = AXIS2_PLACEMENT_3D('',#4989,#4990,#4991);
#4989 = CARTESIAN_POINT('',(0.8,0.18,0.35));
#4990 = DIRECTION('',(-0.,0.,-1.));
#4991 = DIRECTION('',(-1.,0.,0.));
#4992 = ADVANCED_FACE('',(#4993),#5027,.T.);
#4993 = FACE_BOUND('',#4994,.T.);
#4994 = EDGE_LOOP('',(#4995,#5005,#5013,#5021));
#4995 = ORIENTED_EDGE('',*,*,#4996,.F.);
#4996 = EDGE_CURVE('',#4997,#4999,#5001,.T.);
#4997 = VERTEX_POINT('',#4998);
#4998 = CARTESIAN_POINT('',(-0.8,0.165,0.35));
#4999 = VERTEX_POINT('',#5000);
#5000 = CARTESIAN_POINT('',(-0.5,0.165,0.35));
#5001 = LINE('',#5002,#5003);
#5002 = CARTESIAN_POINT('',(-0.8,0.165,0.35));
#5003 = VECTOR('',#5004,1.);
#5004 = DIRECTION('',(1.,0.,-5.20417042793E-15));
#5005 = ORIENTED_EDGE('',*,*,#5006,.F.);
#5006 = EDGE_CURVE('',#5007,#4997,#5009,.T.);
#5007 = VERTEX_POINT('',#5008);
#5008 = CARTESIAN_POINT('',(-0.8,0.18,0.35));
#5009 = LINE('',#5010,#5011);
#5010 = CARTESIAN_POINT('',(-0.8,0.18,0.35));
#5011 = VECTOR('',#5012,1.);
#5012 = DIRECTION('',(0.,-1.,0.));
#5013 = ORIENTED_EDGE('',*,*,#5014,.T.);
#5014 = EDGE_CURVE('',#5007,#5015,#5017,.T.);
#5015 = VERTEX_POINT('',#5016);
#5016 = CARTESIAN_POINT('',(-0.5,0.18,0.35));
#5017 = LINE('',#5018,#5019);
#5018 = CARTESIAN_POINT('',(-0.8,0.18,0.35));
#5019 = VECTOR('',#5020,1.);
#5020 = DIRECTION('',(1.,0.,0.));
#5021 = ORIENTED_EDGE('',*,*,#5022,.T.);
#5022 = EDGE_CURVE('',#5015,#4999,#5023,.T.);
#5023 = LINE('',#5024,#5025);
#5024 = CARTESIAN_POINT('',(-0.5,0.18,0.35));
#5025 = VECTOR('',#5026,1.);
#5026 = DIRECTION('',(0.,-1.,0.));
#5027 = PLANE('',#5028);
#5028 = AXIS2_PLACEMENT_3D('',#5029,#5030,#5031);
#5029 = CARTESIAN_POINT('',(-0.8,0.18,0.35));
#5030 = DIRECTION('',(0.,0.,-1.));
#5031 = DIRECTION('',(-1.,0.,-0.));
#5032 = ADVANCED_FACE('',(#5033),#5090,.F.);
#5033 = FACE_BOUND('',#5034,.T.);
#5034 = EDGE_LOOP('',(#5035,#5036,#5044,#5052,#5060,#5068,#5076,#5084));
#5035 = ORIENTED_EDGE('',*,*,#4886,.T.);
#5036 = ORIENTED_EDGE('',*,*,#5037,.T.);
#5037 = EDGE_CURVE('',#4879,#5038,#5040,.T.);
#5038 = VERTEX_POINT('',#5039);
#5039 = CARTESIAN_POINT('',(0.8,0.165,-0.24));
#5040 = LINE('',#5041,#5042);
#5041 = CARTESIAN_POINT('',(0.8,0.165,-0.35));
#5042 = VECTOR('',#5043,1.);
#5043 = DIRECTION('',(4.928191693116E-15,-1.478457507935E-15,1.));
#5044 = ORIENTED_EDGE('',*,*,#5045,.T.);
#5045 = EDGE_CURVE('',#5038,#5046,#5048,.T.);
#5046 = VERTEX_POINT('',#5047);
#5047 = CARTESIAN_POINT('',(0.8,1.500000000001E-02,-0.24));
#5048 = LINE('',#5049,#5050);
#5049 = CARTESIAN_POINT('',(0.8,0.165,-0.24));
#5050 = VECTOR('',#5051,1.);
#5051 = DIRECTION('',(0.,-1.,3.794707603699E-15));
#5052 = ORIENTED_EDGE('',*,*,#5053,.T.);
#5053 = EDGE_CURVE('',#5046,#5054,#5056,.T.);
#5054 = VERTEX_POINT('',#5055);
#5055 = CARTESIAN_POINT('',(0.8,1.5E-02,-0.35));
#5056 = LINE('',#5057,#5058);
#5057 = CARTESIAN_POINT('',(0.8,1.5E-02,-0.35));
#5058 = VECTOR('',#5059,1.);
#5059 = DIRECTION('',(-4.928191693116E-15,-7.509332092385E-14,-1.));
#5060 = ORIENTED_EDGE('',*,*,#5061,.T.);
#5061 = EDGE_CURVE('',#5054,#5062,#5064,.T.);
#5062 = VERTEX_POINT('',#5063);
#5063 = CARTESIAN_POINT('',(0.8,0.,-0.35));
#5064 = LINE('',#5065,#5066);
#5065 = CARTESIAN_POINT('',(0.8,0.18,-0.35));
#5066 = VECTOR('',#5067,1.);
#5067 = DIRECTION('',(0.,-1.,0.));
#5068 = ORIENTED_EDGE('',*,*,#5069,.T.);
#5069 = EDGE_CURVE('',#5062,#5070,#5072,.T.);
#5070 = VERTEX_POINT('',#5071);
#5071 = CARTESIAN_POINT('',(0.8,0.,-0.4));
#5072 = LINE('',#5073,#5074);
#5073 = CARTESIAN_POINT('',(0.8,0.,-0.225));
#5074 = VECTOR('',#5075,1.);
#5075 = DIRECTION('',(6.195440985631E-16,0.,-1.));
#5076 = ORIENTED_EDGE('',*,*,#5077,.F.);
#5077 = EDGE_CURVE('',#5078,#5070,#5080,.T.);
#5078 = VERTEX_POINT('',#5079);
#5079 = CARTESIAN_POINT('',(0.8,0.18,-0.4));
#5080 = LINE('',#5081,#5082);
#5081 = CARTESIAN_POINT('',(0.8,0.18,-0.4));
#5082 = VECTOR('',#5083,1.);
#5083 = DIRECTION('',(-0.,-1.,-0.));
#5084 = ORIENTED_EDGE('',*,*,#5085,.F.);
#5085 = EDGE_CURVE('',#4887,#5078,#5086,.T.);
#5086 = LINE('',#5087,#5088);
#5087 = CARTESIAN_POINT('',(0.8,0.18,-0.225));
#5088 = VECTOR('',#5089,1.);
#5089 = DIRECTION('',(6.195440985631E-16,0.,-1.));
#5090 = PLANE('',#5091);
#5091 = AXIS2_PLACEMENT_3D('',#5092,#5093,#5094);
#5092 = CARTESIAN_POINT('',(0.8,0.18,-0.225));
#5093 = DIRECTION('',(-1.,0.,-6.195440985631E-16));
#5094 = DIRECTION('',(-6.195440985631E-16,0.,1.));
#5095 = ADVANCED_FACE('',(#5096),#5144,.F.);
#5096 = FACE_BOUND('',#5097,.T.);
#5097 = EDGE_LOOP('',(#5098,#5099,#5107,#5113,#5114,#5122,#5130,#5138));
#5098 = ORIENTED_EDGE('',*,*,#4942,.F.);
#5099 = ORIENTED_EDGE('',*,*,#5100,.F.);
#5100 = EDGE_CURVE('',#5101,#4935,#5103,.T.);
#5101 = VERTEX_POINT('',#5102);
#5102 = CARTESIAN_POINT('',(-0.8,0.18,-0.4));
#5103 = LINE('',#5104,#5105);
#5104 = CARTESIAN_POINT('',(-0.8,0.18,-0.225));
#5105 = VECTOR('',#5106,1.);
#5106 = DIRECTION('',(1.858632295689E-15,-0.,1.));
#5107 = ORIENTED_EDGE('',*,*,#5108,.T.);
#5108 = EDGE_CURVE('',#5101,#4855,#5109,.T.);
#5109 = LINE('',#5110,#5111);
#5110 = CARTESIAN_POINT('',(-0.8,0.18,-0.4));
#5111 = VECTOR('',#5112,1.);
#5112 = DIRECTION('',(-0.,-1.,-0.));
#5113 = ORIENTED_EDGE('',*,*,#4854,.T.);
#5114 = ORIENTED_EDGE('',*,*,#5115,.F.);
#5115 = EDGE_CURVE('',#5116,#4847,#5118,.T.);
#5116 = VERTEX_POINT('',#5117);
#5117 = CARTESIAN_POINT('',(-0.8,1.5E-02,-0.35));
#5118 = LINE('',#5119,#5120);
#5119 = CARTESIAN_POINT('',(-0.8,0.18,-0.35));
#5120 = VECTOR('',#5121,1.);
#5121 = DIRECTION('',(0.,-1.,0.));
#5122 = ORIENTED_EDGE('',*,*,#5123,.F.);
#5123 = EDGE_CURVE('',#5124,#5116,#5126,.T.);
#5124 = VERTEX_POINT('',#5125);
#5125 = CARTESIAN_POINT('',(-0.8,1.500000000001E-02,-0.24));
#5126 = LINE('',#5127,#5128);
#5127 = CARTESIAN_POINT('',(-0.8,1.5E-02,-0.35));
#5128 = VECTOR('',#5129,1.);
#5129 = DIRECTION('',(-4.928191693116E-15,-7.509332092385E-14,-1.));
#5130 = ORIENTED_EDGE('',*,*,#5131,.F.);
#5131 = EDGE_CURVE('',#5132,#5124,#5134,.T.);
#5132 = VERTEX_POINT('',#5133);
#5133 = CARTESIAN_POINT('',(-0.8,0.165,-0.24));
#5134 = LINE('',#5135,#5136);
#5135 = CARTESIAN_POINT('',(-0.8,0.165,-0.24));
#5136 = VECTOR('',#5137,1.);
#5137 = DIRECTION('',(0.,-1.,3.794707603699E-15));
#5138 = ORIENTED_EDGE('',*,*,#5139,.F.);
#5139 = EDGE_CURVE('',#4917,#5132,#5140,.T.);
#5140 = LINE('',#5141,#5142);
#5141 = CARTESIAN_POINT('',(-0.8,0.165,-0.35));
#5142 = VECTOR('',#5143,1.);
#5143 = DIRECTION('',(4.928191693116E-15,-1.478457507935E-15,1.));
#5144 = PLANE('',#5145);
#5145 = AXIS2_PLACEMENT_3D('',#5146,#5147,#5148);
#5146 = CARTESIAN_POINT('',(-0.8,0.18,-0.225));
#5147 = DIRECTION('',(1.,0.,-1.858632295689E-15));
#5148 = DIRECTION('',(-1.858632295689E-15,0.,-1.));
#5149 = ADVANCED_FACE('',(#5150),#5198,.F.);
#5150 = FACE_BOUND('',#5151,.T.);
#5151 = EDGE_LOOP('',(#5152,#5153,#5161,#5169,#5177,#5183,#5184,#5192));
#5152 = ORIENTED_EDGE('',*,*,#5006,.T.);
#5153 = ORIENTED_EDGE('',*,*,#5154,.F.);
#5154 = EDGE_CURVE('',#5155,#4997,#5157,.T.);
#5155 = VERTEX_POINT('',#5156);
#5156 = CARTESIAN_POINT('',(-0.8,0.165,0.24));
#5157 = LINE('',#5158,#5159);
#5158 = CARTESIAN_POINT('',(-0.8,0.165,0.35));
#5159 = VECTOR('',#5160,1.);
#5160 = DIRECTION('',(4.928191693116E-15,-0.,1.));
#5161 = ORIENTED_EDGE('',*,*,#5162,.F.);
#5162 = EDGE_CURVE('',#5163,#5155,#5165,.T.);
#5163 = VERTEX_POINT('',#5164);
#5164 = CARTESIAN_POINT('',(-0.8,1.5E-02,0.24));
#5165 = LINE('',#5166,#5167);
#5166 = CARTESIAN_POINT('',(-0.8,0.165,0.24));
#5167 = VECTOR('',#5168,1.);
#5168 = DIRECTION('',(-0.,1.,-0.));
#5169 = ORIENTED_EDGE('',*,*,#5170,.F.);
#5170 = EDGE_CURVE('',#5171,#5163,#5173,.T.);
#5171 = VERTEX_POINT('',#5172);
#5172 = CARTESIAN_POINT('',(-0.8,1.5E-02,0.35));
#5173 = LINE('',#5174,#5175);
#5174 = CARTESIAN_POINT('',(-0.8,1.5E-02,0.35));
#5175 = VECTOR('',#5176,1.);
#5176 = DIRECTION('',(-4.928191693116E-15,2.464095846558E-16,-1.));
#5177 = ORIENTED_EDGE('',*,*,#5178,.T.);
#5178 = EDGE_CURVE('',#5171,#4823,#5179,.T.);
#5179 = LINE('',#5180,#5181);
#5180 = CARTESIAN_POINT('',(-0.8,0.18,0.35));
#5181 = VECTOR('',#5182,1.);
#5182 = DIRECTION('',(0.,-1.,0.));
#5183 = ORIENTED_EDGE('',*,*,#4822,.T.);
#5184 = ORIENTED_EDGE('',*,*,#5185,.F.);
#5185 = EDGE_CURVE('',#5186,#4815,#5188,.T.);
#5186 = VERTEX_POINT('',#5187);
#5187 = CARTESIAN_POINT('',(-0.8,0.18,0.4));
#5188 = LINE('',#5189,#5190);
#5189 = CARTESIAN_POINT('',(-0.8,0.18,0.4));
#5190 = VECTOR('',#5191,1.);
#5191 = DIRECTION('',(-0.,-1.,-0.));
#5192 = ORIENTED_EDGE('',*,*,#5193,.F.);
#5193 = EDGE_CURVE('',#5007,#5186,#5194,.T.);
#5194 = LINE('',#5195,#5196);
#5195 = CARTESIAN_POINT('',(-0.8,0.18,0.4));
#5196 = VECTOR('',#5197,1.);
#5197 = DIRECTION('',(-3.717264591379E-15,-0.,1.));
#5198 = PLANE('',#5199);
#5199 = AXIS2_PLACEMENT_3D('',#5200,#5201,#5202);
#5200 = CARTESIAN_POINT('',(-0.8,0.18,0.4));
#5201 = DIRECTION('',(1.,-0.,3.717264591379E-15));
#5202 = DIRECTION('',(3.717264591379E-15,0.,-1.));
#5203 = ADVANCED_FACE('',(#5204),#5261,.F.);
#5204 = FACE_BOUND('',#5205,.T.);
#5205 = EDGE_LOOP('',(#5206,#5207,#5215,#5223,#5231,#5239,#5247,#5255));
#5206 = ORIENTED_EDGE('',*,*,#4974,.F.);
#5207 = ORIENTED_EDGE('',*,*,#5208,.F.);
#5208 = EDGE_CURVE('',#5209,#4967,#5211,.T.);
#5209 = VERTEX_POINT('',#5210);
#5210 = CARTESIAN_POINT('',(0.8,0.18,0.4));
#5211 = LINE('',#5212,#5213);
#5212 = CARTESIAN_POINT('',(0.8,0.18,0.4));
#5213 = VECTOR('',#5214,1.);
#5214 = DIRECTION('',(0.,0.,-1.));
#5215 = ORIENTED_EDGE('',*,*,#5216,.T.);
#5216 = EDGE_CURVE('',#5209,#5217,#5219,.T.);
#5217 = VERTEX_POINT('',#5218);
#5218 = CARTESIAN_POINT('',(0.8,0.,0.4));
#5219 = LINE('',#5220,#5221);
#5220 = CARTESIAN_POINT('',(0.8,0.18,0.4));
#5221 = VECTOR('',#5222,1.);
#5222 = DIRECTION('',(-0.,-1.,-0.));
#5223 = ORIENTED_EDGE('',*,*,#5224,.T.);
#5224 = EDGE_CURVE('',#5217,#5225,#5227,.T.);
#5225 = VERTEX_POINT('',#5226);
#5226 = CARTESIAN_POINT('',(0.8,0.,0.35));
#5227 = LINE('',#5228,#5229);
#5228 = CARTESIAN_POINT('',(0.8,0.,0.4));
#5229 = VECTOR('',#5230,1.);
#5230 = DIRECTION('',(0.,0.,-1.));
#5231 = ORIENTED_EDGE('',*,*,#5232,.F.);
#5232 = EDGE_CURVE('',#5233,#5225,#5235,.T.);
#5233 = VERTEX_POINT('',#5234);
#5234 = CARTESIAN_POINT('',(0.8,1.5E-02,0.35));
#5235 = LINE('',#5236,#5237);
#5236 = CARTESIAN_POINT('',(0.8,0.18,0.35));
#5237 = VECTOR('',#5238,1.);
#5238 = DIRECTION('',(0.,-1.,0.));
#5239 = ORIENTED_EDGE('',*,*,#5240,.T.);
#5240 = EDGE_CURVE('',#5233,#5241,#5243,.T.);
#5241 = VERTEX_POINT('',#5242);
#5242 = CARTESIAN_POINT('',(0.8,1.5E-02,0.24));
#5243 = LINE('',#5244,#5245);
#5244 = CARTESIAN_POINT('',(0.8,1.5E-02,0.35));
#5245 = VECTOR('',#5246,1.);
#5246 = DIRECTION('',(-4.928191693116E-15,2.464095846558E-16,-1.));
#5247 = ORIENTED_EDGE('',*,*,#5248,.T.);
#5248 = EDGE_CURVE('',#5241,#5249,#5251,.T.);
#5249 = VERTEX_POINT('',#5250);
#5250 = CARTESIAN_POINT('',(0.8,0.165,0.24));
#5251 = LINE('',#5252,#5253);
#5252 = CARTESIAN_POINT('',(0.8,0.165,0.24));
#5253 = VECTOR('',#5254,1.);
#5254 = DIRECTION('',(-0.,1.,-0.));
#5255 = ORIENTED_EDGE('',*,*,#5256,.T.);
#5256 = EDGE_CURVE('',#5249,#4975,#5257,.T.);
#5257 = LINE('',#5258,#5259);
#5258 = CARTESIAN_POINT('',(0.8,0.165,0.35));
#5259 = VECTOR('',#5260,1.);
#5260 = DIRECTION('',(4.928191693116E-15,-0.,1.));
#5261 = PLANE('',#5262);
#5262 = AXIS2_PLACEMENT_3D('',#5263,#5264,#5265);
#5263 = CARTESIAN_POINT('',(0.8,0.18,0.4));
#5264 = DIRECTION('',(-1.,0.,0.));
#5265 = DIRECTION('',(0.,0.,1.));
#5266 = ADVANCED_FACE('',(#5267),#5324,.F.);
#5267 = FACE_BOUND('',#5268,.T.);
#5268 = EDGE_LOOP('',(#5269,#5279,#5285,#5286,#5292,#5293,#5294,#5300,
    #5301,#5302,#5308,#5309,#5310,#5316,#5317,#5318));
#5269 = ORIENTED_EDGE('',*,*,#5270,.F.);
#5270 = EDGE_CURVE('',#5271,#5273,#5275,.T.);
#5271 = VERTEX_POINT('',#5272);
#5272 = CARTESIAN_POINT('',(0.6,0.18,0.38));
#5273 = VERTEX_POINT('',#5274);
#5274 = CARTESIAN_POINT('',(0.68,0.18,0.38));
#5275 = LINE('',#5276,#5277);
#5276 = CARTESIAN_POINT('',(0.6,0.18,0.38));
#5277 = VECTOR('',#5278,1.);
#5278 = DIRECTION('',(1.,0.,0.));
#5279 = ORIENTED_EDGE('',*,*,#5280,.F.);
#5280 = EDGE_CURVE('',#4767,#5271,#5281,.T.);
#5281 = LINE('',#5282,#5283);
#5282 = CARTESIAN_POINT('',(0.6,0.18,0.35));
#5283 = VECTOR('',#5284,1.);
#5284 = DIRECTION('',(0.,0.,1.));
#5285 = ORIENTED_EDGE('',*,*,#4790,.F.);
#5286 = ORIENTED_EDGE('',*,*,#5287,.F.);
#5287 = EDGE_CURVE('',#4895,#4783,#5288,.T.);
#5288 = LINE('',#5289,#5290);
#5289 = CARTESIAN_POINT('',(0.5,0.18,-0.35));
#5290 = VECTOR('',#5291,1.);
#5291 = DIRECTION('',(-1.548860246408E-16,0.,1.));
#5292 = ORIENTED_EDGE('',*,*,#4894,.F.);
#5293 = ORIENTED_EDGE('',*,*,#5085,.T.);
#5294 = ORIENTED_EDGE('',*,*,#5295,.T.);
#5295 = EDGE_CURVE('',#5078,#5101,#5296,.T.);
#5296 = LINE('',#5297,#5298);
#5297 = CARTESIAN_POINT('',(-0.8,0.18,-0.4));
#5298 = VECTOR('',#5299,1.);
#5299 = DIRECTION('',(-1.,-0.,-0.));
#5300 = ORIENTED_EDGE('',*,*,#5100,.T.);
#5301 = ORIENTED_EDGE('',*,*,#4934,.F.);
#5302 = ORIENTED_EDGE('',*,*,#5303,.F.);
#5303 = EDGE_CURVE('',#5015,#4927,#5304,.T.);
#5304 = LINE('',#5305,#5306);
#5305 = CARTESIAN_POINT('',(-0.5,0.18,-0.35));
#5306 = VECTOR('',#5307,1.);
#5307 = DIRECTION('',(-1.548860246408E-16,-0.,-1.));
#5308 = ORIENTED_EDGE('',*,*,#5014,.F.);
#5309 = ORIENTED_EDGE('',*,*,#5193,.T.);
#5310 = ORIENTED_EDGE('',*,*,#5311,.T.);
#5311 = EDGE_CURVE('',#5186,#5209,#5312,.T.);
#5312 = LINE('',#5313,#5314);
#5313 = CARTESIAN_POINT('',(-0.8,0.18,0.4));
#5314 = VECTOR('',#5315,1.);
#5315 = DIRECTION('',(1.,0.,0.));
#5316 = ORIENTED_EDGE('',*,*,#5208,.T.);
#5317 = ORIENTED_EDGE('',*,*,#4966,.F.);
#5318 = ORIENTED_EDGE('',*,*,#5319,.F.);
#5319 = EDGE_CURVE('',#5273,#4959,#5320,.T.);
#5320 = LINE('',#5321,#5322);
#5321 = CARTESIAN_POINT('',(0.68,0.18,0.35));
#5322 = VECTOR('',#5323,1.);
#5323 = DIRECTION('',(-0.,-0.,-1.));
#5324 = PLANE('',#5325);
#5325 = AXIS2_PLACEMENT_3D('',#5326,#5327,#5328);
#5326 = CARTESIAN_POINT('',(-0.94,0.18,1.00559751498E-15));
#5327 = DIRECTION('',(0.,-1.,0.));
#5328 = DIRECTION('',(0.,-0.,-1.));
#5329 = ADVANCED_FACE('',(#5330),#5410,.T.);
#5330 = FACE_BOUND('',#5331,.T.);
#5331 = EDGE_LOOP('',(#5332,#5342,#5350,#5358,#5366,#5374,#5380,#5381,
    #5389,#5397,#5403,#5404));
#5332 = ORIENTED_EDGE('',*,*,#5333,.F.);
#5333 = EDGE_CURVE('',#5334,#5336,#5338,.T.);
#5334 = VERTEX_POINT('',#5335);
#5335 = CARTESIAN_POINT('',(-0.125,0.,7.5E-02));
#5336 = VERTEX_POINT('',#5337);
#5337 = CARTESIAN_POINT('',(-0.125,0.,0.4));
#5338 = LINE('',#5339,#5340);
#5339 = CARTESIAN_POINT('',(-0.125,0.,0.4));
#5340 = VECTOR('',#5341,1.);
#5341 = DIRECTION('',(-2.502005013428E-16,-0.,1.));
#5342 = ORIENTED_EDGE('',*,*,#5343,.F.);
#5343 = EDGE_CURVE('',#5344,#5334,#5346,.T.);
#5344 = VERTEX_POINT('',#5345);
#5345 = CARTESIAN_POINT('',(0.35,0.,7.5E-02));
#5346 = LINE('',#5347,#5348);
#5347 = CARTESIAN_POINT('',(-0.125,0.,7.5E-02));
#5348 = VECTOR('',#5349,1.);
#5349 = DIRECTION('',(-1.,-0.,-0.));
#5350 = ORIENTED_EDGE('',*,*,#5351,.F.);
#5351 = EDGE_CURVE('',#5352,#5344,#5354,.T.);
#5352 = VERTEX_POINT('',#5353);
#5353 = CARTESIAN_POINT('',(0.35,0.,-7.5E-02));
#5354 = LINE('',#5355,#5356);
#5355 = CARTESIAN_POINT('',(0.35,0.,7.5E-02));
#5356 = VECTOR('',#5357,1.);
#5357 = DIRECTION('',(-0.,-0.,1.));
#5358 = ORIENTED_EDGE('',*,*,#5359,.F.);
#5359 = EDGE_CURVE('',#5360,#5352,#5362,.T.);
#5360 = VERTEX_POINT('',#5361);
#5361 = CARTESIAN_POINT('',(-0.125,0.,-7.5E-02));
#5362 = LINE('',#5363,#5364);
#5363 = CARTESIAN_POINT('',(0.35,0.,-7.5E-02));
#5364 = VECTOR('',#5365,1.);
#5365 = DIRECTION('',(1.,-0.,-0.));
#5366 = ORIENTED_EDGE('',*,*,#5367,.F.);
#5367 = EDGE_CURVE('',#5368,#5360,#5370,.T.);
#5368 = VERTEX_POINT('',#5369);
#5369 = CARTESIAN_POINT('',(-0.125,0.,-0.4));
#5370 = LINE('',#5371,#5372);
#5371 = CARTESIAN_POINT('',(-0.125,0.,-7.5E-02));
#5372 = VECTOR('',#5373,1.);
#5373 = DIRECTION('',(-8.340016711427E-17,-0.,1.));
#5374 = ORIENTED_EDGE('',*,*,#5375,.F.);
#5375 = EDGE_CURVE('',#5070,#5368,#5376,.T.);
#5376 = LINE('',#5377,#5378);
#5377 = CARTESIAN_POINT('',(-0.8,0.,-0.4));
#5378 = VECTOR('',#5379,1.);
#5379 = DIRECTION('',(-1.,-0.,-0.));
#5380 = ORIENTED_EDGE('',*,*,#5069,.F.);
#5381 = ORIENTED_EDGE('',*,*,#5382,.T.);
#5382 = EDGE_CURVE('',#5062,#5383,#5385,.T.);
#5383 = VERTEX_POINT('',#5384);
#5384 = CARTESIAN_POINT('',(0.5,0.,-0.35));
#5385 = LINE('',#5386,#5387);
#5386 = CARTESIAN_POINT('',(0.8,0.,-0.35));
#5387 = VECTOR('',#5388,1.);
#5388 = DIRECTION('',(-1.,0.,0.));
#5389 = ORIENTED_EDGE('',*,*,#5390,.T.);
#5390 = EDGE_CURVE('',#5383,#5391,#5393,.T.);
#5391 = VERTEX_POINT('',#5392);
#5392 = CARTESIAN_POINT('',(0.5,0.,0.35));
#5393 = LINE('',#5394,#5395);
#5394 = CARTESIAN_POINT('',(0.5,0.,-0.35));
#5395 = VECTOR('',#5396,1.);
#5396 = DIRECTION('',(-1.548860246408E-16,0.,1.));
#5397 = ORIENTED_EDGE('',*,*,#5398,.T.);
#5398 = EDGE_CURVE('',#5391,#5225,#5399,.T.);
#5399 = LINE('',#5400,#5401);
#5400 = CARTESIAN_POINT('',(0.8,0.,0.35));
#5401 = VECTOR('',#5402,1.);
#5402 = DIRECTION('',(1.,-0.,-0.));
#5403 = ORIENTED_EDGE('',*,*,#5224,.F.);
#5404 = ORIENTED_EDGE('',*,*,#5405,.F.);
#5405 = EDGE_CURVE('',#5336,#5217,#5406,.T.);
#5406 = LINE('',#5407,#5408);
#5407 = CARTESIAN_POINT('',(-0.8,0.,0.4));
#5408 = VECTOR('',#5409,1.);
#5409 = DIRECTION('',(1.,0.,0.));
#5410 = PLANE('',#5411);
#5411 = AXIS2_PLACEMENT_3D('',#5412,#5413,#5414);
#5412 = CARTESIAN_POINT('',(-0.94,0.,1.00559751498E-15));
#5413 = DIRECTION('',(0.,-1.,0.));
#5414 = DIRECTION('',(0.,-0.,-1.));
#5415 = ADVANCED_FACE('',(#5416),#5445,.F.);
#5416 = FACE_BOUND('',#5417,.T.);
#5417 = EDGE_LOOP('',(#5418,#5428,#5434,#5435,#5436,#5437,#5438,#5439));
#5418 = ORIENTED_EDGE('',*,*,#5419,.F.);
#5419 = EDGE_CURVE('',#5420,#5422,#5424,.T.);
#5420 = VERTEX_POINT('',#5421);
#5421 = CARTESIAN_POINT('',(-0.35,1.5E-02,-0.4));
#5422 = VERTEX_POINT('',#5423);
#5423 = CARTESIAN_POINT('',(-0.125,1.5E-02,-0.4));
#5424 = LINE('',#5425,#5426);
#5425 = CARTESIAN_POINT('',(-0.125,1.5E-02,-0.4));
#5426 = VECTOR('',#5427,1.);
#5427 = DIRECTION('',(1.,-0.,-0.));
#5428 = ORIENTED_EDGE('',*,*,#5429,.T.);
#5429 = EDGE_CURVE('',#5420,#4807,#5430,.T.);
#5430 = LINE('',#5431,#5432);
#5431 = CARTESIAN_POINT('',(-0.35,1.5E-02,-0.4));
#5432 = VECTOR('',#5433,1.);
#5433 = DIRECTION('',(-0.,-1.,-0.));
#5434 = ORIENTED_EDGE('',*,*,#4862,.T.);
#5435 = ORIENTED_EDGE('',*,*,#5108,.F.);
#5436 = ORIENTED_EDGE('',*,*,#5295,.F.);
#5437 = ORIENTED_EDGE('',*,*,#5077,.T.);
#5438 = ORIENTED_EDGE('',*,*,#5375,.T.);
#5439 = ORIENTED_EDGE('',*,*,#5440,.F.);
#5440 = EDGE_CURVE('',#5422,#5368,#5441,.T.);
#5441 = LINE('',#5442,#5443);
#5442 = CARTESIAN_POINT('',(-0.125,1.5E-02,-0.4));
#5443 = VECTOR('',#5444,1.);
#5444 = DIRECTION('',(-0.,-1.,-0.));
#5445 = PLANE('',#5446);
#5446 = AXIS2_PLACEMENT_3D('',#5447,#5448,#5449);
#5447 = CARTESIAN_POINT('',(-0.8,0.18,-0.4));
#5448 = DIRECTION('',(0.,0.,1.));
#5449 = DIRECTION('',(1.,0.,-0.));
#5450 = ADVANCED_FACE('',(#5451),#5480,.F.);
#5451 = FACE_BOUND('',#5452,.T.);
#5452 = EDGE_LOOP('',(#5453,#5454,#5462,#5470,#5476,#5477,#5478,#5479));
#5453 = ORIENTED_EDGE('',*,*,#4814,.T.);
#5454 = ORIENTED_EDGE('',*,*,#5455,.F.);
#5455 = EDGE_CURVE('',#5456,#4805,#5458,.T.);
#5456 = VERTEX_POINT('',#5457);
#5457 = CARTESIAN_POINT('',(-0.35,1.5E-02,0.4));
#5458 = LINE('',#5459,#5460);
#5459 = CARTESIAN_POINT('',(-0.35,1.5E-02,0.4));
#5460 = VECTOR('',#5461,1.);
#5461 = DIRECTION('',(-0.,-1.,-0.));
#5462 = ORIENTED_EDGE('',*,*,#5463,.F.);
#5463 = EDGE_CURVE('',#5464,#5456,#5466,.T.);
#5464 = VERTEX_POINT('',#5465);
#5465 = CARTESIAN_POINT('',(-0.125,1.5E-02,0.4));
#5466 = LINE('',#5467,#5468);
#5467 = CARTESIAN_POINT('',(-0.35,1.5E-02,0.4));
#5468 = VECTOR('',#5469,1.);
#5469 = DIRECTION('',(-1.,-0.,-0.));
#5470 = ORIENTED_EDGE('',*,*,#5471,.T.);
#5471 = EDGE_CURVE('',#5464,#5336,#5472,.T.);
#5472 = LINE('',#5473,#5474);
#5473 = CARTESIAN_POINT('',(-0.125,1.5E-02,0.4));
#5474 = VECTOR('',#5475,1.);
#5475 = DIRECTION('',(-0.,-1.,-0.));
#5476 = ORIENTED_EDGE('',*,*,#5405,.T.);
#5477 = ORIENTED_EDGE('',*,*,#5216,.F.);
#5478 = ORIENTED_EDGE('',*,*,#5311,.F.);
#5479 = ORIENTED_EDGE('',*,*,#5185,.T.);
#5480 = PLANE('',#5481);
#5481 = AXIS2_PLACEMENT_3D('',#5482,#5483,#5484);
#5482 = CARTESIAN_POINT('',(-0.8,0.18,0.4));
#5483 = DIRECTION('',(0.,0.,-1.));
#5484 = DIRECTION('',(-1.,0.,-0.));
#5485 = ADVANCED_FACE('',(#5486),#5504,.T.);
#5486 = FACE_BOUND('',#5487,.T.);
#5487 = EDGE_LOOP('',(#5488,#5496,#5502,#5503));
#5488 = ORIENTED_EDGE('',*,*,#5489,.F.);
#5489 = EDGE_CURVE('',#5490,#5054,#5492,.T.);
#5490 = VERTEX_POINT('',#5491);
#5491 = CARTESIAN_POINT('',(0.5,1.5E-02,-0.35));
#5492 = LINE('',#5493,#5494);
#5493 = CARTESIAN_POINT('',(-0.8,1.5E-02,-0.35));
#5494 = VECTOR('',#5495,1.);
#5495 = DIRECTION('',(1.,0.,-5.20417042793E-15));
#5496 = ORIENTED_EDGE('',*,*,#5497,.T.);
#5497 = EDGE_CURVE('',#5490,#5383,#5498,.T.);
#5498 = LINE('',#5499,#5500);
#5499 = CARTESIAN_POINT('',(0.5,0.18,-0.35));
#5500 = VECTOR('',#5501,1.);
#5501 = DIRECTION('',(0.,-1.,0.));
#5502 = ORIENTED_EDGE('',*,*,#5382,.F.);
#5503 = ORIENTED_EDGE('',*,*,#5061,.F.);
#5504 = PLANE('',#5505);
#5505 = AXIS2_PLACEMENT_3D('',#5506,#5507,#5508);
#5506 = CARTESIAN_POINT('',(0.8,0.18,-0.35));
#5507 = DIRECTION('',(0.,0.,1.));
#5508 = DIRECTION('',(1.,0.,-0.));
#5509 = ADVANCED_FACE('',(#5510),#5569,.T.);
#5510 = FACE_BOUND('',#5511,.T.);
#5511 = EDGE_LOOP('',(#5512,#5520,#5521,#5522,#5523,#5531,#5539,#5547,
    #5553,#5554,#5555,#5563));
#5512 = ORIENTED_EDGE('',*,*,#5513,.F.);
#5513 = EDGE_CURVE('',#4877,#5514,#5516,.T.);
#5514 = VERTEX_POINT('',#5515);
#5515 = CARTESIAN_POINT('',(0.5,0.165,-0.24));
#5516 = LINE('',#5517,#5518);
#5517 = CARTESIAN_POINT('',(0.5,0.165,-0.35));
#5518 = VECTOR('',#5519,1.);
#5519 = DIRECTION('',(-1.548860246408E-16,-1.478457507935E-15,1.));
#5520 = ORIENTED_EDGE('',*,*,#4902,.F.);
#5521 = ORIENTED_EDGE('',*,*,#5287,.T.);
#5522 = ORIENTED_EDGE('',*,*,#4782,.T.);
#5523 = ORIENTED_EDGE('',*,*,#5524,.F.);
#5524 = EDGE_CURVE('',#5525,#4775,#5527,.T.);
#5525 = VERTEX_POINT('',#5526);
#5526 = CARTESIAN_POINT('',(0.5,0.165,0.24));
#5527 = LINE('',#5528,#5529);
#5528 = CARTESIAN_POINT('',(0.5,0.165,-0.35));
#5529 = VECTOR('',#5530,1.);
#5530 = DIRECTION('',(-1.548860246408E-16,0.,1.));
#5531 = ORIENTED_EDGE('',*,*,#5532,.F.);
#5532 = EDGE_CURVE('',#5533,#5525,#5535,.T.);
#5533 = VERTEX_POINT('',#5534);
#5534 = CARTESIAN_POINT('',(0.5,1.5E-02,0.24));
#5535 = LINE('',#5536,#5537);
#5536 = CARTESIAN_POINT('',(0.5,0.18,0.24));
#5537 = VECTOR('',#5538,1.);
#5538 = DIRECTION('',(0.,1.,0.));
#5539 = ORIENTED_EDGE('',*,*,#5540,.F.);
#5540 = EDGE_CURVE('',#5541,#5533,#5543,.T.);
#5541 = VERTEX_POINT('',#5542);
#5542 = CARTESIAN_POINT('',(0.5,1.5E-02,0.35));
#5543 = LINE('',#5544,#5545);
#5544 = CARTESIAN_POINT('',(0.5,1.5E-02,-0.35));
#5545 = VECTOR('',#5546,1.);
#5546 = DIRECTION('',(1.548860246408E-16,2.464095846558E-16,-1.));
#5547 = ORIENTED_EDGE('',*,*,#5548,.T.);
#5548 = EDGE_CURVE('',#5541,#5391,#5549,.T.);
#5549 = LINE('',#5550,#5551);
#5550 = CARTESIAN_POINT('',(0.5,0.18,0.35));
#5551 = VECTOR('',#5552,1.);
#5552 = DIRECTION('',(0.,-1.,0.));
#5553 = ORIENTED_EDGE('',*,*,#5390,.F.);
#5554 = ORIENTED_EDGE('',*,*,#5497,.F.);
#5555 = ORIENTED_EDGE('',*,*,#5556,.F.);
#5556 = EDGE_CURVE('',#5557,#5490,#5559,.T.);
#5557 = VERTEX_POINT('',#5558);
#5558 = CARTESIAN_POINT('',(0.5,1.500000000001E-02,-0.24));
#5559 = LINE('',#5560,#5561);
#5560 = CARTESIAN_POINT('',(0.5,1.5E-02,-0.35));
#5561 = VECTOR('',#5562,1.);
#5562 = DIRECTION('',(1.548860246408E-16,-7.509332092385E-14,-1.));
#5563 = ORIENTED_EDGE('',*,*,#5564,.F.);
#5564 = EDGE_CURVE('',#5514,#5557,#5565,.T.);
#5565 = LINE('',#5566,#5567);
#5566 = CARTESIAN_POINT('',(0.5,0.18,-0.24));
#5567 = VECTOR('',#5568,1.);
#5568 = DIRECTION('',(-5.877471754112E-31,-1.,3.794707603699E-15));
#5569 = PLANE('',#5570);
#5570 = AXIS2_PLACEMENT_3D('',#5571,#5572,#5573);
#5571 = CARTESIAN_POINT('',(0.5,0.18,-0.35));
#5572 = DIRECTION('',(1.,0.,1.548860246408E-16));
#5573 = DIRECTION('',(1.548860246408E-16,0.,-1.));
#5574 = ADVANCED_FACE('',(#5575),#5586,.T.);
#5575 = FACE_BOUND('',#5576,.T.);
#5576 = EDGE_LOOP('',(#5577,#5583,#5584,#5585));
#5577 = ORIENTED_EDGE('',*,*,#5578,.T.);
#5578 = EDGE_CURVE('',#5541,#5233,#5579,.T.);
#5579 = LINE('',#5580,#5581);
#5580 = CARTESIAN_POINT('',(-0.8,1.5E-02,0.35));
#5581 = VECTOR('',#5582,1.);
#5582 = DIRECTION('',(1.,0.,-5.20417042793E-15));
#5583 = ORIENTED_EDGE('',*,*,#5232,.T.);
#5584 = ORIENTED_EDGE('',*,*,#5398,.F.);
#5585 = ORIENTED_EDGE('',*,*,#5548,.F.);
#5586 = PLANE('',#5587);
#5587 = AXIS2_PLACEMENT_3D('',#5588,#5589,#5590);
#5588 = CARTESIAN_POINT('',(0.8,0.18,0.35));
#5589 = DIRECTION('',(-0.,0.,-1.));
#5590 = DIRECTION('',(-1.,0.,0.));
#5591 = ADVANCED_FACE('',(#5592),#5610,.T.);
#5592 = FACE_BOUND('',#5593,.T.);
#5593 = EDGE_LOOP('',(#5594,#5602,#5608,#5609));
#5594 = ORIENTED_EDGE('',*,*,#5595,.T.);
#5595 = EDGE_CURVE('',#5171,#5596,#5598,.T.);
#5596 = VERTEX_POINT('',#5597);
#5597 = CARTESIAN_POINT('',(-0.5,1.5E-02,0.35));
#5598 = LINE('',#5599,#5600);
#5599 = CARTESIAN_POINT('',(-0.8,1.5E-02,0.35));
#5600 = VECTOR('',#5601,1.);
#5601 = DIRECTION('',(1.,0.,-5.20417042793E-15));
#5602 = ORIENTED_EDGE('',*,*,#5603,.T.);
#5603 = EDGE_CURVE('',#5596,#4831,#5604,.T.);
#5604 = LINE('',#5605,#5606);
#5605 = CARTESIAN_POINT('',(-0.5,0.18,0.35));
#5606 = VECTOR('',#5607,1.);
#5607 = DIRECTION('',(0.,-1.,0.));
#5608 = ORIENTED_EDGE('',*,*,#4830,.F.);
#5609 = ORIENTED_EDGE('',*,*,#5178,.F.);
#5610 = PLANE('',#5611);
#5611 = AXIS2_PLACEMENT_3D('',#5612,#5613,#5614);
#5612 = CARTESIAN_POINT('',(-0.8,0.18,0.35));
#5613 = DIRECTION('',(0.,0.,-1.));
#5614 = DIRECTION('',(-1.,0.,-0.));
#5615 = ADVANCED_FACE('',(#5616),#5675,.T.);
#5616 = FACE_BOUND('',#5617,.T.);
#5617 = EDGE_LOOP('',(#5618,#5626,#5634,#5642,#5648,#5649,#5650,#5658,
    #5666,#5672,#5673,#5674));
#5618 = ORIENTED_EDGE('',*,*,#5619,.F.);
#5619 = EDGE_CURVE('',#5620,#4919,#5622,.T.);
#5620 = VERTEX_POINT('',#5621);
#5621 = CARTESIAN_POINT('',(-0.5,0.165,-0.24));
#5622 = LINE('',#5623,#5624);
#5623 = CARTESIAN_POINT('',(-0.5,0.165,-0.35));
#5624 = VECTOR('',#5625,1.);
#5625 = DIRECTION('',(-1.548860246408E-16,1.478457507935E-15,-1.));
#5626 = ORIENTED_EDGE('',*,*,#5627,.F.);
#5627 = EDGE_CURVE('',#5628,#5620,#5630,.T.);
#5628 = VERTEX_POINT('',#5629);
#5629 = CARTESIAN_POINT('',(-0.5,1.500000000001E-02,-0.24));
#5630 = LINE('',#5631,#5632);
#5631 = CARTESIAN_POINT('',(-0.5,0.18,-0.24));
#5632 = VECTOR('',#5633,1.);
#5633 = DIRECTION('',(-5.877471754112E-31,1.,-3.794707603699E-15));
#5634 = ORIENTED_EDGE('',*,*,#5635,.F.);
#5635 = EDGE_CURVE('',#5636,#5628,#5638,.T.);
#5636 = VERTEX_POINT('',#5637);
#5637 = CARTESIAN_POINT('',(-0.5,1.5E-02,-0.35));
#5638 = LINE('',#5639,#5640);
#5639 = CARTESIAN_POINT('',(-0.5,1.5E-02,-0.35));
#5640 = VECTOR('',#5641,1.);
#5641 = DIRECTION('',(1.548860246408E-16,7.509332092385E-14,1.));
#5642 = ORIENTED_EDGE('',*,*,#5643,.T.);
#5643 = EDGE_CURVE('',#5636,#4839,#5644,.T.);
#5644 = LINE('',#5645,#5646);
#5645 = CARTESIAN_POINT('',(-0.5,0.18,-0.35));
#5646 = VECTOR('',#5647,1.);
#5647 = DIRECTION('',(0.,-1.,0.));
#5648 = ORIENTED_EDGE('',*,*,#4838,.F.);
#5649 = ORIENTED_EDGE('',*,*,#5603,.F.);
#5650 = ORIENTED_EDGE('',*,*,#5651,.F.);
#5651 = EDGE_CURVE('',#5652,#5596,#5654,.T.);
#5652 = VERTEX_POINT('',#5653);
#5653 = CARTESIAN_POINT('',(-0.5,1.5E-02,0.24));
#5654 = LINE('',#5655,#5656);
#5655 = CARTESIAN_POINT('',(-0.5,1.5E-02,-0.35));
#5656 = VECTOR('',#5657,1.);
#5657 = DIRECTION('',(1.548860246408E-16,-2.464095846558E-16,1.));
#5658 = ORIENTED_EDGE('',*,*,#5659,.F.);
#5659 = EDGE_CURVE('',#5660,#5652,#5662,.T.);
#5660 = VERTEX_POINT('',#5661);
#5661 = CARTESIAN_POINT('',(-0.5,0.165,0.24));
#5662 = LINE('',#5663,#5664);
#5663 = CARTESIAN_POINT('',(-0.5,0.18,0.24));
#5664 = VECTOR('',#5665,1.);
#5665 = DIRECTION('',(0.,-1.,0.));
#5666 = ORIENTED_EDGE('',*,*,#5667,.F.);
#5667 = EDGE_CURVE('',#4999,#5660,#5668,.T.);
#5668 = LINE('',#5669,#5670);
#5669 = CARTESIAN_POINT('',(-0.5,0.165,-0.35));
#5670 = VECTOR('',#5671,1.);
#5671 = DIRECTION('',(-1.548860246408E-16,0.,-1.));
#5672 = ORIENTED_EDGE('',*,*,#5022,.F.);
#5673 = ORIENTED_EDGE('',*,*,#5303,.T.);
#5674 = ORIENTED_EDGE('',*,*,#4926,.T.);
#5675 = PLANE('',#5676);
#5676 = AXIS2_PLACEMENT_3D('',#5677,#5678,#5679);
#5677 = CARTESIAN_POINT('',(-0.5,0.18,-0.35));
#5678 = DIRECTION('',(-1.,0.,1.548860246408E-16));
#5679 = DIRECTION('',(1.548860246408E-16,0.,1.));
#5680 = ADVANCED_FACE('',(#5681),#5692,.T.);
#5681 = FACE_BOUND('',#5682,.T.);
#5682 = EDGE_LOOP('',(#5683,#5689,#5690,#5691));
#5683 = ORIENTED_EDGE('',*,*,#5684,.F.);
#5684 = EDGE_CURVE('',#5116,#5636,#5685,.T.);
#5685 = LINE('',#5686,#5687);
#5686 = CARTESIAN_POINT('',(-0.8,1.5E-02,-0.35));
#5687 = VECTOR('',#5688,1.);
#5688 = DIRECTION('',(1.,0.,-5.20417042793E-15));
#5689 = ORIENTED_EDGE('',*,*,#5115,.T.);
#5690 = ORIENTED_EDGE('',*,*,#4846,.F.);
#5691 = ORIENTED_EDGE('',*,*,#5643,.F.);
#5692 = PLANE('',#5693);
#5693 = AXIS2_PLACEMENT_3D('',#5694,#5695,#5696);
#5694 = CARTESIAN_POINT('',(-0.8,0.18,-0.35));
#5695 = DIRECTION('',(-0.,0.,1.));
#5696 = DIRECTION('',(1.,0.,0.));
#5697 = ADVANCED_FACE('',(#5698),#5709,.T.);
#5698 = FACE_BOUND('',#5699,.T.);
#5699 = EDGE_LOOP('',(#5700,#5706,#5707,#5708));
#5700 = ORIENTED_EDGE('',*,*,#5701,.T.);
#5701 = EDGE_CURVE('',#5163,#5652,#5702,.T.);
#5702 = LINE('',#5703,#5704);
#5703 = CARTESIAN_POINT('',(-0.8,1.5E-02,0.24));
#5704 = VECTOR('',#5705,1.);
#5705 = DIRECTION('',(1.,0.,-5.20417042793E-15));
#5706 = ORIENTED_EDGE('',*,*,#5651,.T.);
#5707 = ORIENTED_EDGE('',*,*,#5595,.F.);
#5708 = ORIENTED_EDGE('',*,*,#5170,.T.);
#5709 = PLANE('',#5710);
#5710 = AXIS2_PLACEMENT_3D('',#5711,#5712,#5713);
#5711 = CARTESIAN_POINT('',(-0.8,1.5E-02,0.35));
#5712 = DIRECTION('',(-1.282357473624E-30,-1.,-2.464095846558E-16));
#5713 = DIRECTION('',(0.,2.464095846558E-16,-1.));
#5714 = ADVANCED_FACE('',(#5715),#5726,.T.);
#5715 = FACE_BOUND('',#5716,.T.);
#5716 = EDGE_LOOP('',(#5717,#5723,#5724,#5725));
#5717 = ORIENTED_EDGE('',*,*,#5718,.T.);
#5718 = EDGE_CURVE('',#5155,#5660,#5719,.T.);
#5719 = LINE('',#5720,#5721);
#5720 = CARTESIAN_POINT('',(-0.8,0.165,0.24));
#5721 = VECTOR('',#5722,1.);
#5722 = DIRECTION('',(1.,0.,-5.20417042793E-15));
#5723 = ORIENTED_EDGE('',*,*,#5659,.T.);
#5724 = ORIENTED_EDGE('',*,*,#5701,.F.);
#5725 = ORIENTED_EDGE('',*,*,#5162,.T.);
#5726 = PLANE('',#5727);
#5727 = AXIS2_PLACEMENT_3D('',#5728,#5729,#5730);
#5728 = CARTESIAN_POINT('',(-0.8,0.165,0.24));
#5729 = DIRECTION('',(-5.20417042793E-15,0.,-1.));
#5730 = DIRECTION('',(-1.,0.,5.20417042793E-15));
#5731 = ADVANCED_FACE('',(#5732),#5738,.T.);
#5732 = FACE_BOUND('',#5733,.T.);
#5733 = EDGE_LOOP('',(#5734,#5735,#5736,#5737));
#5734 = ORIENTED_EDGE('',*,*,#4996,.T.);
#5735 = ORIENTED_EDGE('',*,*,#5667,.T.);
#5736 = ORIENTED_EDGE('',*,*,#5718,.F.);
#5737 = ORIENTED_EDGE('',*,*,#5154,.T.);
#5738 = PLANE('',#5739);
#5739 = AXIS2_PLACEMENT_3D('',#5740,#5741,#5742);
#5740 = CARTESIAN_POINT('',(-0.8,0.165,0.35));
#5741 = DIRECTION('',(0.,1.,0.));
#5742 = DIRECTION('',(0.,-0.,1.));
#5743 = ADVANCED_FACE('',(#5744),#5778,.T.);
#5744 = FACE_BOUND('',#5745,.T.);
#5745 = EDGE_LOOP('',(#5746,#5752,#5753,#5754,#5762,#5770,#5776,#5777));
#5746 = ORIENTED_EDGE('',*,*,#5747,.F.);
#5747 = EDGE_CURVE('',#5525,#5249,#5748,.T.);
#5748 = LINE('',#5749,#5750);
#5749 = CARTESIAN_POINT('',(-0.8,0.165,0.24));
#5750 = VECTOR('',#5751,1.);
#5751 = DIRECTION('',(1.,0.,-5.20417042793E-15));
#5752 = ORIENTED_EDGE('',*,*,#5524,.T.);
#5753 = ORIENTED_EDGE('',*,*,#4774,.T.);
#5754 = ORIENTED_EDGE('',*,*,#5755,.T.);
#5755 = EDGE_CURVE('',#4765,#5756,#5758,.T.);
#5756 = VERTEX_POINT('',#5757);
#5757 = CARTESIAN_POINT('',(0.6,0.165,0.38));
#5758 = LINE('',#5759,#5760);
#5759 = CARTESIAN_POINT('',(0.6,0.165,0.35));
#5760 = VECTOR('',#5761,1.);
#5761 = DIRECTION('',(0.,0.,1.));
#5762 = ORIENTED_EDGE('',*,*,#5763,.T.);
#5763 = EDGE_CURVE('',#5756,#5764,#5766,.T.);
#5764 = VERTEX_POINT('',#5765);
#5765 = CARTESIAN_POINT('',(0.68,0.165,0.38));
#5766 = LINE('',#5767,#5768);
#5767 = CARTESIAN_POINT('',(0.6,0.165,0.38));
#5768 = VECTOR('',#5769,1.);
#5769 = DIRECTION('',(1.,0.,0.));
#5770 = ORIENTED_EDGE('',*,*,#5771,.T.);
#5771 = EDGE_CURVE('',#5764,#4957,#5772,.T.);
#5772 = LINE('',#5773,#5774);
#5773 = CARTESIAN_POINT('',(0.68,0.165,0.35));
#5774 = VECTOR('',#5775,1.);
#5775 = DIRECTION('',(-0.,-0.,-1.));
#5776 = ORIENTED_EDGE('',*,*,#4982,.T.);
#5777 = ORIENTED_EDGE('',*,*,#5256,.F.);
#5778 = PLANE('',#5779);
#5779 = AXIS2_PLACEMENT_3D('',#5780,#5781,#5782);
#5780 = CARTESIAN_POINT('',(-0.8,0.165,0.35));
#5781 = DIRECTION('',(0.,1.,0.));
#5782 = DIRECTION('',(0.,-0.,1.));
#5783 = ADVANCED_FACE('',(#5784),#5795,.T.);
#5784 = FACE_BOUND('',#5785,.T.);
#5785 = EDGE_LOOP('',(#5786,#5792,#5793,#5794));
#5786 = ORIENTED_EDGE('',*,*,#5787,.F.);
#5787 = EDGE_CURVE('',#5533,#5241,#5788,.T.);
#5788 = LINE('',#5789,#5790);
#5789 = CARTESIAN_POINT('',(-0.8,1.5E-02,0.24));
#5790 = VECTOR('',#5791,1.);
#5791 = DIRECTION('',(1.,0.,-5.20417042793E-15));
#5792 = ORIENTED_EDGE('',*,*,#5532,.T.);
#5793 = ORIENTED_EDGE('',*,*,#5747,.T.);
#5794 = ORIENTED_EDGE('',*,*,#5248,.F.);
#5795 = PLANE('',#5796);
#5796 = AXIS2_PLACEMENT_3D('',#5797,#5798,#5799);
#5797 = CARTESIAN_POINT('',(-0.8,0.165,0.24));
#5798 = DIRECTION('',(-5.20417042793E-15,0.,-1.));
#5799 = DIRECTION('',(-1.,0.,5.20417042793E-15));
#5800 = ADVANCED_FACE('',(#5801),#5807,.T.);
#5801 = FACE_BOUND('',#5802,.T.);
#5802 = EDGE_LOOP('',(#5803,#5804,#5805,#5806));
#5803 = ORIENTED_EDGE('',*,*,#5578,.F.);
#5804 = ORIENTED_EDGE('',*,*,#5540,.T.);
#5805 = ORIENTED_EDGE('',*,*,#5787,.T.);
#5806 = ORIENTED_EDGE('',*,*,#5240,.F.);
#5807 = PLANE('',#5808);
#5808 = AXIS2_PLACEMENT_3D('',#5809,#5810,#5811);
#5809 = CARTESIAN_POINT('',(-0.8,1.5E-02,0.35));
#5810 = DIRECTION('',(-1.282357473624E-30,-1.,-2.464095846558E-16));
#5811 = DIRECTION('',(0.,2.464095846558E-16,-1.));
#5812 = ADVANCED_FACE('',(#5813),#5824,.T.);
#5813 = FACE_BOUND('',#5814,.T.);
#5814 = EDGE_LOOP('',(#5815,#5816,#5817,#5823));
#5815 = ORIENTED_EDGE('',*,*,#5684,.T.);
#5816 = ORIENTED_EDGE('',*,*,#5635,.T.);
#5817 = ORIENTED_EDGE('',*,*,#5818,.F.);
#5818 = EDGE_CURVE('',#5124,#5628,#5819,.T.);
#5819 = LINE('',#5820,#5821);
#5820 = CARTESIAN_POINT('',(-0.8,1.500000000001E-02,-0.24));
#5821 = VECTOR('',#5822,1.);
#5822 = DIRECTION('',(1.,0.,-5.20417042793E-15));
#5823 = ORIENTED_EDGE('',*,*,#5123,.T.);
#5824 = PLANE('',#5825);
#5825 = AXIS2_PLACEMENT_3D('',#5826,#5827,#5828);
#5826 = CARTESIAN_POINT('',(-0.8,1.5E-02,-0.35));
#5827 = DIRECTION('',(3.90798440087E-28,-1.,7.509332092385E-14));
#5828 = DIRECTION('',(0.,-7.509332092385E-14,-1.));
#5829 = ADVANCED_FACE('',(#5830),#5841,.T.);
#5830 = FACE_BOUND('',#5831,.T.);
#5831 = EDGE_LOOP('',(#5832,#5838,#5839,#5840));
#5832 = ORIENTED_EDGE('',*,*,#5833,.T.);
#5833 = EDGE_CURVE('',#5132,#5620,#5834,.T.);
#5834 = LINE('',#5835,#5836);
#5835 = CARTESIAN_POINT('',(-0.8,0.165,-0.24));
#5836 = VECTOR('',#5837,1.);
#5837 = DIRECTION('',(1.,0.,-5.20417042793E-15));
#5838 = ORIENTED_EDGE('',*,*,#5619,.T.);
#5839 = ORIENTED_EDGE('',*,*,#4916,.F.);
#5840 = ORIENTED_EDGE('',*,*,#5139,.T.);
#5841 = PLANE('',#5842);
#5842 = AXIS2_PLACEMENT_3D('',#5843,#5844,#5845);
#5843 = CARTESIAN_POINT('',(-0.8,0.165,-0.35));
#5844 = DIRECTION('',(7.694144841746E-30,1.,1.478457507935E-15));
#5845 = DIRECTION('',(0.,-1.478457507935E-15,1.));
#5846 = ADVANCED_FACE('',(#5847),#5853,.T.);
#5847 = FACE_BOUND('',#5848,.T.);
#5848 = EDGE_LOOP('',(#5849,#5850,#5851,#5852));
#5849 = ORIENTED_EDGE('',*,*,#5818,.T.);
#5850 = ORIENTED_EDGE('',*,*,#5627,.T.);
#5851 = ORIENTED_EDGE('',*,*,#5833,.F.);
#5852 = ORIENTED_EDGE('',*,*,#5131,.T.);
#5853 = PLANE('',#5854);
#5854 = AXIS2_PLACEMENT_3D('',#5855,#5856,#5857);
#5855 = CARTESIAN_POINT('',(-0.8,0.165,-0.24));
#5856 = DIRECTION('',(5.20417042793E-15,3.794707603699E-15,1.));
#5857 = DIRECTION('',(1.,0.,-5.20417042793E-15));
#5858 = ADVANCED_FACE('',(#5859),#5875,.T.);
#5859 = FACE_BOUND('',#5860,.T.);
#5860 = EDGE_LOOP('',(#5861,#5867,#5868,#5874));
#5861 = ORIENTED_EDGE('',*,*,#5862,.F.);
#5862 = EDGE_CURVE('',#5514,#5038,#5863,.T.);
#5863 = LINE('',#5864,#5865);
#5864 = CARTESIAN_POINT('',(-0.8,0.165,-0.24));
#5865 = VECTOR('',#5866,1.);
#5866 = DIRECTION('',(1.,0.,-5.20417042793E-15));
#5867 = ORIENTED_EDGE('',*,*,#5564,.T.);
#5868 = ORIENTED_EDGE('',*,*,#5869,.T.);
#5869 = EDGE_CURVE('',#5557,#5046,#5870,.T.);
#5870 = LINE('',#5871,#5872);
#5871 = CARTESIAN_POINT('',(-0.8,1.500000000001E-02,-0.24));
#5872 = VECTOR('',#5873,1.);
#5873 = DIRECTION('',(1.,0.,-5.20417042793E-15));
#5874 = ORIENTED_EDGE('',*,*,#5045,.F.);
#5875 = PLANE('',#5876);
#5876 = AXIS2_PLACEMENT_3D('',#5877,#5878,#5879);
#5877 = CARTESIAN_POINT('',(-0.8,0.165,-0.24));
#5878 = DIRECTION('',(5.20417042793E-15,3.794707603699E-15,1.));
#5879 = DIRECTION('',(1.,0.,-5.20417042793E-15));
#5880 = ADVANCED_FACE('',(#5881),#5887,.T.);
#5881 = FACE_BOUND('',#5882,.T.);
#5882 = EDGE_LOOP('',(#5883,#5884,#5885,#5886));
#5883 = ORIENTED_EDGE('',*,*,#4876,.F.);
#5884 = ORIENTED_EDGE('',*,*,#5513,.T.);
#5885 = ORIENTED_EDGE('',*,*,#5862,.T.);
#5886 = ORIENTED_EDGE('',*,*,#5037,.F.);
#5887 = PLANE('',#5888);
#5888 = AXIS2_PLACEMENT_3D('',#5889,#5890,#5891);
#5889 = CARTESIAN_POINT('',(-0.8,0.165,-0.35));
#5890 = DIRECTION('',(7.694144841746E-30,1.,1.478457507935E-15));
#5891 = DIRECTION('',(0.,-1.478457507935E-15,1.));
#5892 = ADVANCED_FACE('',(#5893),#5899,.T.);
#5893 = FACE_BOUND('',#5894,.T.);
#5894 = EDGE_LOOP('',(#5895,#5896,#5897,#5898));
#5895 = ORIENTED_EDGE('',*,*,#5869,.F.);
#5896 = ORIENTED_EDGE('',*,*,#5556,.T.);
#5897 = ORIENTED_EDGE('',*,*,#5489,.T.);
#5898 = ORIENTED_EDGE('',*,*,#5053,.F.);
#5899 = PLANE('',#5900);
#5900 = AXIS2_PLACEMENT_3D('',#5901,#5902,#5903);
#5901 = CARTESIAN_POINT('',(-0.8,1.5E-02,-0.35));
#5902 = DIRECTION('',(3.90798440087E-28,-1.,7.509332092385E-14));
#5903 = DIRECTION('',(0.,-7.509332092385E-14,-1.));
#5904 = ADVANCED_FACE('',(#5905),#5916,.F.);
#5905 = FACE_BOUND('',#5906,.T.);
#5906 = EDGE_LOOP('',(#5907,#5908,#5909,#5915));
#5907 = ORIENTED_EDGE('',*,*,#4804,.T.);
#5908 = ORIENTED_EDGE('',*,*,#5429,.F.);
#5909 = ORIENTED_EDGE('',*,*,#5910,.F.);
#5910 = EDGE_CURVE('',#5456,#5420,#5911,.T.);
#5911 = LINE('',#5912,#5913);
#5912 = CARTESIAN_POINT('',(-0.35,1.5E-02,-0.4));
#5913 = VECTOR('',#5914,1.);
#5914 = DIRECTION('',(-0.,-0.,-1.));
#5915 = ORIENTED_EDGE('',*,*,#5455,.T.);
#5916 = PLANE('',#5917);
#5917 = AXIS2_PLACEMENT_3D('',#5918,#5919,#5920);
#5918 = CARTESIAN_POINT('',(-0.35,1.5E-02,-0.4));
#5919 = DIRECTION('',(-1.,0.,0.));
#5920 = DIRECTION('',(0.,0.,1.));
#5921 = ADVANCED_FACE('',(#5922),#5940,.F.);
#5922 = FACE_BOUND('',#5923,.T.);
#5923 = EDGE_LOOP('',(#5924,#5925,#5926,#5934));
#5924 = ORIENTED_EDGE('',*,*,#5333,.T.);
#5925 = ORIENTED_EDGE('',*,*,#5471,.F.);
#5926 = ORIENTED_EDGE('',*,*,#5927,.F.);
#5927 = EDGE_CURVE('',#5928,#5464,#5930,.T.);
#5928 = VERTEX_POINT('',#5929);
#5929 = CARTESIAN_POINT('',(-0.125,1.5E-02,7.5E-02));
#5930 = LINE('',#5931,#5932);
#5931 = CARTESIAN_POINT('',(-0.125,1.5E-02,0.4));
#5932 = VECTOR('',#5933,1.);
#5933 = DIRECTION('',(-2.502005013428E-16,-0.,1.));
#5934 = ORIENTED_EDGE('',*,*,#5935,.T.);
#5935 = EDGE_CURVE('',#5928,#5334,#5936,.T.);
#5936 = LINE('',#5937,#5938);
#5937 = CARTESIAN_POINT('',(-0.125,1.5E-02,7.5E-02));
#5938 = VECTOR('',#5939,1.);
#5939 = DIRECTION('',(-0.,-1.,-0.));
#5940 = PLANE('',#5941);
#5941 = AXIS2_PLACEMENT_3D('',#5942,#5943,#5944);
#5942 = CARTESIAN_POINT('',(-0.125,1.5E-02,0.4));
#5943 = DIRECTION('',(1.,-0.,2.502005013428E-16));
#5944 = DIRECTION('',(2.502005013428E-16,0.,-1.));
#5945 = ADVANCED_FACE('',(#5946),#5964,.F.);
#5946 = FACE_BOUND('',#5947,.T.);
#5947 = EDGE_LOOP('',(#5948,#5949,#5950,#5958));
#5948 = ORIENTED_EDGE('',*,*,#5343,.T.);
#5949 = ORIENTED_EDGE('',*,*,#5935,.F.);
#5950 = ORIENTED_EDGE('',*,*,#5951,.F.);
#5951 = EDGE_CURVE('',#5952,#5928,#5954,.T.);
#5952 = VERTEX_POINT('',#5953);
#5953 = CARTESIAN_POINT('',(0.35,1.5E-02,7.5E-02));
#5954 = LINE('',#5955,#5956);
#5955 = CARTESIAN_POINT('',(-0.125,1.5E-02,7.5E-02));
#5956 = VECTOR('',#5957,1.);
#5957 = DIRECTION('',(-1.,-0.,-0.));
#5958 = ORIENTED_EDGE('',*,*,#5959,.T.);
#5959 = EDGE_CURVE('',#5952,#5344,#5960,.T.);
#5960 = LINE('',#5961,#5962);
#5961 = CARTESIAN_POINT('',(0.35,1.5E-02,7.5E-02));
#5962 = VECTOR('',#5963,1.);
#5963 = DIRECTION('',(-0.,-1.,-0.));
#5964 = PLANE('',#5965);
#5965 = AXIS2_PLACEMENT_3D('',#5966,#5967,#5968);
#5966 = CARTESIAN_POINT('',(-0.125,1.5E-02,7.5E-02));
#5967 = DIRECTION('',(0.,0.,1.));
#5968 = DIRECTION('',(1.,0.,-0.));
#5969 = ADVANCED_FACE('',(#5970),#5988,.F.);
#5970 = FACE_BOUND('',#5971,.T.);
#5971 = EDGE_LOOP('',(#5972,#5973,#5974,#5982));
#5972 = ORIENTED_EDGE('',*,*,#5351,.T.);
#5973 = ORIENTED_EDGE('',*,*,#5959,.F.);
#5974 = ORIENTED_EDGE('',*,*,#5975,.F.);
#5975 = EDGE_CURVE('',#5976,#5952,#5978,.T.);
#5976 = VERTEX_POINT('',#5977);
#5977 = CARTESIAN_POINT('',(0.35,1.5E-02,-7.5E-02));
#5978 = LINE('',#5979,#5980);
#5979 = CARTESIAN_POINT('',(0.35,1.5E-02,7.5E-02));
#5980 = VECTOR('',#5981,1.);
#5981 = DIRECTION('',(-0.,-0.,1.));
#5982 = ORIENTED_EDGE('',*,*,#5983,.T.);
#5983 = EDGE_CURVE('',#5976,#5352,#5984,.T.);
#5984 = LINE('',#5985,#5986);
#5985 = CARTESIAN_POINT('',(0.35,1.5E-02,-7.5E-02));
#5986 = VECTOR('',#5987,1.);
#5987 = DIRECTION('',(-0.,-1.,-0.));
#5988 = PLANE('',#5989);
#5989 = AXIS2_PLACEMENT_3D('',#5990,#5991,#5992);
#5990 = CARTESIAN_POINT('',(0.35,1.5E-02,7.5E-02));
#5991 = DIRECTION('',(1.,-0.,0.));
#5992 = DIRECTION('',(0.,0.,-1.));
#5993 = ADVANCED_FACE('',(#5994),#6012,.F.);
#5994 = FACE_BOUND('',#5995,.T.);
#5995 = EDGE_LOOP('',(#5996,#5997,#5998,#6006));
#5996 = ORIENTED_EDGE('',*,*,#5359,.T.);
#5997 = ORIENTED_EDGE('',*,*,#5983,.F.);
#5998 = ORIENTED_EDGE('',*,*,#5999,.F.);
#5999 = EDGE_CURVE('',#6000,#5976,#6002,.T.);
#6000 = VERTEX_POINT('',#6001);
#6001 = CARTESIAN_POINT('',(-0.125,1.5E-02,-7.5E-02));
#6002 = LINE('',#6003,#6004);
#6003 = CARTESIAN_POINT('',(0.35,1.5E-02,-7.5E-02));
#6004 = VECTOR('',#6005,1.);
#6005 = DIRECTION('',(1.,-0.,-0.));
#6006 = ORIENTED_EDGE('',*,*,#6007,.T.);
#6007 = EDGE_CURVE('',#6000,#5360,#6008,.T.);
#6008 = LINE('',#6009,#6010);
#6009 = CARTESIAN_POINT('',(-0.125,1.5E-02,-7.5E-02));
#6010 = VECTOR('',#6011,1.);
#6011 = DIRECTION('',(-0.,-1.,-0.));
#6012 = PLANE('',#6013);
#6013 = AXIS2_PLACEMENT_3D('',#6014,#6015,#6016);
#6014 = CARTESIAN_POINT('',(0.35,1.5E-02,-7.5E-02));
#6015 = DIRECTION('',(0.,0.,-1.));
#6016 = DIRECTION('',(-1.,0.,-0.));
#6017 = ADVANCED_FACE('',(#6018),#6029,.F.);
#6018 = FACE_BOUND('',#6019,.T.);
#6019 = EDGE_LOOP('',(#6020,#6021,#6022,#6028));
#6020 = ORIENTED_EDGE('',*,*,#5367,.T.);
#6021 = ORIENTED_EDGE('',*,*,#6007,.F.);
#6022 = ORIENTED_EDGE('',*,*,#6023,.F.);
#6023 = EDGE_CURVE('',#5422,#6000,#6024,.T.);
#6024 = LINE('',#6025,#6026);
#6025 = CARTESIAN_POINT('',(-0.125,1.5E-02,-7.5E-02));
#6026 = VECTOR('',#6027,1.);
#6027 = DIRECTION('',(-8.340016711427E-17,-0.,1.));
#6028 = ORIENTED_EDGE('',*,*,#5440,.T.);
#6029 = PLANE('',#6030);
#6030 = AXIS2_PLACEMENT_3D('',#6031,#6032,#6033);
#6031 = CARTESIAN_POINT('',(-0.125,1.5E-02,-7.5E-02));
#6032 = DIRECTION('',(1.,-0.,8.340016711427E-17));
#6033 = DIRECTION('',(8.340016711427E-17,0.,-1.));
#6034 = ADVANCED_FACE('',(#6035),#6045,.F.);
#6035 = FACE_BOUND('',#6036,.T.);
#6036 = EDGE_LOOP('',(#6037,#6038,#6039,#6040,#6041,#6042,#6043,#6044));
#6037 = ORIENTED_EDGE('',*,*,#5910,.T.);
#6038 = ORIENTED_EDGE('',*,*,#5419,.T.);
#6039 = ORIENTED_EDGE('',*,*,#6023,.T.);
#6040 = ORIENTED_EDGE('',*,*,#5999,.T.);
#6041 = ORIENTED_EDGE('',*,*,#5975,.T.);
#6042 = ORIENTED_EDGE('',*,*,#5951,.T.);
#6043 = ORIENTED_EDGE('',*,*,#5927,.T.);
#6044 = ORIENTED_EDGE('',*,*,#5463,.T.);
#6045 = PLANE('',#6046);
#6046 = AXIS2_PLACEMENT_3D('',#6047,#6048,#6049);
#6047 = CARTESIAN_POINT('',(0.,1.5E-02,0.));
#6048 = DIRECTION('',(0.,1.,0.));
#6049 = DIRECTION('',(0.,-0.,1.));
#6050 = ADVANCED_FACE('',(#6051),#6062,.F.);
#6051 = FACE_BOUND('',#6052,.T.);
#6052 = EDGE_LOOP('',(#6053,#6054,#6060,#6061));
#6053 = ORIENTED_EDGE('',*,*,#5280,.T.);
#6054 = ORIENTED_EDGE('',*,*,#6055,.F.);
#6055 = EDGE_CURVE('',#5756,#5271,#6056,.T.);
#6056 = LINE('',#6057,#6058);
#6057 = CARTESIAN_POINT('',(0.6,0.165,0.38));
#6058 = VECTOR('',#6059,1.);
#6059 = DIRECTION('',(-0.,1.,-0.));
#6060 = ORIENTED_EDGE('',*,*,#5755,.F.);
#6061 = ORIENTED_EDGE('',*,*,#4764,.T.);
#6062 = PLANE('',#6063);
#6063 = AXIS2_PLACEMENT_3D('',#6064,#6065,#6066);
#6064 = CARTESIAN_POINT('',(0.6,0.165,0.35));
#6065 = DIRECTION('',(-1.,0.,0.));
#6066 = DIRECTION('',(0.,0.,1.));
#6067 = ADVANCED_FACE('',(#6068),#6079,.F.);
#6068 = FACE_BOUND('',#6069,.T.);
#6069 = EDGE_LOOP('',(#6070,#6071,#6072,#6073));
#6070 = ORIENTED_EDGE('',*,*,#5319,.T.);
#6071 = ORIENTED_EDGE('',*,*,#4956,.F.);
#6072 = ORIENTED_EDGE('',*,*,#5771,.F.);
#6073 = ORIENTED_EDGE('',*,*,#6074,.T.);
#6074 = EDGE_CURVE('',#5764,#5273,#6075,.T.);
#6075 = LINE('',#6076,#6077);
#6076 = CARTESIAN_POINT('',(0.68,0.165,0.38));
#6077 = VECTOR('',#6078,1.);
#6078 = DIRECTION('',(-0.,1.,-0.));
#6079 = PLANE('',#6080);
#6080 = AXIS2_PLACEMENT_3D('',#6081,#6082,#6083);
#6081 = CARTESIAN_POINT('',(0.68,0.165,0.35));
#6082 = DIRECTION('',(1.,0.,-0.));
#6083 = DIRECTION('',(-0.,0.,-1.));
#6084 = ADVANCED_FACE('',(#6085),#6091,.F.);
#6085 = FACE_BOUND('',#6086,.T.);
#6086 = EDGE_LOOP('',(#6087,#6088,#6089,#6090));
#6087 = ORIENTED_EDGE('',*,*,#5270,.T.);
#6088 = ORIENTED_EDGE('',*,*,#6074,.F.);
#6089 = ORIENTED_EDGE('',*,*,#5763,.F.);
#6090 = ORIENTED_EDGE('',*,*,#6055,.T.);
#6091 = PLANE('',#6092);
#6092 = AXIS2_PLACEMENT_3D('',#6093,#6094,#6095);
#6093 = CARTESIAN_POINT('',(0.6,0.165,0.38));
#6094 = DIRECTION('',(-0.,0.,1.));
#6095 = DIRECTION('',(1.,0.,0.));
#6096 = MANIFOLD_SOLID_BREP('',#6097);
#6097 = CLOSED_SHELL('',(#6098,#6138,#6169,#6200,#6222,#6234));
#6098 = ADVANCED_FACE('',(#6099),#6133,.T.);
#6099 = FACE_BOUND('',#6100,.T.);
#6100 = EDGE_LOOP('',(#6101,#6111,#6119,#6127));
#6101 = ORIENTED_EDGE('',*,*,#6102,.F.);
#6102 = EDGE_CURVE('',#6103,#6105,#6107,.T.);
#6103 = VERTEX_POINT('',#6104);
#6104 = CARTESIAN_POINT('',(0.6,0.18,0.35));
#6105 = VERTEX_POINT('',#6106);
#6106 = CARTESIAN_POINT('',(0.6,0.18,0.38));
#6107 = LINE('',#6108,#6109);
#6108 = CARTESIAN_POINT('',(0.6,0.18,0.35));
#6109 = VECTOR('',#6110,1.);
#6110 = DIRECTION('',(0.,0.,1.));
#6111 = ORIENTED_EDGE('',*,*,#6112,.F.);
#6112 = EDGE_CURVE('',#6113,#6103,#6115,.T.);
#6113 = VERTEX_POINT('',#6114);
#6114 = CARTESIAN_POINT('',(0.6,0.165,0.35));
#6115 = LINE('',#6116,#6117);
#6116 = CARTESIAN_POINT('',(0.6,0.165,0.35));
#6117 = VECTOR('',#6118,1.);
#6118 = DIRECTION('',(0.,1.,0.));
#6119 = ORIENTED_EDGE('',*,*,#6120,.T.);
#6120 = EDGE_CURVE('',#6113,#6121,#6123,.T.);
#6121 = VERTEX_POINT('',#6122);
#6122 = CARTESIAN_POINT('',(0.6,0.165,0.38));
#6123 = LINE('',#6124,#6125);
#6124 = CARTESIAN_POINT('',(0.6,0.165,0.35));
#6125 = VECTOR('',#6126,1.);
#6126 = DIRECTION('',(0.,0.,1.));
#6127 = ORIENTED_EDGE('',*,*,#6128,.T.);
#6128 = EDGE_CURVE('',#6121,#6105,#6129,.T.);
#6129 = LINE('',#6130,#6131);
#6130 = CARTESIAN_POINT('',(0.6,0.165,0.38));
#6131 = VECTOR('',#6132,1.);
#6132 = DIRECTION('',(0.,1.,0.));
#6133 = PLANE('',#6134);
#6134 = AXIS2_PLACEMENT_3D('',#6135,#6136,#6137);
#6135 = CARTESIAN_POINT('',(0.6,0.165,0.35));
#6136 = DIRECTION('',(-1.,0.,0.));
#6137 = DIRECTION('',(0.,0.,1.));
#6138 = ADVANCED_FACE('',(#6139),#6164,.T.);
#6139 = FACE_BOUND('',#6140,.T.);
#6140 = EDGE_LOOP('',(#6141,#6149,#6157,#6163));
#6141 = ORIENTED_EDGE('',*,*,#6142,.F.);
#6142 = EDGE_CURVE('',#6143,#6103,#6145,.T.);
#6143 = VERTEX_POINT('',#6144);
#6144 = CARTESIAN_POINT('',(0.68,0.18,0.35));
#6145 = LINE('',#6146,#6147);
#6146 = CARTESIAN_POINT('',(0.6,0.18,0.35));
#6147 = VECTOR('',#6148,1.);
#6148 = DIRECTION('',(-1.,-0.,-0.));
#6149 = ORIENTED_EDGE('',*,*,#6150,.F.);
#6150 = EDGE_CURVE('',#6151,#6143,#6153,.T.);
#6151 = VERTEX_POINT('',#6152);
#6152 = CARTESIAN_POINT('',(0.68,0.165,0.35));
#6153 = LINE('',#6154,#6155);
#6154 = CARTESIAN_POINT('',(0.68,0.165,0.35));
#6155 = VECTOR('',#6156,1.);
#6156 = DIRECTION('',(0.,1.,0.));
#6157 = ORIENTED_EDGE('',*,*,#6158,.T.);
#6158 = EDGE_CURVE('',#6151,#6113,#6159,.T.);
#6159 = LINE('',#6160,#6161);
#6160 = CARTESIAN_POINT('',(0.6,0.165,0.35));
#6161 = VECTOR('',#6162,1.);
#6162 = DIRECTION('',(-1.,-0.,-0.));
#6163 = ORIENTED_EDGE('',*,*,#6112,.T.);
#6164 = PLANE('',#6165);
#6165 = AXIS2_PLACEMENT_3D('',#6166,#6167,#6168);
#6166 = CARTESIAN_POINT('',(0.6,0.165,0.35));
#6167 = DIRECTION('',(0.,0.,-1.));
#6168 = DIRECTION('',(-1.,0.,-0.));
#6169 = ADVANCED_FACE('',(#6170),#6195,.T.);
#6170 = FACE_BOUND('',#6171,.T.);
#6171 = EDGE_LOOP('',(#6172,#6180,#6188,#6194));
#6172 = ORIENTED_EDGE('',*,*,#6173,.F.);
#6173 = EDGE_CURVE('',#6174,#6143,#6176,.T.);
#6174 = VERTEX_POINT('',#6175);
#6175 = CARTESIAN_POINT('',(0.68,0.18,0.38));
#6176 = LINE('',#6177,#6178);
#6177 = CARTESIAN_POINT('',(0.68,0.18,0.35));
#6178 = VECTOR('',#6179,1.);
#6179 = DIRECTION('',(-0.,-0.,-1.));
#6180 = ORIENTED_EDGE('',*,*,#6181,.F.);
#6181 = EDGE_CURVE('',#6182,#6174,#6184,.T.);
#6182 = VERTEX_POINT('',#6183);
#6183 = CARTESIAN_POINT('',(0.68,0.165,0.38));
#6184 = LINE('',#6185,#6186);
#6185 = CARTESIAN_POINT('',(0.68,0.165,0.38));
#6186 = VECTOR('',#6187,1.);
#6187 = DIRECTION('',(0.,1.,0.));
#6188 = ORIENTED_EDGE('',*,*,#6189,.T.);
#6189 = EDGE_CURVE('',#6182,#6151,#6190,.T.);
#6190 = LINE('',#6191,#6192);
#6191 = CARTESIAN_POINT('',(0.68,0.165,0.35));
#6192 = VECTOR('',#6193,1.);
#6193 = DIRECTION('',(-0.,-0.,-1.));
#6194 = ORIENTED_EDGE('',*,*,#6150,.T.);
#6195 = PLANE('',#6196);
#6196 = AXIS2_PLACEMENT_3D('',#6197,#6198,#6199);
#6197 = CARTESIAN_POINT('',(0.68,0.165,0.35));
#6198 = DIRECTION('',(1.,0.,0.));
#6199 = DIRECTION('',(0.,0.,-1.));
#6200 = ADVANCED_FACE('',(#6201),#6217,.T.);
#6201 = FACE_BOUND('',#6202,.T.);
#6202 = EDGE_LOOP('',(#6203,#6209,#6210,#6216));
#6203 = ORIENTED_EDGE('',*,*,#6204,.F.);
#6204 = EDGE_CURVE('',#6105,#6174,#6205,.T.);
#6205 = LINE('',#6206,#6207);
#6206 = CARTESIAN_POINT('',(0.6,0.18,0.38));
#6207 = VECTOR('',#6208,1.);
#6208 = DIRECTION('',(1.,0.,0.));
#6209 = ORIENTED_EDGE('',*,*,#6128,.F.);
#6210 = ORIENTED_EDGE('',*,*,#6211,.T.);
#6211 = EDGE_CURVE('',#6121,#6182,#6212,.T.);
#6212 = LINE('',#6213,#6214);
#6213 = CARTESIAN_POINT('',(0.6,0.165,0.38));
#6214 = VECTOR('',#6215,1.);
#6215 = DIRECTION('',(1.,0.,0.));
#6216 = ORIENTED_EDGE('',*,*,#6181,.T.);
#6217 = PLANE('',#6218);
#6218 = AXIS2_PLACEMENT_3D('',#6219,#6220,#6221);
#6219 = CARTESIAN_POINT('',(0.6,0.165,0.38));
#6220 = DIRECTION('',(0.,0.,1.));
#6221 = DIRECTION('',(1.,0.,-0.));
#6222 = ADVANCED_FACE('',(#6223),#6229,.F.);
#6223 = FACE_BOUND('',#6224,.T.);
#6224 = EDGE_LOOP('',(#6225,#6226,#6227,#6228));
#6225 = ORIENTED_EDGE('',*,*,#6120,.F.);
#6226 = ORIENTED_EDGE('',*,*,#6158,.F.);
#6227 = ORIENTED_EDGE('',*,*,#6189,.F.);
#6228 = ORIENTED_EDGE('',*,*,#6211,.F.);
#6229 = PLANE('',#6230);
#6230 = AXIS2_PLACEMENT_3D('',#6231,#6232,#6233);
#6231 = CARTESIAN_POINT('',(0.,0.165,0.));
#6232 = DIRECTION('',(0.,1.,0.));
#6233 = DIRECTION('',(0.,-0.,1.));
#6234 = ADVANCED_FACE('',(#6235),#6241,.T.);
#6235 = FACE_BOUND('',#6236,.T.);
#6236 = EDGE_LOOP('',(#6237,#6238,#6239,#6240));
#6237 = ORIENTED_EDGE('',*,*,#6102,.T.);
#6238 = ORIENTED_EDGE('',*,*,#6204,.T.);
#6239 = ORIENTED_EDGE('',*,*,#6173,.T.);
#6240 = ORIENTED_EDGE('',*,*,#6142,.T.);
#6241 = PLANE('',#6242);
#6242 = AXIS2_PLACEMENT_3D('',#6243,#6244,#6245);
#6243 = CARTESIAN_POINT('',(0.,0.18,0.));
#6244 = DIRECTION('',(0.,1.,0.));
#6245 = DIRECTION('',(0.,-0.,1.));
#6246 = ( GEOMETRIC_REPRESENTATION_CONTEXT(3) 
GLOBAL_UNCERTAINTY_ASSIGNED_CONTEXT((#6250)) 
GLOBAL_UNIT_ASSIGNED_CONTEXT((#6247,#6248,#6249)) REPRESENTATION_CONTEXT
('Context #1','3D Context with UNIT and UNCERTAINTY') );
#6247 = ( LENGTH_UNIT() NAMED_UNIT(*) SI_UNIT(.MILLI.,.METRE.) );
#6248 = ( NAMED_UNIT(*) PLANE_ANGLE_UNIT() SI_UNIT($,.RADIAN.) );
#6249 = ( NAMED_UNIT(*) SI_UNIT($,.STERADIAN.) SOLID_ANGLE_UNIT() );
#6250 = UNCERTAINTY_MEASURE_WITH_UNIT(LENGTH_MEASURE(1.E-07),#6247,
  'distance_accuracy_value','confusion accuracy');
#6251 = SHAPE_DEFINITION_REPRESENTATION(#6252,#3361);
#6252 = PRODUCT_DEFINITION_SHAPE('','',#6253);
#6253 = PRODUCT_DEFINITION('design','',#6254,#6257);
#6254 = PRODUCT_DEFINITION_FORMATION('','',#6255);
#6255 = PRODUCT('LSM0603453V--3DModel-STEP-269445',
  'LSM0603453V--3DModel-STEP-269445','',(#6256));
#6256 = PRODUCT_CONTEXT('',#2,'mechanical');
#6257 = PRODUCT_DEFINITION_CONTEXT('part definition',#2,'design');
#6258 = CONTEXT_DEPENDENT_SHAPE_REPRESENTATION(#6259,#6261);
#6259 = ( REPRESENTATION_RELATIONSHIP('','',#3361,#3351) 
REPRESENTATION_RELATIONSHIP_WITH_TRANSFORMATION(#6260) 
SHAPE_REPRESENTATION_RELATIONSHIP() );
#6260 = ITEM_DEFINED_TRANSFORMATION('','',#11,#3352);
#6261 = PRODUCT_DEFINITION_SHAPE('Placement','Placement of an item',
  #6262);
#6262 = NEXT_ASSEMBLY_USAGE_OCCURRENCE('9','','',#3346,#6253,$);
#6263 = PRODUCT_RELATED_PRODUCT_CATEGORY('part',$,(#6255));
#6264 = CONTEXT_DEPENDENT_SHAPE_REPRESENTATION(#6265,#6267);
#6265 = ( REPRESENTATION_RELATIONSHIP('','',#3351,#10) 
REPRESENTATION_RELATIONSHIP_WITH_TRANSFORMATION(#6266) 
SHAPE_REPRESENTATION_RELATIONSHIP() );
#6266 = ITEM_DEFINED_TRANSFORMATION('','',#11,#31);
#6267 = PRODUCT_DEFINITION_SHAPE('Placement','Placement of an item',
  #6268);
#6268 = NEXT_ASSEMBLY_USAGE_OCCURRENCE('10','','',#5,#3346,$);
#6269 = PRODUCT_RELATED_PRODUCT_CATEGORY('part',$,(#3348));
#6270 = SHAPE_DEFINITION_REPRESENTATION(#6271,#6277);
#6271 = PRODUCT_DEFINITION_SHAPE('','',#6272);
#6272 = PRODUCT_DEFINITION('design','',#6273,#6276);
#6273 = PRODUCT_DEFINITION_FORMATION('','',#6274);
#6274 = PRODUCT('D1','D1','',(#6275));
#6275 = PRODUCT_CONTEXT('',#2,'mechanical');
#6276 = PRODUCT_DEFINITION_CONTEXT('part definition',#2,'design');
#6277 = SHAPE_REPRESENTATION('',(#11,#6278),#6282);
#6278 = AXIS2_PLACEMENT_3D('',#6279,#6280,#6281);
#6279 = CARTESIAN_POINT('',(5.699996908242,2.000001107349,
    1.269999984652E-02));
#6280 = DIRECTION('',(-8.742277657348E-08,1.,-4.371138828674E-08));
#6281 = DIRECTION('',(-1.,-8.742277657348E-08,0.));
#6282 = ( GEOMETRIC_REPRESENTATION_CONTEXT(3) 
GLOBAL_UNCERTAINTY_ASSIGNED_CONTEXT((#6286)) 
GLOBAL_UNIT_ASSIGNED_CONTEXT((#6283,#6284,#6285)) REPRESENTATION_CONTEXT
('Context #1','3D Context with UNIT and UNCERTAINTY') );
#6283 = ( LENGTH_UNIT() NAMED_UNIT(*) SI_UNIT(.MILLI.,.METRE.) );
#6284 = ( NAMED_UNIT(*) PLANE_ANGLE_UNIT() SI_UNIT($,.RADIAN.) );
#6285 = ( NAMED_UNIT(*) SI_UNIT($,.STERADIAN.) SOLID_ANGLE_UNIT() );
#6286 = UNCERTAINTY_MEASURE_WITH_UNIT(LENGTH_MEASURE(1.E-07),#6283,
  'distance_accuracy_value','confusion accuracy');
#6287 = CONTEXT_DEPENDENT_SHAPE_REPRESENTATION(#6288,#6290);
#6288 = ( REPRESENTATION_RELATIONSHIP('','',#3361,#6277) 
REPRESENTATION_RELATIONSHIP_WITH_TRANSFORMATION(#6289) 
SHAPE_REPRESENTATION_RELATIONSHIP() );
#6289 = ITEM_DEFINED_TRANSFORMATION('','',#11,#6278);
#6290 = PRODUCT_DEFINITION_SHAPE('Placement','Placement of an item',
  #6291);
#6291 = NEXT_ASSEMBLY_USAGE_OCCURRENCE('11','','',#6272,#6253,$);
#6292 = CONTEXT_DEPENDENT_SHAPE_REPRESENTATION(#6293,#6295);
#6293 = ( REPRESENTATION_RELATIONSHIP('','',#6277,#10) 
REPRESENTATION_RELATIONSHIP_WITH_TRANSFORMATION(#6294) 
SHAPE_REPRESENTATION_RELATIONSHIP() );
#6294 = ITEM_DEFINED_TRANSFORMATION('','',#11,#35);
#6295 = PRODUCT_DEFINITION_SHAPE('Placement','Placement of an item',
  #6296);
#6296 = NEXT_ASSEMBLY_USAGE_OCCURRENCE('12','','',#5,#6272,$);
#6297 = PRODUCT_RELATED_PRODUCT_CATEGORY('part',$,(#6274));
#6298 = PRESENTATION_LAYER_ASSIGNMENT('','visible',(#1453,#1455,#1495,
    #1590,#1621,#1645,#1703,#1734,#1758,#1816,#1913,#1964,#1976,#2016,
    #2047,#2078,#2109,#2133,#2157,#2181,#2307,#2372,#2396,#2420,#2444,
    #2502,#2519,#2536,#2553,#2570,#2587,#2601,#2613,#2644,#2675,#2706,
    #2737,#2761,#2778,#2802,#2826,#2850,#2867,#2884,#2896,#2913,#2944,
    #2975,#2992,#3009,#3021,#3045,#3069,#3086,#3103,#3115,#3132,#3163,
    #3194,#3211,#3228,#3240,#3262,#3279,#3296,#3308,#1459,#1469,#1477,
    #1485,#1499,#1509,#1517,#1525,#1533,#1541,#1548,#1556,#1564,#1572,
    #1580,#1594,#1602,#1610,#1625,#1635,#1651,#1659,#1667,#1677,#1685,
    #1693,#1707,#1715,#1723,#1739,#1747,#1762,#1770,#1780,#1790,#1798,
    #1806,#1822,#1832,#1840,#1848,#1856,#1864,#1872,#1880,#1888,#1895,
    #1903,#1918,#1928,#1938,#1946,#1954,#1980,#1990,#1998,#2006,#2020,
    #2030,#2037,#2051,#2061,#2068,#2082,#2091,#2099,#2114,#2122,#2138,
    #2146,#2161,#2171,#2185,#2196,#2203,#2211,#2219,#2229,#2237,#2245,
    #2255,#2263,#2271,#2281,#2289,#2297,#2311,#2321,#2330,#2338,#2346,
    #2354,#2362,#2378,#2386,#2401,#2409,#2426,#2434,#2449,#2457,#2465,
    #2473,#2481,#2489,#2507,#2526,#2543,#2560,#2577,#2617,#2627,#2634,
    #2648,#2658,#2665,#2679,#2689,#2696,#2710,#2719,#2727,#2742,#2750,
    #2766,#2782,#2792,#2806,#2814,#2830,#2840,#2855,#2871,#2900,#2917,
    #2927,#2934,#2949,#2957,#2965,#2980,#2999,#3025,#3035,#3049,#3057,
    #3074,#3092,#3119,#3136,#3146,#3153,#3167,#3175,#3183,#3201,#3218,
    #3245,#3252,#3269,#3286,#1460,#1462,#1470,#1478,#1500,#1502,#1510,
    #1518,#1526,#1534,#1549,#1557,#1565,#1573,#1595,#1603,#1626,#1652,
    #1668,#1670,#1678,#1686,#1708,#1716,#1740,#1763,#1781,#1783,#1791,
    #1799,#1833,#1841,#1849,#1857,#1865,#1873,#1881,#1896,#1929,#1931,
    #1939,#1947,#1981,#1983,#1991,#1999,#2021,#2023,#2052,#2054,#2083,
    #2092,#2115,#2139,#2162,#2186,#2204,#2220,#2222,#2230,#2238,#2256,
    #2272,#2274,#2282,#2290,#2312,#2322,#2331,#2339,#2347,#2355,#2379,
    #2402,#2427,#2450,#2458,#2466,#2474,#2482,#2618,#2620,#2649,#2651,
    #2680,#2682,#2711,#2720,#2743,#2783,#2807,#2831,#2918,#2920,#2950,
    #2958,#3026,#3050,#3137,#3139,#3168,#3176));
#6299 = MECHANICAL_DESIGN_GEOMETRIC_PRESENTATION_REPRESENTATION('',(
    #6300),#3320);
#6300 = STYLED_ITEM('color',(#6301),#1453);
#6301 = PRESENTATION_STYLE_ASSIGNMENT((#6302));
#6302 = SURFACE_STYLE_USAGE(.BOTH.,#6303);
#6303 = SURFACE_SIDE_STYLE('',(#6304));
#6304 = SURFACE_STYLE_FILL_AREA(#6305);
#6305 = FILL_AREA_STYLE('',(#6306));
#6306 = FILL_AREA_STYLE_COLOUR('',#6307);
#6307 = COLOUR_RGB('',0.749019635948,0.749019635948,0.749019635948);
#6308 = MECHANICAL_DESIGN_GEOMETRIC_PRESENTATION_REPRESENTATION('',(
    #6309,#6317,#6325,#6333),#1383);
#6309 = STYLED_ITEM('color',(#6310),#255);
#6310 = PRESENTATION_STYLE_ASSIGNMENT((#6311));
#6311 = SURFACE_STYLE_USAGE(.BOTH.,#6312);
#6312 = SURFACE_SIDE_STYLE('',(#6313));
#6313 = SURFACE_STYLE_FILL_AREA(#6314);
#6314 = FILL_AREA_STYLE('',(#6315));
#6315 = FILL_AREA_STYLE_COLOUR('',#6316);
#6316 = DRAUGHTING_PRE_DEFINED_COLOUR('white');
#6317 = STYLED_ITEM('color',(#6318),#405);
#6318 = PRESENTATION_STYLE_ASSIGNMENT((#6319));
#6319 = SURFACE_STYLE_USAGE(.BOTH.,#6320);
#6320 = SURFACE_SIDE_STYLE('',(#6321));
#6321 = SURFACE_STYLE_FILL_AREA(#6322);
#6322 = FILL_AREA_STYLE('',(#6323));
#6323 = FILL_AREA_STYLE_COLOUR('',#6324);
#6324 = COLOUR_RGB('',0.250980388104,0.250980388104,0.250980388104);
#6325 = STYLED_ITEM('color',(#6326),#555);
#6326 = PRESENTATION_STYLE_ASSIGNMENT((#6327));
#6327 = SURFACE_STYLE_USAGE(.BOTH.,#6328);
#6328 = SURFACE_SIDE_STYLE('',(#6329));
#6329 = SURFACE_STYLE_FILL_AREA(#6330);
#6330 = FILL_AREA_STYLE('',(#6331));
#6331 = FILL_AREA_STYLE_COLOUR('',#6332);
#6332 = COLOUR_RGB('',0.792156867455,0.819607826924,0.933333342953);
#6333 = STYLED_ITEM('color',(#6334),#969);
#6334 = PRESENTATION_STYLE_ASSIGNMENT((#6335));
#6335 = SURFACE_STYLE_USAGE(.BOTH.,#6336);
#6336 = SURFACE_SIDE_STYLE('',(#6337));
#6337 = SURFACE_STYLE_FILL_AREA(#6338);
#6338 = FILL_AREA_STYLE('',(#6339));
#6339 = FILL_AREA_STYLE_COLOUR('',#6332);
#6340 = MECHANICAL_DESIGN_GEOMETRIC_PRESENTATION_REPRESENTATION('',(
    #6341,#6348,#6356,#6363,#6371,#6379),#6246);
#6341 = STYLED_ITEM('color',(#6342),#3362);
#6342 = PRESENTATION_STYLE_ASSIGNMENT((#6343));
#6343 = SURFACE_STYLE_USAGE(.BOTH.,#6344);
#6344 = SURFACE_SIDE_STYLE('',(#6345));
#6345 = SURFACE_STYLE_FILL_AREA(#6346);
#6346 = FILL_AREA_STYLE('',(#6347));
#6347 = FILL_AREA_STYLE_COLOUR('',#6316);
#6348 = STYLED_ITEM('color',(#6349),#3512);
#6349 = PRESENTATION_STYLE_ASSIGNMENT((#6350));
#6350 = SURFACE_STYLE_USAGE(.BOTH.,#6351);
#6351 = SURFACE_SIDE_STYLE('',(#6352));
#6352 = SURFACE_STYLE_FILL_AREA(#6353);
#6353 = FILL_AREA_STYLE('',(#6354));
#6354 = FILL_AREA_STYLE_COLOUR('',#6355);
#6355 = COLOUR_RGB('',1.,0.811764696686,0.501960785193);
#6356 = STYLED_ITEM('color',(#6357),#3994);
#6357 = PRESENTATION_STYLE_ASSIGNMENT((#6358));
#6358 = SURFACE_STYLE_USAGE(.BOTH.,#6359);
#6359 = SURFACE_SIDE_STYLE('',(#6360));
#6360 = SURFACE_STYLE_FILL_AREA(#6361);
#6361 = FILL_AREA_STYLE('',(#6362));
#6362 = FILL_AREA_STYLE_COLOUR('',#6355);
#6363 = STYLED_ITEM('color',(#6364),#4476);
#6364 = PRESENTATION_STYLE_ASSIGNMENT((#6365));
#6365 = SURFACE_STYLE_USAGE(.BOTH.,#6366);
#6366 = SURFACE_SIDE_STYLE('',(#6367));
#6367 = SURFACE_STYLE_FILL_AREA(#6368);
#6368 = FILL_AREA_STYLE('',(#6369));
#6369 = FILL_AREA_STYLE_COLOUR('',#6370);
#6370 = COLOUR_RGB('',0.,0.501960785193,0.);
#6371 = STYLED_ITEM('color',(#6372),#4758);
#6372 = PRESENTATION_STYLE_ASSIGNMENT((#6373));
#6373 = SURFACE_STYLE_USAGE(.BOTH.,#6374);
#6374 = SURFACE_SIDE_STYLE('',(#6375));
#6375 = SURFACE_STYLE_FILL_AREA(#6376);
#6376 = FILL_AREA_STYLE('',(#6377));
#6377 = FILL_AREA_STYLE_COLOUR('',#6378);
#6378 = COLOUR_RGB('',0.752941164258,0.752941164258,0.752941164258);
#6379 = STYLED_ITEM('color',(#6380),#6096);
#6380 = PRESENTATION_STYLE_ASSIGNMENT((#6381));
#6381 = SURFACE_STYLE_USAGE(.BOTH.,#6382);
#6382 = SURFACE_SIDE_STYLE('',(#6383));
#6383 = SURFACE_STYLE_FILL_AREA(#6384);
#6384 = FILL_AREA_STYLE('',(#6385));
#6385 = FILL_AREA_STYLE_COLOUR('',#6370);
#6386 = MECHANICAL_DESIGN_GEOMETRIC_PRESENTATION_REPRESENTATION('',(
    #6387),#213);
#6387 = STYLED_ITEM('color',(#6388),#63);
#6388 = PRESENTATION_STYLE_ASSIGNMENT((#6389,#6394));
#6389 = SURFACE_STYLE_USAGE(.BOTH.,#6390);
#6390 = SURFACE_SIDE_STYLE('',(#6391));
#6391 = SURFACE_STYLE_FILL_AREA(#6392);
#6392 = FILL_AREA_STYLE('',(#6393));
#6393 = FILL_AREA_STYLE_COLOUR('',#6370);
#6394 = CURVE_STYLE('',#6395,POSITIVE_LENGTH_MEASURE(0.1),#6370);
#6395 = DRAUGHTING_PRE_DEFINED_CURVE_FONT('continuous');
ENDSEC;
END-ISO-10303-21;
